OBJECTID,RSPB_Reference,County,Country,Incident_Type,Month,Year,Grid_Square,Details,More_info here,GlobalID
4249,87794,Lincolnshire,England,Trapping,January,2007,SK97,Species involved: Sparrowhawk x1,No Link,812bf13c-215a-4554-9510-643588254ae4
4250,87895,Cleveland,England,Shooting,February,2007,NZ41,Species involved: Sparrowhawk x1,No Link,a71c9a2d-6ccb-45fe-ba4d-a9dc831ede6a
4251,88231,Midlothian,Scotland,Shooting,March,2007,NT25,Species involved: Buzzard x1,No Link,bc5f2a8b-e978-408f-be95-ca8d686a951c
4252,88232,Scottish Borders,Scotland,Trapping,March,2007,NT71,Species targeted: Birds of Prey,No Link,ffa7e1a6-d314-43ae-8492-0369d5e60bb9
4253,88254,Scottish Borders,Scotland,Poisoning,April,2007,NT64,Species involved: Buzzard x1. Tested positive for: Carbofuran,No Link,f70f9010-54f0-4b91-985c-01d7f12b4011
4254,88258,South Lanarkshire,Scotland,Poisoning,March,2007,NS81,Species involved: Buzzard x1. Tested positive for: Carbofuran,No Link,b293caac-5699-4e20-89f7-0a778b077cd0
4255,88295,South Lanarkshire,Scotland,Poisoning,April,2007,NS81,Species involved: Red Kite x1. Tested positive for: Carbofuran,No Link,44b112f1-c9a4-4254-bd43-927e99b39d26
4256,88299,Stirling,Scotland,Poisoning,May,2007,NS78,Species Involved: Peregrine Falcon x1; poison bait (Pigeon Bait (Species Unknown) x1). Tested positive for: Malathion,No Link,8455d64a-5169-4c8e-9e5d-05cef45b00fe
4257,88321,Highland,Scotland,Trapping,May,2007,NJ02,Species targeted: Birds of Prey,No Link,52866a1e-b4bb-42b1-9b99-a868e6fdd7a6
4258,88330,Fife,Scotland,Shooting,March,2007,NT28,Species involved: Peregrine Falcon x1,No Link,ceaf41d5-9b28-49ad-9edb-ea9d7eb4f1c8
4259,88350,Cumbria,England,Shooting,April,2007,NY71,Species involved: Buzzard x2,No Link,77627773-cce7-4d9c-a8c8-d3c77eee1ed1
4260,88370,Aberdeenshire,Scotland,Trapping,April,2007,NJ93,"Species involved: Buzzard x1, Carrion Crow x1",No Link,7f010fde-4a2f-49db-ac63-bdc48df71080
4261,88371,Highland,Scotland,Poisoning,April,2007,NH84,Species involved: Red Kite x1. Tested positive for: Carbofuran,No Link,7674c151-161c-4d90-ade2-3a9f7595c941
4262,88375,North Yorkshire,England,Poisoning,March,2007,NZ00,Species Involved: Buzzard x1; poison bait (Rabbit Bait x1). Tested positive for: Alphachloralose,No Link,7a7badde-00af-453b-8356-e6ba7fdb419e
4263,88378,Highland,Scotland,Poisoning,March,2007,NH51,Species targeted: Birds of Prey. Species involved: poison bait (Hare Bait x2). Tested positive for: Mevinphos/Phosdrin,No Link,c4c658b4-b8c3-4139-a705-9bbd828ba1ac
4264,88389,Scottish Borders,Scotland,Poisoning,January,2007,NT34,"Species involved: Buzzard x1, Raven x1. Tested positive for: Carbofuran",No Link,f04cbb90-f9fc-4adb-addb-e9a168061bd6
4265,88393,North Yorkshire,England,Persecution (Other),May,2007,SE07,"Species targeted: Birds of Prey, Bird, Non-bird. Possession of: Alphachloralose",No Link,079f8f7e-3692-46fa-b89c-5fde773bab86
4266,88397,Edinburgh City,Scotland,Nest Destruction,June,2007,NT16,Species involved: Peregrine Falcon x3 nest,No Link,8ba0c8a4-e15e-426a-9caa-1c492d971b4d
4267,88399,Highland,Scotland,Poisoning,June,2007,NJ02,"Species Involved: Buzzard x1; poison bait (Hare Bait x2, Rabbit Bait x3). Tested positive for: Carbofuran",No Link,a3743139-bcfa-42b5-9d9c-dd5c7175d994
4268,88402,North Yorkshire,England,Trapping,May,2007,NZ40,Species targeted: Birds of Prey,No Link,8f139c45-c96e-4b3f-ac69-83459e2ef8b6
4269,88403,North Yorkshire,England,Trapping,May,2007,NZ50,Species targeted: Birds of Prey,No Link,80a0ba4f-2512-48a9-8f08-8e46ba84560c
4270,88404,North Yorkshire,England,Trapping,May,2007,SE59,Species targeted: Birds of Prey,No Link,5f9005ec-6103-4e93-8a6d-06dea9df9933
4271,88412,Highland,Scotland,Poisoning,May,2007,NH62,Species involved: Red Kite x1. Tested positive for: Carbofuran,No Link,fc087a85-adbe-476f-978a-087d8b2d523e
4272,88417,North Yorkshire,England,Trapping,May,2007,SE59,Species targeted: Birds of Prey,No Link,1353f5c7-68dc-49ee-bccc-b5540c8a19d1
4273,88418,North Yorkshire,England,Trapping,May,2007,SE59,Species targeted: Birds of Prey,No Link,c1102ff1-fd0e-4603-9786-d796089c20f6
4274,88419,North Yorkshire,England,Trapping,May,2007,SE59,Species targeted: Birds of Prey,No Link,5ee67c18-b3bd-4a76-9a5d-c5d2dce482dd
4275,88420,North Yorkshire,England,Trapping,May,2007,SE59,Species involved: Sparrowhawk x1,No Link,4970bdaf-bd98-4991-a58d-ec58da9b7496
4276,88429,North Yorkshire,England,Poisoning,February,2007,SE68,Species involved: Peregrine Falcon x1. Tested positive for: Carbofuran,No Link,f78894be-4bf6-4ea6-a414-a41dcd65acee
4277,88432,Perth and Kinross,Scotland,Poisoning,June,2007,NN93,Species involved: Red Kite x1. Tested positive for: Carbofuran,No Link,25a5aa31-f78d-428c-8b60-d84edd4956ea
4278,88471,Northumberland,England,Persecution (Other),June,2007,NU04,"Species targeted: Birds of Prey, Corvidae, Non-bird. Possession of: Carbofuran",No Link,860b1230-6e99-45e0-b7cb-647868754f22
4279,88472,West Yorkshire,England,Nest Destruction,April,2007,SE00,Species targeted: Peregrine Falcon nest,No Link,8700fb7f-5d12-4b89-b9f9-5a0824279f6c
4280,88499,Highland,Scotland,Poisoning,June,2007,NJ02,Species Involved: Buzzard x1; poison bait (Rabbit Bait x1). Tested positive for: Carbofuran,No Link,10c7bada-81d4-4e3a-8fec-467981a2aa3b
4281,88508,Aberdeenshire,Scotland,Poisoning,May,2007,NJ72,Species involved: Peregrine Falcon x2. Tested positive for: Carbofuran,No Link,93d0fff4-04f5-4335-ab79-b099ea4b6655
4282,88513,Dumfries and Galloway,Scotland,Shooting,April,2007,NS81,Species involved: Birds of Prey x1,No Link,2a18f41c-0938-406f-ac4b-b1ae5c09cb4c
4283,88514,Dumfries and Galloway,Scotland,Shooting,May,2007,NS81,Species involved: Short-eared Owl x1,No Link,9a503ff0-a126-4c36-bfeb-6425fb337a97
4284,88517,Wiltshire,England,Shooting,March,2007,ST86,Species involved: Buzzard x1,No Link,fc69869d-6849-4cda-b35f-17bee19821ba
4285,88518,Wiltshire,England,Shooting,April,2007,ST86,Species involved: Kestrel x1,No Link,eec2051f-5b61-4d22-a54a-1b647e9a3430
4286,88521,Surrey,England,Shooting,April,2007,TQ14,Species involved: Buzzard x1,No Link,9c735131-da40-4fd0-9af2-fcfa10cea6f1
4287,88526,Moray,Scotland,Poisoning,May,2007,NJ11,Species involved: Red Kite x1. Tested positive for: Carbofuran,No Link,28577bc1-fe2b-423e-be22-b04951f90d99
4288,88527,Isle of Wight,England,Shooting,July,2007,SZ39,Species involved: Peregrine Falcon x1,No Link,b6bfd54c-ad7d-4384-b790-a91d53a21a86
4289,88528,Cumbria,England,Trapping,July,2007,SD49,Species involved: Buzzard x1,No Link,52ac3891-3bd7-4919-9c2d-50a75a691d88
4290,88540,Derbyshire,England,Trapping,February,2007,SK19,Species targeted: Goshawk,No Link,701dc3fe-5cc2-4524-a665-e85ac4133615
4291,88569,North Yorkshire,England,Poisoning,April,2007,SD98,Species targeted: Birds of Prey. Species involved: Lesser Black-backed Gull x1; poison bait (Rabbit Bait x1). Tested positive for: Alphachloralose,No Link,4a2934d2-32bb-4265-9cc0-113aea4822b0
4292,88572,North Yorkshire,England,Poisoning,April,2007,SD98,Species targeted: Birds of Prey. Species involved: poison bait (Rabbit Bait x1). Tested positive for: Alphachloralose,No Link,ae79fbb7-1943-4c9c-b8d3-5a519385b845
4293,88574,North Yorkshire,England,Poisoning,April,2007,SD98,Species targeted: Birds of Prey. Species involved: poison bait (Rabbit Bait x1). Tested positive for: Alphachloralose,No Link,d7c9a13c-8687-4997-8a63-d18b45296025
4294,88598,East Riding of Yorkshire,England,Shooting,April,2007,SE94,Species involved: Red Kite x1,No Link,477dfc28-8d67-490d-a92c-31910f9afb48
4295,88599,North Yorkshire,England,Shooting,May,2007,SE05,Species involved: Red Kite x1,No Link,e7720a78-55d9-4dd1-ae6d-9d3869eb470f
4296,88632,Staffordshire,England,Trapping,August,2007,SK10,Species involved: Peregrine Falcon x1,No Link,2df11d74-a098-469a-9451-546ab7a9c91d
4297,88638,Northumberland,England,Shooting,April,2007,NT93,Species involved: Buzzard x1,No Link,484ee29c-b13b-4133-9e0f-5b1391c9ed3c
4298,88641,Scottish Borders,Scotland,Trapping,August,2007,NT65,"Species targeted: Birds of Prey, Goshawk",No Link,cf8ce542-df20-42c8-a29e-4f0af1cc45b3
4299,88644,Cumbria,England,Shooting,January,2007,NY45,Species involved: Buzzard x1,No Link,b18bd9ef-e40f-41d8-8362-0fca96817e7c
4300,88656,Monmouthshire,Wales,Trapping,August,2007,SO32,Species targeted: Birds of Prey,No Link,25fedf27-7036-4ec3-baf1-1dc2c0d50b51
4301,88666,Highland,Scotland,Shooting,September,2007,NH70,Species involved: Buzzard x1,No Link,a6d2d9ed-75e3-4191-9b63-f04f5158c0d1
4302,88667,Nottinghamshire,England,Trapping,August,2007,SK62,"Species targeted: Birds of Prey, Sparrowhawk",No Link,a2b76019-68be-455e-ac04-90e86ef31722
4303,88672,Lancashire,England,Shooting,July,2007,SD55,Species involved: Peregrine Falcon x1,No Link,1a5bc9c6-fd4a-40ff-8cb8-f74cc4c219d7
4304,88713,Gloucestershire,England,Shooting,September,2007,SU29,Species involved: Hobby x1,No Link,ffb52521-2868-41e3-bb3c-4fdf13798774
4305,88721,Perth and Kinross,Scotland,Poisoning,August,2007,NN82,"Species involved: Red Kite x1. Tested positive for: Carbofuran, Isofenphos",https://raptorpersecutionscotland.wordpress.com/2010/03/04/third-tayside-red-kite-poisoned-2/,ba24cace-ad65-441b-becc-e99e182fe4a2
4306,88722,Scottish Borders,Scotland,Poisoning,August,2007,NT13,Species involved: Golden Eagle x1. Tested positive for: Carbofuran,No Link,cc13561d-edb6-4482-a268-5586e8347b59
4307,88726,East Riding of Yorkshire,England,Poisoning,April,2007,SE94,Species involved: Red Kite x1. Tested positive for: Bendiocarb,No Link,5d6bd56d-933f-4521-ab5b-1f4c927e7970
4308,88740,North Yorkshire,England,Poisoning,September,2007,SE24,"Species Involved: Red Kite x2, Carrion Crow x1, Fox x1; poison bait (Rabbit Bait x1). Tested positive for: Mevinphos/Phosdrin",No Link,281ce93d-6794-4001-a3d1-4a7f7bb14731
4309,88747,Angus,Scotland,Trapping,August,2007,NO35,Species involved: Kestrel x3,No Link,e5cfe2a7-2cca-41a6-9cf5-c9ac51438c7c
4310,88761,Stirling,Scotland,Poisoning,August,2007,NN70,Species involved: Red Kite x1. Tested positive for: Chlorpyrifos,No Link,f91f9383-1600-4b4b-a728-6b14833d57ce
4311,88762,Perth and Kinross,Scotland,Poisoning,October,2007,NN82,"Species involved: Red Kite x1. Tested positive for: Carbofuran, Isofenphos",No Link,f147c44b-037d-4c2e-b818-0133733b4148
4312,88763,Perth and Kinross,Scotland,Poisoning,September,2007,NN82,"Species involved: Red Kite x1. Tested positive for: Carbofuran, Isofenphos",No Link,e02407b9-56ed-48d8-a099-ad1fb252e7e6
4313,88772,Highland,Scotland,Shooting,September,2007,NJ02,Species involved: Buzzard x1,No Link,9d8a874c-85fb-41e6-88e7-a8afb96467c8
4314,88779,Bedfordshire,England,Shooting,October,2007,TL53,Species involved: Marsh Harrier x1,No Link,8d505191-a7f9-47de-a84d-1efe792d610c
4315,88794,Gloucestershire,England,Shooting,October,2007,SO73,Species involved: Buzzard x1,No Link,de845702-38e1-4195-b55a-93b81a8dfac0
4316,88802,Stirling,Scotland,Poisoning,October,2007,NN70,Species involved: Red Kite x1. Tested positive for: Chlorpyrifos,No Link,b7368676-cb10-4ed8-a669-1235d4a3a484
4317,88814,Norfolk,England,Shooting,October,2007,TF62,Species involved: Hen Harrier x1,No Link,29bbd8a8-7e2b-4914-9616-37cc88b21cef
4318,88821,Aberdeenshire,Scotland,Trapping,September,2007,NJ41,Species involved: Barn Owl x1,No Link,1d0e5fbd-052e-4e87-bbeb-c7b203c4b2e5
4319,88862,Northumberland,England,Shooting,September,2007,NT93,Species involved: Buzzard x1,No Link,42baf73d-fedd-4f80-965c-80ced361d051
4320,88892,County Durham,England,Shooting,October,2007,NY83,Species involved: Buzzard x1,No Link,3e95488d-8bb2-457f-88c9-fedcc90486f1
4321,88902,County Durham,England,Trapping,September,2007,NZ44,Species targeted: Sparrowhawk,No Link,7a584a63-abce-4065-be14-8924a044a4a0
4322,88903,County Durham,England,Trapping,September,2007,NZ44,Species targeted: Sparrowhawk,No Link,73bfb219-0ac2-4b03-934c-0045c88208d4
4323,88917,Shropshire,England,Shooting,May,2007,SO38,Species involved: Peregrine Falcon x1,No Link,e415cfc2-b456-47e7-b53d-2eefbaeda8db
4324,88932,Suffolk,England,Poisoning,March,2007,TL87,Species involved: Buzzard x1. Tested positive for: Alphachloralose,No Link,5d039497-8c94-4fa9-84e7-e7e0dbf5f054
4325,88933,County Durham,England,Poisoning,January,2007,NY94,"Species targeted: Birds of Prey, Corvidae, Non-bird. Species involved: poison bait (Rabbit Bait x1). Tested positive for: Alphachloralose",No Link,805ab4ba-90e4-44b6-b08a-fe2c3c9e500c
4326,88942,West Yorkshire,England,Poisoning,February,2007,SE14,Species targeted: Birds of Prey. Species involved: Dog x2; poison bait (Other x1). Tested positive for: Strychnine,No Link,cb3f87e0-79ae-4240-90ff-40db39e77e33
4327,88947,East Riding of Yorkshire,England,Poisoning,May,2007,SE82,Species targeted: Birds of Prey. Species involved: Dog x1; poison bait (Unknown x1). Tested positive for: Aldicarb,No Link,539f3150-cfcf-4e51-b1af-bf79d338b37b
4328,88949,Pembrokeshire,Wales,Poisoning,April,2007,SR99,Species Involved: Peregrine Falcon x1; poison bait (Pigeon Bait (Species Unknown) x1). Tested positive for: Alphachloralose,No Link,22face76-54ab-4780-a14a-ad94dd38ad7d
4329,88955,West Midlands,England,Shooting,November,2007,SO99,Species involved: Sparrowhawk x1,No Link,463d0b63-a044-42d8-9f26-2e5bfb4219e7
4330,88956,Armagh,Northern Ireland,Poisoning,June,2007,H84,Species targeted: Birds of Prey. Species involved: Dog x1; poison bait (Meat). Tested positive for: Carbofuran,No Link,4acecd5b-c81c-415b-a162-d1e89a0e8c26
4331,88973,Aberdeenshire,Scotland,Shooting,August,2007,NJ73,Species involved: Buzzard x1,No Link,8d8b5d67-44da-4cba-9385-caa262dc4fa3
4332,88979,Aberdeenshire,Scotland,Shooting,November,2007,NJ70,Species involved: Buzzard x1,No Link,2bb2c4fa-7713-41d4-a030-27ef97b10ff3
4333,88991,Highland,Scotland,Poisoning,December,2007,NJ02,Species involved: Buzzard x1. Tested positive for: Alphachloralose,No Link,7a8f5bfa-7f83-4b30-aac9-d4f3db485f18
4334,89011,West Yorkshire,England,Persecution (Other),December,2007,SE24,"Species targeted: Birds of Prey. Possession of: Aldicarb, Mevinphos/Phosdrin",No Link,f53cb8a6-c165-4514-af0a-00077a8619c4
4335,89016,South Ayrshire,Scotland,Poisoning,April,2007,NS42,Species targeted: Birds of Prey. Species involved: Cat x2. Tested positive for: Carbofuran,No Link,ac76d09a-122a-4db1-ba47-ca1096d95eed
4336,89038,South Ayrshire,Scotland,Poisoning,May,2007,NS42,Species involved: Peregrine Falcon x1. Tested positive for: Carbofuran,No Link,b501bc3f-2abc-4320-b7d6-d2c0abc587f5
4337,89039,South Ayrshire,Scotland,Poisoning,May,2007,NS42,Species targeted: Birds of Prey. Species involved: poison bait (Pigeon Bait (Species Unknown) x1). Tested positive for: Carbofuran,No Link,83807e90-8f15-4f30-b928-c821b246037c
4338,89053,Cumbria,England,Shooting,April,2007,NY71,Species involved: Buzzard x1,No Link,f358edee-df3f-4a36-92b5-64523e80a903
4339,89079,Dumfries and Galloway,Scotland,Poisoning,December,2007,NX66,Species involved: Red Kite x1. Tested positive for: Carbofuran,No Link,04c9e3d0-ff80-41c0-a2e0-f6e8900d2bdc
4340,89110,Denbighshire,Wales,Poisoning,August,2007,SJ14,Species Involved: Buzzard x2; poison bait (Pheasant Bait x2). Tested positive for: Carbofuran,No Link,c7bc5512-9b0b-4ba5-9938-46621e6195d9
4341,89111,Scottish Borders,Scotland,Poisoning,September,2007,Unknown/Withheld,"Species involved: Buzzard x1. Tested positive for: Carbofuran, Other",No Link,5504f7b9-f8a3-44de-bea1-866bc1f94069
4342,89352,Scottish Borders,Scotland,Poisoning,March,2007,NT64,"Species Involved: Buzzard x1, Magpie x1, Carrion Crow x2; poison bait (Rabbit Bait, Hare Bait x13). Tested positive for: Carbofuran",No Link,92d59961-be59-4384-be83-3a91223a4383
4343,89354,Scottish Borders,Scotland,Poisoning,April,2007,NT64,"Species Involved: Buzzard x3; poison bait (Hare Bait x5, Rabbit Bait x5). Tested positive for: Carbofuran",No Link,6c7fa1e4-3260-4a85-b09d-e8471e216dd6
4344,89355,Scottish Borders,Scotland,Poisoning,April,2007,NT64,Species involved: Buzzard x1. Tested positive for: Carbofuran,No Link,acbe2fcd-99fd-4fb4-aaca-ccefa64b7313
4345,89357,Scottish Borders,Scotland,Poisoning,May,2007,NT64,"Species targeted: Birds of Prey. Species involved: poison bait (Rabbit Bait x1, Hare Bait x1). Tested positive for: Carbofuran",No Link,a74fa8ae-6b8f-40c5-9cd1-c70241150a8b
4346,89358,Scottish Borders,Scotland,Poisoning,September,2007,NT64,Species involved: Buzzard x1. Tested positive for: Carbofuran,No Link,b241f47c-1d04-45fa-859a-6dd7382d1486
4347,89401,Shropshire,England,Trapping,July,2007,SO38,"Species targeted: Birds of Prey, Owls",No Link,8240aab6-cf2d-46f9-b94c-f8d7f36965ae
4348,89402,Shropshire,England,Trapping,May,2007,SO38,Species targeted: Birds of Prey,No Link,48c9bfa7-5c64-44ed-8472-7fef62e38cc2
4349,89403,Shropshire,England,Shooting,July,2007,SO38,Species involved: Buzzard x1,No Link,9bd9f310-23a0-45d9-89dd-f7103abed25a
4350,89404,Shropshire,England,Shooting,May,2007,SO38,Species involved: Osprey x1,No Link,25dc032e-e316-4ab0-bfa9-2b3e1f2333f9
4351,89405,Shropshire,England,Shooting,May,2007,SO38,Species involved: Buzzard x1,No Link,ce3782cf-b89d-4231-93b5-057f5955e123
4352,89406,Shropshire,England,Shooting,May,2007,SO38,Species involved: Buzzard x1,No Link,9c06e042-6f02-4d4f-91fd-19242d56559a
4353,89407,Shropshire,England,Shooting,May,2007,SO38,Species involved: Buzzard x1,No Link,c40e2552-1525-401d-be0d-bb99b5941a0c
4354,89408,Shropshire,England,Shooting,May,2007,SO38,Species involved: Buzzard x1,No Link,0905bc6b-9ac6-4374-aec9-500373b2fdf8
4355,89460,South Ayrshire,Scotland,Shooting,November,2007,NS31,Species involved: Buzzard x1,No Link,50b93075-1f2f-42c7-9b96-8614e1f1330f
4356,89473,Highland,Scotland,Poisoning,December,2007,NJ12,Species Involved: Buzzard x1; poison bait (Rabbit Bait x1). Tested positive for: Carbofuran,No Link,94ef5ad2-fd7d-4f07-9ff8-5c30d00bbb67
4357,89505,Gloucestershire,England,Poisoning,September,2007,SO50,Species involved: Buzzard x1. Tested positive for: Alphachloralose,No Link,edf1cc7a-ff76-44c8-ae4c-9b690015b774
4358,89507,County Durham,England,Poisoning,September,2007,NZ44,Species targeted: Birds of Prey. Species involved: Cat x1. Tested positive for: Aldicarb,No Link,231e7d9f-083b-4223-8dd6-b95842048711
4359,89513,Londonderry,Northern Ireland,Poisoning,December,2007,C41,Species involved: Buzzard x1. Tested positive for: Carbofuran,No Link,d5f11032-7c7c-44d1-9860-562e4d7296a4
4360,89514,Shropshire,England,Poisoning,November,2007,SJ40,"Species involved: Buzzard x1, Raven x2. Tested positive for: Carbofuran",No Link,6014b18c-56ce-440f-a466-e7bf8f7db68f
4361,89517,Essex,England,Poisoning,November,2007,TL43,Species targeted: Birds of Prey. Species involved: Dog x2; poison bait (Rabbit Bait x1). Tested positive for: Endrin,No Link,3d267bbd-4245-404c-80c8-86ac5f8e26d3
4362,89518,Worcestershire,England,Poisoning,October,2007,Unknown/Withheld,"Species targeted: Birds of Prey, Badger. Species involved: Dog x1; poison bait (Meat x1). Tested positive for: Metaldehyde",No Link,251c1421-b37d-4e02-b792-d48d4e473a2b
4363,89527,Blaenau Gwent,Wales,Shooting,September,2007,SO10,Species involved: Red Kite x1,No Link,a76cd983-063d-43ea-b486-30fb6cfbb142
4364,89530,Highland,Scotland,Shooting,December,2007,NH94,Species involved: Buzzard x1,No Link,40d2d190-3001-4fd4-8050-7df8e54195b8
4365,89532,Aberdeenshire,Scotland,Trapping,August,2007,NO59,Species involved: Buzzard x2,No Link,a2c8ce89-d744-4d7f-8937-a2f67cea90f1
4366,89539,South Lanarkshire,Scotland,Poisoning,May,2007,NS91,Species involved: Buzzard x1. Tested positive for: Carbofuran,No Link,1d09ff12-46d4-49d5-8cf6-8b15c10a44e4
4367,89548,Midlothian,Scotland,Poisoning,April,2007,NT36,Species targeted: Birds of Prey. Species involved: Dog x1; poison bait (Rabbit Bait x1). Tested positive for: Aldicarb,No Link,9cdd0246-e5d9-43ad-9c38-d2ec406c83e0
4368,89683,Surrey,England,Shooting,Withheld,2007,TQ33,Species involved: Kestrel x1,No Link,29c2fae1-46f2-4159-88f6-25cf1afcc3f1
4369,90012,Powys,Wales,Poisoning,September,2007,SO08,Species involved: Buzzard x1. Tested positive for: Alphachloralose,No Link,fde0eed4-b647-4a5e-b5d3-73d545fc39c6
4370,90562,Shropshire,England,Trapping,May,2007,SO38,Species targeted: Birds of Prey,No Link,d18a1dd7-bc78-4028-9d9b-1ca46dc6ff3b
4371,100720,Cumbria,England,Shooting,April,2007,NY71,Species involved: Buzzard x1,No Link,e6dd7663-fbfb-4f21-a4fd-31cf9a894d7f
4372,100721,Midlothian,Scotland,Shooting,March,2007,NT25,Species involved: Buzzard x1,No Link,76818411-226f-4480-b4ff-0a3fd48013c4
4373,100752,Cumbria,England,Shooting,April,2007,NY71,Species involved: Buzzard x1,No Link,1004e157-164d-4d2f-b323-58b1a7104667
4374,100753,Norfolk,England,Shooting,October,2007,TF62,Species involved: Hen Harrier x1,No Link,fdd2f7bb-6609-4ff3-b43f-7293da49a377
4375,101770,Aberdeenshire,Scotland,Shooting,May,2007,NO76,Species involved: Buzzard x1,No Link,e3f0799b-e2b2-49ad-8dd1-45fbe7bffe73
4376,101771,Highland,Scotland,Shooting,March,2007,NH55,Species involved: Buzzard x1,No Link,69ee8ced-f67c-4f8f-9f53-84f3a9c7d3b7
4377,101805,Perth and Kinross,Scotland,Poisoning,January,2007,NO16,Species involved: Red Kite x1. Tested positive for: Carbofuran,No Link,eb35a3cd-8844-4796-a56d-6194b15d67a3
4378,88971,Highland,Scotland,Poisoning,January,2008,NJ02,Species involved: Buzzard x1. Tested positive for: Carbofuran,No Link,966b8c55-27af-4915-8240-4acb97132884
4379,89213,Northamptonshire,England,Shooting,March,2008,SP65,Species involved: Buzzard x1,No Link,c0c8cc34-8ab2-4075-9cd3-b9b9977fbb6a
4380,89374,Ceredigion,Wales,Trapping,March,2008,SN67,Species involved: Buzzard x1,No Link,3d03473f-812b-4392-bffe-f72c0e5051d0
4381,89386,Derbyshire,England,Poisoning,April,2008,SK43,Species involved: Buzzard x1. Tested positive for: Alphachloralose,No Link,38e2719d-30c7-4192-b32e-becac434ad08
4382,89458,Lancashire,England,Trapping,April,2008,SD54,Species involved: Buzzard x1,No Link,cb4fe74c-8f01-4a7c-a2b1-dae0c89a5e76
4383,89557,Northumberland,England,Shooting,April,2008,NT93,Species involved: Kestrel x1,No Link,ab4cacf4-6cd2-4933-8913-c8a8a23af189
4384,89654,Angus,Scotland,Poisoning,May,2008,NO46,"Species involved: White-tailed Eagle x1. Tested positive for: Bendiocarb, Carbofuran, Isofenphos",https://ww2.rspb.org.uk/our-work/rspb-news/news/details.aspx?id=tcm:9-202977,fda2da30-a5f4-46e4-9c55-1bc2c9f76d2c
4385,89655,Angus,Scotland,Poisoning,May,2008,NO46,Species involved: Buzzard x1. Tested positive for: Bendiocarb,No Link,a5bf0965-dba5-45c8-b18b-cf322cdf0ca5
4386,89656,Angus,Scotland,Poisoning,May,2008,NO46,"Species targeted: Birds of Prey. Species involved: poison bait (Hare Bait x1, Meat x4). Tested positive for: Bendiocarb, Carbofuran, Isofenphos",No Link,3da84a64-1c0d-422a-9eb8-9b0b0868c882
4387,89681,West Sussex,England,Shooting,April,2008,TQ12,Species involved: Buzzard x1,No Link,91ca7cae-b2bc-4c9c-9c7c-07b60e62d81e
4388,89890,South Lanarkshire,Scotland,Trapping,March,2008,NT03,Species involved: Buzzard x1,No Link,61948035-fc04-496d-be61-395fe12fab80
4389,89896,Aberdeenshire,Scotland,Poisoning,March,2008,NO69,"Species targeted: Birds of Prey. Species involved: poison bait (Pigeon Bait (Species Unknown) x1, Pheasant Bait x1, Rabbit Bait x1). Tested positive for: Carbofuran",No Link,1ac81591-757b-4b3d-8927-e6efe9c8b04a
4390,89931,East Ayrshire,Scotland,Poisoning,April,2008,NS53,Species targeted: Birds of Prey. Species involved: poison bait (Pigeon Bait (Species Unknown) x1). Tested positive for: Carbofuran,No Link,97010a72-2892-427e-8b06-5a70ddb4d884
4391,89939,Worcestershire,England,Nest Destruction,April,2008,SO74,Species targeted: Peregrine Falcon nest,No Link,b47c5e4d-2c94-495e-9e7b-57c60f8c7ebd
4392,89950,East Riding of Yorkshire,England,Shooting,May,2008,SE94,Species involved: Red Kite x1,No Link,8b1d17e9-20ff-4c2d-836c-7d21393d8c9f
4393,89954,Aberdeenshire,Scotland,Trapping,March,2008,NO79,Species involved: Goshawk x1,No Link,b4281327-8edc-44a2-962c-d900a212268e
4394,89980,West Midlands,England,Trapping,May,2008,SO88,Species targeted: Peregrine Falcon,No Link,e5ddbd44-23cc-41d5-9d90-3c04bbc99b5a
4395,89981,Staffordshire,England,Trapping,May,2008,SJ90,Species involved: Peregrine Falcon x1,No Link,0609bcdf-1e57-4000-99be-aee8070ffa93
4396,89984,Dumfries and Galloway,Scotland,Poisoning,June,2008,NS90,"Species involved: Buzzard x1. Tested positive for: Carbofuran, Isofenphos",No Link,9b85bfdb-5786-4242-b4fd-0157fb936452
4397,89986,East Lothian,Scotland,Shooting,June,2008,NT66,Species involved: Red Kite x1,No Link,f67dc38b-1862-4766-9515-159cc69ec525
4398,90018,Highland,Scotland,Poisoning,May,2008,NH63,Species involved: Red Kite x1. Tested positive for: Carbofuran,No Link,093be3fd-962e-4890-a1e2-34ddad01a092
4399,90074,County Durham,England,Shooting,July,2008,NZ25,Species involved: Kestrel x1,No Link,23db37e4-f61e-49ab-839b-7607019a6bef
4400,90080,Dumfries and Galloway,Scotland,Poisoning,April,2008,NY27,Species Involved: Buzzard x4; poison bait (Rabbit Bait x1). Tested positive for: Alphachloralose,No Link,2a70bade-8be9-4219-95d6-ddaa21a00ef0
4401,90081,Scottish Borders,Scotland,Poisoning,March,2008,NT61,Species involved: Buzzard x2. Tested positive for: Alphachloralose,No Link,f7f91899-e67e-4533-bc06-9400725324de
4402,90082,Herefordshire,England,Shooting,July,2008,SO73,Species involved: Peregrine Falcon x1,No Link,039a503a-956c-422a-9249-d3e599706429
4403,90090,Highland,Scotland,Poisoning,August,2008,NH72,Species involved: Red Kite x1. Tested positive for: Carbofuran,No Link,66955f0a-d92c-4471-b37e-d070414b4ac8
4404,90101,Flintshire,Wales,Poisoning,June,2008,SJ25,Species targeted: Birds of Prey. Species involved: Fox x1; poison bait (Rabbit Bait). Tested positive for: Bendiocarb,No Link,7f03287f-2a9f-4c4e-99ed-b20ef5ad634b
4405,90146,Dumfries and Galloway,Scotland,Trapping,August,2008,NY07,Species targeted: Birds of Prey,No Link,92d7a477-b91d-4ed1-a7c3-2c08b9594885
4406,90205,Kent,England,Shooting,August,2008,TQ82,Species involved: Peregrine Falcon x1,No Link,4669842f-9155-4406-85c3-188160741617
4407,90208,Staffordshire,England,Poisoning,June,2008,SK10,Species involved: Peregrine Falcon x1. Tested positive for: Aldicarb,No Link,d855547c-3ef7-4440-9cd8-a578172d8099
4408,90273,Lancashire,England,Shooting,September,2008,SD74,Species involved: Peregrine Falcon x1,No Link,dd4618a0-136b-482a-8f9d-068bc506c6e3
4409,90274,Buckinghamshire,England,Shooting,September,2008,SP53,Species involved: Buzzard x1,No Link,473916ba-7987-4d4d-b0e9-b653ba9aeadf
4410,90280,Powys,Wales,Poisoning,September,2008,SN98,"Species targeted: Birds of Prey, Corvidae. Species involved: poison bait (Red-Legged Partridge x2). Tested positive for: Alphachloralose",No Link,fc7b71d6-51f2-42b3-af53-87284216e986
4411,90287,North Yorkshire,England,Poisoning,May,2008,SE17,"Species involved: Red Kite x1. Tested positive for: Aldicarb, Bendiocarb, Carbofuran",No Link,44e8c8c4-3e3f-4592-a780-b10b58f77750
4412,90288,North Yorkshire,England,Poisoning,April,2008,SE35,Species involved: Buzzard x1. Tested positive for: Methomyl,No Link,3abc8037-afa0-422f-90f6-e7c13bb0975c
4413,90305,Wiltshire,England,Shooting,September,2008,SU36,Species involved: Buzzard x1,No Link,4500e7bc-e845-467f-8abe-bfcc8ce2009d
4414,90307,Down,Northern Ireland,Shooting,August,2008,J24,Species involved: Red Kite x1,No Link,3e0aa87f-44b1-4647-94ac-aca92d73ab4e
4415,90310,South Lanarkshire,Scotland,Poisoning,October,2008,NS91,Species Involved: Buzzard x1; poison bait (Rabbit Bait x1). Tested positive for: Carbofuran,No Link,443abd6e-e2b2-4bad-9a43-34b7e5f05dbd
4416,90341,Perth and Kinross,Scotland,Shooting,October,2008,NO23,Species involved: Buzzard x2,No Link,8d391d6b-9b72-4867-8fa7-a75280e0737c
4417,90342,Angus,Scotland,Poisoning,May,2008,NO46,"Species targeted: Birds of Prey. Species involved: poison bait (Meat x5). Tested positive for: Bendiocarb, Carbofuran, Isofenphos",No Link,40e3aa42-d780-4c7d-9e57-81fba0b10e32
4418,90344,Angus,Scotland,Poisoning,May,2008,NO46,"Species targeted: Birds of Prey. Species involved: poison bait (Meat x5). Tested positive for: Bendiocarb, Carbofuran, Isofenphos",No Link,a8cb78dc-1c11-4d60-a0dd-61a0eb5c3404
4419,90345,Angus,Scotland,Poisoning,May,2008,NO46,"Species targeted: Birds of Prey. Species involved: poison bait (Meat x7). Tested positive for: Bendiocarb, Carbofuran, Isofenphos",No Link,20e4ab6b-fe3d-4fe0-a30d-1fb940c94cb2
4420,90347,Angus,Scotland,Poisoning,May,2008,NO46,"Species targeted: Birds of Prey. Species involved: poison bait (Meat x8). Tested positive for: Bendiocarb, Carbofuran, Isofenphos",No Link,d5649fae-0415-4318-b76b-35179896e860
4421,90349,Angus,Scotland,Poisoning,May,2008,NO46,"Species targeted: Birds of Prey. Species involved: poison bait (Meat x3). Tested positive for: Bendiocarb, Carbofuran, Isofenphos",No Link,14c62266-47a9-451f-9637-32b0138ffcb8
4422,90387,Cornwall,England,Shooting,October,2008,SS20,Species involved: Barn Owl x1,No Link,c4001f8b-bebe-4477-bbcd-dcefdd0b3506
4423,90393,Armagh,Northern Ireland,Poisoning,July,2008,J03,Species Involved: Buzzard x2; poison bait (Rabbit Bait x1). Tested positive for: Alphachloralose,No Link,3bd2d1e7-3332-4833-bb40-2818340acbcd
4424,90406,Vale of Glamorgan,Wales,Shooting,November,2008,ST06,Species involved: Buzzard x1,No Link,a8098d42-f742-4e65-aced-3bd6a211ee18
4425,90413,Angus,Scotland,Poisoning,October,2008,NO46,Species targeted: Birds of Prey. Species involved: poison bait (Meat x1). Tested positive for: Carbofuran,No Link,6dc25be0-39ee-4c43-89aa-0e19044b028d
4426,90414,North Yorkshire,England,Poisoning,November,2008,SE06,Species involved: Red Kite x1. Tested positive for: Alphachloralose,No Link,5d567305-0577-437a-a93e-ba7df5606d44
4427,90471,Leicestershire,England,Shooting,November,2008,SP69,Species involved: Buzzard x1,No Link,158a789c-f74f-41de-884c-6c89db8b75aa
4428,90582,Northamptonshire,England,Shooting,December,2008,SP98,Species involved: Red Kite x1,No Link,00289ecb-0dd2-4b65-a887-7575a6f19d19
4429,90597,South Lanarkshire,Scotland,Poisoning,November,2008,NS81,Species targeted: Birds of Prey. Species involved: Raven x3. Tested positive for: Carbofuran,No Link,b448c8ac-3540-4b11-a338-79c84b059871
4430,90601,Perth and Kinross,Scotland,Shooting,May,2008,NO04,Species involved: Sparrowhawk x1,No Link,31c5688e-877d-4f7f-978b-53fe8d66a561
4431,90609,Perth and Kinross,Scotland,Trapping,July,2008,NN81,Species involved: Kestrel x3,No Link,77e54cdc-2472-4828-8899-740f1993d46d
4432,90645,Armagh,Northern Ireland,Poisoning,July,2008,J03,"Species involved: Buzzard x2, Carrion Crow x1. Tested positive for: Alphachloralose",No Link,6ec1de91-252a-4006-8963-8f9af5184bfe
4433,90676,Berkshire,England,Trapping,May,2008,SU57,Species involved: Red Kite x1,No Link,e5656bc3-3ac0-4eea-916b-0630809d10c6
4434,90691,Aberdeenshire,Scotland,Shooting,July,2008,NJ93,Species involved: Buzzard x1,No Link,5684a5d2-2614-4cd5-949d-ebe82cd979bb
4435,90722,Highland,Scotland,Trapping,May,2008,NH83,Species targeted: Birds of Prey,No Link,9208d836-89d2-4201-8425-2e4f496d9cac
4436,90734,Norfolk,England,Poisoning,April,2008,TF91,Species targeted: Birds of Prey. Species involved: Carrion Crow x1. Tested positive for: Alphachloralose,No Link,42f747c9-5637-44f4-8ea7-bf82bfbe440c
4437,90735,Norfolk,England,Persecution (Other),Withheld,2008,TF92,"Species targeted: Birds of Prey, Carrion Crow. Possession of: Alphachloralose",No Link,1face977-1c12-4766-bc5c-6d5c81c24d5a
4438,90738,North Yorkshire,England,Trapping,November,2008,SE97,Species involved: Buzzard x1,No Link,27a3b8c3-be8d-4063-846e-f70e2826be5a
4439,90911,Herefordshire,England,Shooting,August,2008,SO54,Species involved: Hobby x1,No Link,edaa5ada-5994-4ef1-a116-59204ed402af
4440,90914,Neath Port Talbot,Wales,Poisoning,November,2008,SS89,Species involved: Buzzard x1. Tested positive for: Aldicarb,No Link,d955c87d-976e-42d4-9468-a210c0488f9f
4441,90997,Rutland,England,Poisoning,August,2008,SK80,Species Involved: Red Kite x1; poison bait (Rabbit Bait x1). Tested positive for: Carbofuran,No Link,bdc2f31f-496a-4b5e-83b3-0e5c9fcac59a
4442,90998,Rutland,England,Poisoning,September,2008,SP99,"Species involved: Red Kite x1. Tested positive for: Aldicarb, Carbofuran",No Link,0e5ae904-efcc-44a2-ac03-fc509337120d
4443,91009,Londonderry,Northern Ireland,Poisoning,April,2008,H98,Species targeted: Birds of Prey. Species involved: Dog x1. Tested positive for: Carbofuran,No Link,f314c0a0-a0e6-4f41-94f1-92deba73b7b5
4444,91013,Highland,Scotland,Persecution (Other),November,2008,NJ12,Species targeted: Birds of Prey. Possession of: Carbofuran,No Link,5f0ef5f0-fb21-4ce1-9928-7ba5df163430
4445,91017,Fife,Scotland,Shooting,April,2008,NT29,Species involved: Buzzard x1,No Link,e308c050-a5e3-42b0-813d-30aa9668a382
4446,91025,Denbighshire,Wales,Poisoning,July,2008,SJ07,Species Involved: Buzzard x1; poison bait (Pheasant Bait). Tested positive for: Bendiocarb,No Link,43ddf492-aae4-4bf9-9b2f-b89224a1bdf9
4447,91026,Cambridgeshire,England,Poisoning,August,2008,TL64,Species targeted: Birds of Prey. Species involved: Dog x1; poison bait (Grey Partridge x1). Tested positive for: Mevinphos/Phosdrin,No Link,88b0e5fa-1bc6-4bb3-b94f-0be42753a2a5
4448,91104,Hampshire,England,Poisoning,May,2008,SU42,Species involved: Red Kite x1. Tested positive for: Carbofuran,No Link,e3ae0048-0376-4690-a67e-2eadf6d6b28e
4449,91145,Antrim,Northern Ireland,Persecution (Other),July,2008,D31,Species targeted: Birds of Prey,No Link,df63a33f-fc84-4e48-b0df-03508692699e
4450,91238,Highland,Scotland,Poisoning,December,2008,NJ03,Species involved: Buzzard x1. Tested positive for: Alphachloralose,No Link,52736e52-fca6-4a3d-b5f0-2e903df71959
4451,91249,Highland,Scotland,Poisoning,March,2008,NJ12,Species involved: Buzzard x1. Tested positive for: Carbofuran,No Link,cec2fcf1-8269-4d84-9998-d593905bb37a
4452,91276,Norfolk,England,Poisoning,June,2008,TG02,Species targeted: Birds of Prey. Species involved: Dog x1; poison bait (Unidentified Bird x1). Tested positive for: Aldicarb,No Link,bb6b355f-f70e-499f-92b9-74b07f31fc38
4453,91277,Somerset & Avon,England,Poisoning,September,2008,ST23,Species Involved: Buzzard x1; poison bait (Pheasant Bait x1). Tested positive for: Carbofuran,No Link,3b171aae-6d79-45cf-9ace-85449272de04
4454,91298,Cornwall,England,Poisoning,March,2008,SX46,"Species targeted: Birds of Prey. Species involved: Dog x2; poison bait (Unknown). Tested positive for: Diquat, Paraquat",No Link,56aa97f2-18bc-404b-a71a-eb7384e1dfe0
4455,91340,Northamptonshire,England,Poisoning,August,2008,SP89,"Species Involved: Red Kite x1; poison bait (Pigeon Bait (Species Unknown) x1). Tested positive for: Alphachloralose, Brodifacoum",No Link,8805a3b2-073c-4092-b0ec-f2cf74475d8a
4456,91341,Derbyshire,England,Poisoning,January,2008,SK17,Species targeted: Birds of Prey. Species involved: Dog x2. Tested positive for: Strychnine,No Link,5e192423-c11e-4f5e-91df-ccac4c2302ef
4457,91345,Armagh,Northern Ireland,Poisoning,December,2008,J03,Species Involved: Red Kite x1; poison bait (Hen/Chicken Bait). Tested positive for: Alphachloralose,No Link,5f80935d-44bb-4a74-a2a0-72ab5e423fb3
4458,91356,North Yorkshire,England,Shooting,August,2008,SE45,Species involved: Red Kite x1,No Link,b485047f-9391-44d4-bcc4-52df176733b1
4459,91435,Northamptonshire,England,Poisoning,August,2008,SP88,Species involved: Red Kite x1. Tested positive for: Alphachloralose,No Link,447a8692-1c79-4540-831a-aa532b516799
4460,91437,Scottish Borders,Scotland,Persecution (Other),March,2008,NT42,"Species targeted: Birds of Prey. Possession of: Alphachloralose, DDT, Other",No Link,f78d3599-ed08-4e10-a7a7-184ce3a14135
4461,91442,Moray,Scotland,Persecution (Other),August,2008,NJ13,Species targeted: Birds of Prey. Possession of: Carbofuran,No Link,cc242865-9d9c-432f-8002-96002a51627c
4462,91443,Scottish Borders,Scotland,Poisoning,October,2008,NT35,Species involved: Buzzard x1. Tested positive for: Carbofuran,No Link,c400a789-e8a4-42ee-9991-d21d27c7eac9
4463,92209,Nottinghamshire,England,Shooting,January,2008,SK64,Species involved: Barn Owl x1,No Link,6d1b5203-1b30-435d-93b1-c87b164ae3de
4464,92915,Dorset,England,Shooting,February,2008,ST70,Species involved: Buzzard x1,No Link,aaac57e7-039f-40d5-ab00-c7677eb5fec1
4465,93977,East Ayrshire,Scotland,Poisoning,April,2008,NS53,Species targeted: Birds of Prey. Species involved: poison bait (Pigeon Bait (Species Unknown) x1). Tested positive for: Carbofuran,No Link,a3113a8d-bb1b-4ebc-9aca-90bd8450f88a
4466,93978,East Ayrshire,Scotland,Poisoning,April,2008,NS53,Species targeted: Birds of Prey. Species involved: poison bait (Rabbit Bait x1). Tested positive for: Carbofuran,No Link,3a76d73c-b2eb-474a-be5a-e31ce30f33c0
4467,93980,East Ayrshire,Scotland,Poisoning,April,2008,NS53,Species involved: Buzzard x2. Tested positive for: Carbofuran,No Link,873b31c0-b7d7-41c5-ba19-d6acb4832eee
4468,94294,Wiltshire,England,Trapping,July,2008,ST92,"Species targeted: Birds of Prey, Owls",No Link,9ea7976e-5839-4a7d-b03d-9f5778fbbf4f
4469,100722,Perth and Kinross,Scotland,Shooting,October,2008,NO23,Species involved: Buzzard x1,No Link,885debba-3dfc-46c6-8cca-c2a4fd1ebb17
4470,101810,Aberdeenshire,Scotland,Persecution (Other),June,2008,NO69,Species targeted: Birds of Prey. Possession of: Carbofuran,No Link,1d0be15a-5dd3-41b1-a73d-8cae22e555b3
4471,105176,Essex,England,Poisoning,March,2008,TL43,Species involved: Buzzard x1. Tested positive for: Endrin,#N/A,05519181-f4b8-4178-b210-3cd753cb33db
4472,90586,East Ayrshire,Scotland,Poisoning,January,2009,NS43,Species targeted: Birds of Prey. Species involved: Cat x1. Tested positive for: Carbofuran,No Link,df4178bc-d0a4-4bf5-94e2-754bf76796b8
4473,90664,Cumbria,England,Shooting,January,2009,NY45,Species involved: Buzzard x1,No Link,4b7f51db-18df-4f51-9d5c-46952aaf7e54
4474,91023,Perth and Kinross,Scotland,Poisoning,January,2009,NN85,Species involved: Tawny Owl x1. Tested positive for: Alphachloralose,No Link,e629727a-05d7-44f3-863e-d91af28f0c45
4475,91073,North Yorkshire,England,Shooting,February,2009,SE88,Species involved: Buzzard x1,No Link,73f4cfd3-de8f-4220-876b-037b431f1635
4476,91080,Highland,Scotland,Poisoning,February,2009,NH72,Species targeted: Birds of Prey. Species involved: Raven x1. Tested positive for: Carbofuran,No Link,5633dd93-7e1d-4b57-a06f-fd1e91031641
4477,91217,West Midlands,England,Poisoning,February,2009,SJ90,Species targeted: Peregrine Falcon. Species involved: poison bait (Pigeon Bait (Species Unknown) x1). Tested positive for: Aldicarb,No Link,e333200a-6c2b-46ee-b2c6-9823d54b1593
4478,91323,North Yorkshire,England,Shooting,March,2009,SE38,Species involved: Buzzard x1,No Link,4ffec332-03e8-4961-9f5f-c53f23631ac4
4479,91343,Staffordshire,England,Trapping,March,2009,SK00,Species involved: Peregrine Falcon x1,No Link,b76f158e-37a1-43a4-8e55-97769eb4fe2a
4480,91367,East Riding of Yorkshire,England,Shooting,April,2009,SE84,Species involved: Buzzard x1,No Link,7aa77a56-931e-4d98-b624-70bd89fdb486
4481,91387,Perth and Kinross,Scotland,Poisoning,April,2009,NN85,Species involved: Buzzard x1. Tested positive for: Alphachloralose,No Link,11ad3d82-87ce-423f-ad68-2c41b610f456
4482,91388,Perth and Kinross,Scotland,Poisoning,April,2009,NN85,Species involved: Buzzard x1. Tested positive for: Alphachloralose,No Link,bec1f95e-2624-43f4-a7e3-8ef9f403f9a7
4483,91389,Perth and Kinross,Scotland,Poisoning,April,2009,NN85,Species involved: Buzzard x1. Tested positive for: Alphachloralose,No Link,b8962e0a-39e6-42b0-bf4a-5ee70b491026
4484,91393,Staffordshire,England,Trapping,April,2009,SK00,Species targeted: Peregrine Falcon,No Link,c3db62bb-2159-4fa5-a28e-ba56db0c7408
4485,91459,Staffordshire,England,Nest Destruction,May,2009,SJ90,Species targeted: Peregrine Falcon nest,No Link,178d2e15-24b9-49de-8aac-ff44d8b12073
4486,91467,Angus,Scotland,Poisoning,March,2009,NO46,Species involved: Buzzard x1. Tested positive for: Carbofuran,No Link,0286f86b-3cff-4b26-ab5f-b7c3e032e9fd
4487,91469,Angus,Scotland,Poisoning,March,2009,NO46,Species involved: Buzzard x1. Tested positive for: Carbofuran,No Link,c3cb6284-78f0-4e2b-928d-f47b0e77baef
4488,91475,Moray,Scotland,Poisoning,May,2009,NJ11,Species targeted: Birds of Prey. Species involved: Raven x2. Tested positive for: Mevinphos/Phosdrin,No Link,8d5e3481-fb3f-4d71-ac59-a85c68e66ac6
4489,91505,Cumbria,England,Poisoning,June,2009,NY01,Species targeted: Peregrine Falcon. Species involved: poison bait (Pigeon Bait (Species Unknown) x1). Tested positive for: Carbofuran,No Link,facbbe36-3292-4e40-b499-3adcf6d9ada0
4490,91538,Cumbria,England,Shooting,March,2009,NY45,Species involved: Buzzard x1,No Link,835c8b0a-3f7a-403f-8562-448d7b614535
4491,91590,Hertfordshire,England,Shooting,March,2009,TL23,Species involved: Tawny Owl x1,No Link,612c790d-8389-4a8a-9ea0-30eceef8c39e
4492,91597,Gloucestershire,England,Shooting,June,2009,SO50,Species involved: Peregrine Falcon x1,No Link,e8407e4e-868e-44b2-866c-5b0e763af71a
4493,91614,Scottish Borders,Scotland,Poisoning,March,2009,NT35,Species involved: Buzzard x1. Tested positive for: Carbofuran,No Link,a4282c9a-b44b-41e5-9a83-1fee08c6234e
4494,91616,Angus,Scotland,Poisoning,June,2009,NO45,Species involved: Red Kite x1. Tested positive for: Alphachloralose,No Link,d2ed4567-d4c2-4b5f-80d6-1f600a239627
4495,91617,Perth and Kinross,Scotland,Poisoning,March,2009,NN85,Species involved: Buzzard x2. Tested positive for: Alphachloralose,No Link,437d3c31-cfb7-463f-ba1d-b013b1dfb251
4496,91618,Moray,Scotland,Trapping,June,2009,NJ11,Species targeted: Birds of Prey,No Link,70970690-98d6-4d2b-b18b-7945ddfd1046
4497,91625,Caerphilly,Wales,Poisoning,January,2009,SO10,Species involved: Red Kite x1. Tested positive for: Mevinphos/Phosdrin,No Link,a38ef173-27cb-4b0a-8c08-9fa2d83dffba
4498,91645,Lincolnshire,England,Shooting,January,2009,SK95,Species involved: Kestrel x1,No Link,90fd2648-fc33-4801-8674-b686a274589a
4499,91658,Leicestershire,England,Poisoning,March,2009,SK82,Species involved: Buzzard x1. Tested positive for: Carbofuran,No Link,d1dff331-eff9-48f7-bbaf-bcf6ea54e964
4500,91679,Cumbria,England,Poisoning,April,2009,NY01,"Species targeted: Peregrine Falcon. Species involved: poison bait (Pigeon Bait (Species Unknown) x1). Tested positive for: Aldicarb, Carbofuran, Carbosulfan",No Link,34858c9b-aeeb-4b7a-abc2-b3afc1205549
4501,91681,Norfolk,England,Shooting,August,2009,TF84,Species involved: Buzzard x1,No Link,ab3829f0-c275-4c72-839e-6285090a784e
4502,91720,Aberdeenshire,Scotland,Shooting,June,2009,NJ31,Species involved: Buzzard x1,No Link,3ffd0841-b2da-41d7-9876-41b0d88dc166
4503,91723,Angus,Scotland,Poisoning,July,2009,NO58,Species involved: Golden Eagle x1. Tested positive for: Carbofuran,https://raptorpersecutionscotland.wordpress.com/2010/03/03/golden-eagle-alma-poisoned-on-millden-estate-angus/,139fb9a5-cfe5-46f0-8c62-6e19f3e70b27
4504,91724,South Lanarkshire,Scotland,Poisoning,April,2009,NS82,Species targeted: Birds of Prey. Species involved: poison bait (Rabbit Bait x1). Tested positive for: Carbofuran,No Link,63efdc81-6eeb-4a48-82b9-2eb1494ee804
4505,91731,Cumbria,England,Shooting,August,2009,NY35,Species involved: Buzzard x1,No Link,e44e368f-b37c-4b1e-8e46-bcf17cd334cd
4506,91740,North Yorkshire,England,Trapping,August,2009,SE16,Species involved: Sparrowhawk x1,No Link,31ad72de-ed9b-42b8-b149-e77f60a8cf8d
4507,91862,Perth and Kinross,Scotland,Poisoning,August,2009,NO23,"Species Involved: Buzzard x1; poison bait (Pheasant Bait x1). Tested positive for: Alphachloralose, Carbofuran",No Link,99a9b463-43b0-4f12-93d0-0d3ea7991e79
4508,91863,Perth and Kinross,Scotland,Persecution (Other),September,2009,NO23,"Species targeted: Birds of Prey. Possession of: Alphachloralose, Carbofuran",No Link,3b23ee07-c6a3-4552-85b5-8259dcf2ff48
4509,91865,Perth and Kinross,Scotland,Shooting,September,2009,NO23,Species involved: Buzzard x1,No Link,86bcb468-14b0-44fa-a9d1-66fdc7c43ed5
4510,91866,Argyll and Bute,Scotland,Poisoning,June,2009,NN23,"Species involved: Golden Eagle x1. Tested positive for: Carbofuran, Methiocarb, Other, Strychnine",http://ww2.rspb.org.uk/our-work/rspb-news/news/323999-farm-manager-convicted-of-poison-possession-after-golden-eagle-is-killed-near-bridge-of-orchy,a47a3b29-d3b1-4081-90ea-46ea621abc33
4511,91868,Argyll and Bute,Scotland,Poisoning,June,2009,NN23,Species targeted: Birds of Prey. Species involved: Fox x1. Tested positive for: Carbofuran,No Link,5a81c06e-5a49-4938-a90b-0c9834d0840f
4512,91869,Argyll and Bute,Scotland,Poisoning,June,2009,NN23,Species targeted: Birds of Prey. Species involved: poison bait (Sheep x1). Tested positive for: Carbofuran,No Link,9805f8f2-f22d-4e31-a097-e580d145911e
4513,91872,Perth and Kinross,Scotland,Shooting,February,2009,NN81,Species involved: Birds of Prey x1,No Link,f0342127-ddd5-40bd-9e7b-4196bdbd1d14
4514,91936,North Yorkshire,England,Shooting,September,2009,SE29,Species involved: Peregrine Falcon x1,No Link,06b3c6af-5deb-462d-9d1e-eb92c95c5efa
4515,91988,Northumberland,England,Shooting,September,2009,NU11,Species involved: Buzzard x1,No Link,3e0cf008-2d96-47e8-8152-7f7c670c22b7
4516,92020,Herefordshire,England,Shooting,September,2009,SO63,Species involved: Buzzard x1,No Link,8f308732-db37-4b04-a1f0-3a26c7bcb0bf
4517,92071,West Dunbartonshire,Scotland,Trapping,September,2009,NS38,Species targeted: Birds of Prey,No Link,36e9bdd4-c162-40da-8561-23a2475298fa
4518,92102,North Yorkshire,England,Shooting,April,2009,Unknown/Withheld,Species involved: Buzzard x1,No Link,d58a1d77-3f8d-4971-948b-b02ae45b7299
4519,92122,Highland,Scotland,Poisoning,March,2009,NH58,Species involved: Buzzard x1. Tested positive for: Alphachloralose,No Link,ca18eaa8-36ac-43b8-ab30-ccc5e5814d6c
4520,92132,Glasgow City,Scotland,Persecution (Other),July,2009,NS66,Species involved: Sparrowhawk x1,No Link,4c15583f-48fd-40a3-9ae6-92aab657c54f
4521,92136,Highland,Scotland,Poisoning,April,2009,NH72,Species involved: Red Kite x1. Tested positive for: Carbofuran,No Link,1d3f3701-5715-4bf0-a8da-57744b04934b
4522,92143,Herefordshire,England,Poisoning,October,2009,SO53,Species Involved: Buzzard x1; poison bait (Pheasant Bait x1). Tested positive for: Bendiocarb,No Link,4afc3bb0-c1df-43ce-ae1a-cf88a940d854
4523,92157,Perth and Kinross,Scotland,Poisoning,October,2009,NO04,Species involved: Red Kite x1. Tested positive for: Carbofuran,No Link,8f66bcab-3504-481a-9caa-b2f75095e80b
4524,92159,South Lanarkshire,Scotland,Poisoning,October,2009,NT03,Species Involved: Buzzard x1; poison bait (Rabbit Bait x1). Tested positive for: Alphachloralose,No Link,b349fb65-6baa-471b-bf06-e6d1c1bef00b
4525,92187,Down,Northern Ireland,Poisoning,October,2009,J03,Species Involved: Red Kite x1; poison bait (Rabbit Bait x1). Tested positive for: Alphachloralose,No Link,87502ca8-3bdf-4349-b4a5-d6a78f216eda
4526,92210,Cornwall,England,Shooting,October,2009,SW83,Species involved: Barn Owl x1,No Link,2662c991-d149-403b-9ad2-9af421c0fd10
4527,92308,South Lanarkshire,Scotland,Persecution (Other),November,2009,NT03,Species targeted: Birds of Prey. Possession of: Alphachloralose,No Link,73fda2d5-3e6c-43ac-9302-844d97d73616
4528,92309,South Lanarkshire,Scotland,Persecution (Other),November,2009,NT03,Species targeted: Birds of Prey. Possession of: Alphachloralose,No Link,e65bcc2c-a014-4ef3-9a2e-5ef67cfc77c9
4529,92310,Angus,Scotland,Persecution (Other),July,2009,NO57,Species targeted: Birds of Prey. Possession of: Alphachloralose,No Link,6540007c-d058-49fc-a342-984870093d6c
4530,92312,Perth and Kinross,Scotland,Shooting,December,2009,NN81,Species involved: Red Kite x1,No Link,d1af331d-d857-4bd7-8b88-b2ef2f4e329b
4531,92318,South Lanarkshire,Scotland,Poisoning,November,2009,NT03,Species targeted: Birds of Prey. Species involved: poison bait (Rabbit Bait x1). Tested positive for: Alphachloralose,No Link,489d047c-8803-4dd0-928c-49c4ba333ea5
4532,92319,South Lanarkshire,Scotland,Poisoning,November,2009,NT03,Species involved: Buzzard x1. Tested positive for: Alphachloralose,No Link,ff500341-055f-4bd4-a8e5-77d9fcb0b404
4533,92320,South Lanarkshire,Scotland,Poisoning,November,2009,NT03,Species involved: Buzzard x2. Tested positive for: Alphachloralose,No Link,1ebad6cc-d48c-4bd0-8e2a-7626de675a2b
4534,92334,Moray,Scotland,Poisoning,May,2009,NJ13,Species involved: Buzzard x1. Tested positive for: Carbofuran,No Link,3e8b3fc8-6554-4f22-b6cf-42338afc52b3
4535,92335,South Lanarkshire,Scotland,Poisoning,March,2009,NS82,Species targeted: Birds of Prey. Species involved: poison bait (Rabbit Bait x1). Tested positive for: Carbofuran,No Link,5c81f161-6d85-45fe-be06-b1fe5d047d1c
4536,92338,South Lanarkshire,Scotland,Poisoning,March,2009,NS81,Species targeted: Birds of Prey. Species involved: Raven x1. Tested positive for: Carbofuran,No Link,af06234e-0753-4b12-a53d-29aeef7ce756
4537,92340,Moray,Scotland,Poisoning,June,2009,NJ11,Species targeted: Birds of Prey. Species involved: poison bait (Rabbit Bait x1). Tested positive for: Mevinphos/Phosdrin,No Link,8bc61954-5704-4b70-a73d-a1f5bec18fd6
4538,92365,East Ayrshire,Scotland,Poisoning,April,2009,NS53,Species Involved: Buzzard x1; poison bait (Pigeon Bait (Species Unknown) x1). Tested positive for: Carbofuran,No Link,07df0528-8f7d-4750-a577-db9521358354
4539,92367,Carmarthenshire,Wales,Poisoning,August,2009,SN63,Species involved: Red Kite x1. Tested positive for: Carbofuran,No Link,c62d685c-cbbe-4b69-9ea6-929baad02fa3
4540,92373,Argyll and Bute,Scotland,Persecution (Other),June,2009,NN33,"Species targeted: Birds of Prey. Possession of: Carbofuran, Methiocarb",No Link,6aa19da5-7a55-4e21-b557-a793989cf1a7
4541,92384,South Lanarkshire,Scotland,Poisoning,April,2009,NS81,Species targeted: Birds of Prey. Species involved: Raven x1. Tested positive for: Carbofuran,No Link,508af824-018c-4679-abb9-e1b82b0e3e56
4542,92386,South Lanarkshire,Scotland,Persecution (Other),April,2009,NS92,Species targeted: Birds of Prey. Possession of: Carbofuran,No Link,0d68f3d0-bce4-4d51-9482-094527fc38c2
4543,92389,Scottish Borders,Scotland,Poisoning,June,2009,NT35,Species involved: Red Kite x1. Tested positive for: Carbofuran,No Link,8dacf036-c63c-4f75-8bd0-456c97c285a9
4544,92390,Scottish Borders,Scotland,Poisoning,June,2009,NT35,"Species targeted: Birds of Prey. Species involved: poison bait (Rabbit Bait x1, Pigeon Bait (Species Unknown) x2). Tested positive for: Carbofuran",No Link,377468bc-0117-4c67-932a-078929002534
4545,92392,Scottish Borders,Scotland,Poisoning,June,2009,NT35,Species targeted: Birds of Prey. Species involved: poison bait (Rabbit Bait x1). Tested positive for: Carbofuran,No Link,e89b1e5a-26e6-4c64-8a5c-800c363692a3
4546,92396,Scottish Borders,Scotland,Poisoning,March,2009,NT35,Species involved: Buzzard x1. Tested positive for: Carbofuran,No Link,0a4de12a-8368-4b5c-8b49-c26a05594edb
4547,92400,Angus,Scotland,Poisoning,April,2009,NO57,Species involved: Buzzard x1. Tested positive for: Alphachloralose,No Link,deb6108b-377e-4108-9ec5-b1e7afb3c16c
4548,92425,Dumfries and Galloway,Scotland,Poisoning,October,2009,NX75,Species involved: Buzzard x2. Tested positive for: Carbofuran,No Link,c9d16237-e394-4742-be63-48be61cad205
4549,92426,Northamptonshire,England,Shooting,December,2009,SP99,Species involved: Red Kite x1,No Link,a75256e3-ce06-4557-a942-fa5452a54eb6
4550,92427,Northamptonshire,England,Shooting,June,2009,SP99,Species involved: Red Kite x1,No Link,528eb383-fce5-4847-87ce-49fe0d22c2ab
4551,92433,North Yorkshire,England,Shooting,May,2009,NZ50,Species involved: Kestrel x1,No Link,d0d7bfad-7474-4de4-b09c-070dfa6975e2
4552,92477,Angus,Scotland,Poisoning,June,2009,NO46,Species involved: White-tailed Eagle x1. Tested positive for: Carbofuran,No Link,a5002780-c6fd-49c0-8453-da7a7024c81c
4553,92516,Scottish Borders,Scotland,Poisoning,September,2009,NT55,Species involved: Buzzard x1. Tested positive for: Carbofuran,No Link,a44376df-0476-4f2d-a4de-827afe783a7e
4554,92517,Scottish Borders,Scotland,Poisoning,June,2009,NT44,Species involved: Buzzard x1. Tested positive for: Carbofuran,No Link,1cb30ad3-02fe-46fb-b39f-def04290df1f
4555,92534,Norfolk,England,Poisoning,October,2009,TF62,Species Involved: Sparrowhawk x1; poison bait (Pigeon Bait (Species Unknown) x3). Tested positive for: Bendiocarb,No Link,7c5250a8-cb01-43f5-9437-a759f56707ff
4556,92536,Wiltshire,England,Poisoning,October,2009,SU25,Species Involved: Red Kite x1; poison bait (Grey Partridge x1). Tested positive for: Alphachloralose,No Link,31259c92-9fec-4524-82e4-ea44e269e575
4557,92551,Greater London,England,Shooting,September,2009,TQ29,Species involved: Hobby x1,No Link,9dc28c95-c97e-40f0-889d-6030d299de73
4558,92553,Tyrone,Northern Ireland,Poisoning,June,2009,H85,Species targeted: Birds of Prey. Species involved: poison bait (Rabbit Bait x1). Tested positive for: Alphachloralose,No Link,56dd6759-85ea-4209-8e06-543593d1ab99
4559,92559,Down,Northern Ireland,Poisoning,April,2009,J44,Species targeted: Birds of Prey. Species involved: Raven x1. Tested positive for: Alphachloralose,No Link,9185cb9c-308b-45f0-9e4f-2a403ee9165c
4560,92565,Tyne and Wear,England,Shooting,December,2009,NZ15,Species involved: Red Kite x1,No Link,b130f771-5fa6-4015-8fae-291cd0f1f446
4561,92608,North Yorkshire,England,Shooting,April,2009,SE24,Species involved: Red Kite x1,No Link,a6164d89-65a2-4e63-8599-63a5f5aa1a5a
4562,92609,North Yorkshire,England,Poisoning,April,2009,SE24,Species involved: Red Kite x1. Tested positive for: Carbofuran,No Link,04801b78-3aa5-4385-9f33-18bd109a3087
4563,92637,Bedfordshire,England,Shooting,January,2009,TL13,Species involved: Barn Owl x1,No Link,31f02ba5-6d65-41fc-8394-67dccbfe88a2
4564,92668,Perth and Kinross,Scotland,Persecution (Other),April,2009,NN85,Species targeted: Birds of Prey. Possession of: Alphachloralose,No Link,626127a4-c066-4cad-806e-7970ca842b47
4565,92690,Devon,England,Poisoning,February,2009,SX98,Species targeted: Birds of Prey. Species involved: poison bait (Pigeon Bait (Species Unknown) x1). Tested positive for: Aldicarb,No Link,148ce346-488b-4633-a693-634ca5fc9f3a
4566,92691,Devon,England,Poisoning,February,2009,SX98,Species targeted: Birds of Prey. Species involved: poison bait (Pigeon Bait (Species Unknown) x1). Tested positive for: Aldicarb,No Link,20ffa121-4044-4d57-beff-d8ccae7a55fa
4567,92704,North Yorkshire,England,Shooting,February,2009,SE54,Species involved: Buzzard x1,No Link,d73629b3-0ef4-4c07-b87b-53ab7a6ed1ab
4568,92722,Herefordshire,England,Poisoning,October,2009,SO53,Species targeted: Birds of Prey. Species involved: Raven x5; poison bait (Pheasant Bait x2). Tested positive for: Bendiocarb,No Link,b9efd855-7f93-4f9d-8382-916831c1cf0c
4569,92723,Herefordshire,England,Poisoning,October,2009,SO53,Species Involved: Buzzard x1; poison bait (Pheasant Bait x1). Tested positive for: Bendiocarb,No Link,f7183fb9-49b2-42c7-9457-f13636c31906
4570,92726,Herefordshire,England,Poisoning,November,2009,SO53,"Species targeted: Birds of Prey, Raven. Species involved: poison bait (Pheasant Bait x1). Tested positive for: Bendiocarb",No Link,1fd364fa-4d8d-4498-9d45-3bdc6ad76633
4571,92727,Herefordshire,England,Poisoning,November,2009,SO53,Species targeted: Birds of Prey. Species involved: Raven x1. Tested positive for: Bendiocarb,No Link,13ad6114-0c01-410f-bf6c-b19b15c9e04e
4572,92728,Herefordshire,England,Poisoning,November,2009,SO53,"Species targeted: Birds of Prey, Raven. Species involved: poison bait (Pigeon Bait (Species Unknown) x1). Tested positive for: Bendiocarb",No Link,7314db45-f65a-45d1-92d7-57e55214cbef
4573,92729,Herefordshire,England,Poisoning,November,2009,SO53,"Species targeted: Birds of Prey, Raven. Species involved: poison bait (Pheasant Bait x2). Tested positive for: Bendiocarb",No Link,5b90809f-1313-45aa-9581-75d952565f3b
4574,92741,Aberdeenshire,Scotland,Trapping,April,2009,NJ93,Species involved: Buzzard x1,No Link,1187c286-8239-4546-995a-81a31e5aeb2b
4575,92745,Falkirk,Scotland,Shooting,January,2009,NS97,Species involved: Buzzard x1,No Link,e7c64a52-47a7-4d1c-8c29-c85fe0eb3d69
4576,92748,Herefordshire,England,Poisoning,November,2009,SO53,Species involved: Buzzard x1. Tested positive for: Bendiocarb,No Link,570cdc15-2446-4f4e-8eb1-d04442acc5f3
4577,92749,Herefordshire,England,Persecution (Other),November,2009,SO53,"Species targeted: Birds of Prey, Corvidae, Raven. Possession of: Bendiocarb",No Link,d6f42fe4-ff57-4b32-961a-3935aeda908b
4578,92751,Herefordshire,England,Poisoning,November,2009,SO53,"Species targeted: Birds of Prey, Corvidae. Species involved: poison bait (Meat x1). Tested positive for: Bendiocarb",No Link,55cf54a9-596f-4130-b5c4-d65fb354e11f
4579,92752,Herefordshire,England,Poisoning,November,2009,SO53,"Species targeted: Birds of Prey, Corvidae, Raven. Species involved: poison bait (Pheasant Bait x1). Tested positive for: Bendiocarb",No Link,be8e6448-76e9-4a8d-b1db-3e311a63cda4
4580,92753,Herefordshire,England,Poisoning,November,2009,SO53,"Species targeted: Birds of Prey, Corvidae, Raven. Species involved: poison bait (Pheasant Bait, Pheasant Bait, Pheasant Bait x1). Tested positive for: Bendiocarb, Bendiocarb, Bendiocarb",No Link,d025a483-7883-4488-a250-60c8298a9204
4581,92754,Herefordshire,England,Poisoning,November,2009,SO53,"Species targeted: Birds of Prey, Corvidae, Raven. Species involved: poison bait (Pheasant Bait x1). Tested positive for: Bendiocarb",No Link,784781de-1d72-4762-a6c7-9943d0a483eb
4582,92755,Herefordshire,England,Poisoning,November,2009,SO53,"Species targeted: Birds of Prey, Raven. Species involved: poison bait (Pheasant Bait x1). Tested positive for: Bendiocarb",No Link,58381151-fd55-4327-a2d2-1b7bc43e8ab0
4583,92842,Leicestershire,England,Shooting,October,2009,Unknown/Withheld,Species involved: Buzzard x1,No Link,f45c02ba-ed13-4984-b4f0-6a960e943518
4584,92883,Lancashire,England,Shooting,April,2009,Unknown/Withheld,Species involved: Buzzard x1,No Link,0462cdfb-3567-496f-9d78-4c072c0eeeea
4585,92924,Norfolk,England,Shooting,December,2009,TF72,Species involved: Buzzard x1,No Link,04f7788b-c9f6-4088-bf68-5a327fde7ed5
4586,92929,Norfolk,England,Shooting,Withheld,2009,TF72,Species involved: Little Owl x1,No Link,55093f95-c302-4772-8cf3-6567992df38e
4587,92930,Norfolk,England,Trapping,Withheld,2009,TF72,Species involved: Buzzard x1,No Link,f5d4a823-90d1-4e6a-b963-67f70fd61c0a
4588,92933,Norfolk,England,Trapping,Withheld,2009,TF72,"Species targeted: Birds of Prey, Owls",No Link,5fb59b84-0991-4a33-a77c-ab0e745e545b
4589,92935,Norfolk,England,Trapping,Withheld,2009,TF72,Species involved: Little Owl x1,No Link,d8e37429-7c22-401f-81c2-ee85a044f241
4590,92953,Armagh,Northern Ireland,Poisoning,January,2009,H84,"Species targeted: Birds of Prey. Species involved: Mouse (Unspecified) x1, Blackbird x1, Magpie x1, Dog x1. Tested positive for: Alphachloralose, Alphachloralose, Alphachloralose, Alphachloralose, Alphachloralose",No Link,cfb86b47-7646-4fea-bf41-a8d2cef4e13f
4591,92954,Cambridgeshire,England,Poisoning,March,2009,TL17,Species involved: Buzzard x1. Tested positive for: Alphachloralose,No Link,7e529a1f-6dee-46d6-bca4-152c5b0e85f8
4592,92962,Down,Northern Ireland,Poisoning,May,2009,Unknown/Withheld,Species involved: Buzzard x1. Tested positive for: Carbofuran,No Link,0db35c8a-d7cd-4955-973e-18be49238a70
4593,92964,Antrim,Northern Ireland,Poisoning,July,2009,Unknown/Withheld,Species involved: Buzzard x1. Tested positive for: Carbofuran,No Link,48aa8090-b6fe-42ae-9871-a2408f391fe3
4594,92969,South Yorkshire,England,Poisoning,September,2009,SK29,Species targeted: Birds of Prey. Species involved: Dog x3. Tested positive for: Strychnine,No Link,4e2854b0-d071-4d1b-a567-054c668146e3
4595,93026,Derbyshire,England,Poisoning,October,2009,SK43,Species involved: Buzzard x1. Tested positive for: Alphachloralose,No Link,4e11aea3-b2a1-48f8-903d-0a900155839a
4596,93245,Highland,Scotland,Trapping,November,2009,NN68,Species targeted: Birds of Prey,No Link,0f699e49-e337-4be4-8663-81cd8ad1ff8f
4597,93265,Highland,Scotland,Poisoning,January,2009,NG25,"Species targeted: Birds of Prey, Raven. Species involved: poison bait (Sheep x1). Tested positive for: Coumarin/Coumatetralyl",No Link,abd089f6-91da-48ff-9244-ab657e85b97d
4598,93525,North Yorkshire,England,Shooting,October,2009,NZ50,Species involved: Goshawk x1,No Link,b935b2e2-0b4e-4e64-b254-f175a2e5e718
4599,93706,Highland,Scotland,Nest Destruction,Withheld,2009,NG25,Species involved: White-tailed Eagle x1 nest,No Link,0a18dc28-d662-41cb-8edb-1222cfc46b85
4600,93781,Northumberland,England,Shooting,March,2009,NZ17,Species involved: Sparrowhawk x1,No Link,8aa6b3b0-f059-4e4a-9162-0c4358ed872a
4601,94206,Devon,England,Shooting,June,2009,SS72,Species involved: Buzzard x1,No Link,574fc4c7-0861-4a3f-8885-06e541242f77
4602,96803,Armagh,Northern Ireland,Poisoning,October,2009,J03,Species involved: Buzzard x1. Tested positive for: Alphachloralose,No Link,206d58ba-14c4-4e09-80cd-0e4842e8c2a6
4603,105179,Lincolnshire,England,Persecution (Other),July,2009,SK82,Species targeted: Birds of Prey. Possession of: Aldicarb,#N/A,112225c1-0aa5-4c8b-afe0-faed3e1862fb
4604,105181,Lincolnshire,England,Persecution (Other),August,2009,SK92,"Species targeted: Birds of Prey. Possession of: Malathion, Mevinphos/Phosdrin, Oxamyl",#N/A,caecc5de-e10d-406d-a5eb-362fee5e55d1
4605,105985,Carmarthenshire,Wales,Poisoning,September,2009,SN21,Species involved: Red Kite x1. Tested positive for: Carbofuran,#N/A,96bf50a0-9cd9-4eb0-b6cd-3c8ba2598dc7
4606,105986,Powys,Wales,Poisoning,October,2009,SH80,Species involved: Red Kite x1. Tested positive for: Diazinon/Dimpylate,#N/A,5e4a7b0c-85d2-4a70-961b-8d6cbf0ca6e3
4607,92462,Herefordshire,England,Shooting,January,2010,SO63,Species involved: Peregrine Falcon x1,No Link,a16b17c2-c898-4829-a185-b56d28e0b065
4608,92479,Dumfries and Galloway,Scotland,Poisoning,January,2010,NX97,"Species involved: Red Kite x1. Tested positive for: Carbofuran, Carbosulfan",No Link,877a7d0a-1223-4dd8-96f1-6f755f2e7a4b
4609,92526,North Yorkshire,England,Poisoning,February,2010,SD88,Species Involved: Buzzard x2; poison bait (Rabbit Bait x2). Tested positive for: Alphachloralose,No Link,33fc8cbf-7cd7-47f6-991c-db6e547f9c24
4610,92606,Northumberland,England,Poisoning,February,2010,NY95,Species involved: Red Kite x2. Tested positive for: Alphachloralose,No Link,2cca3f37-0bbf-481a-8c01-53270a390404
4611,92859,Northumberland,England,Persecution (Other),March,2010,NT93,Species targeted: Birds of Prey. Possession of: Alphachloralose,No Link,2572e431-5d06-49a6-9274-db43d9a8d991
4612,92864,Northumberland,England,Poisoning,March,2010,NT83,Species involved: Buzzard x2. Tested positive for: Carbofuran,No Link,e4fad0f2-9d40-4f2d-b5f2-7cd36e43cef2
4613,92972,Shropshire,England,Poisoning,May,2010,SO57,Species involved: Peregrine Falcon x2. Tested positive for: Diazinon/Dimpylate,No Link,e694eae8-bf91-4142-9cba-22024a3fc0ec
4614,92984,Hertfordshire,England,Shooting,February,2010,TL30,Species involved: Buzzard x1,No Link,33cc8c66-7fb9-4154-845b-07a38af70e96
4615,93015,Leicestershire,England,Shooting,January,2010,SK40,Species involved: Buzzard x1,No Link,9800b5b5-a073-42a6-a1a7-5427cc5ffa28
4616,93023,Staffordshire,England,Nest Destruction,May,2010,SJ90,Species involved: Peregrine Falcon x3 nest,No Link,db19a47c-90d4-4550-8787-42f0a354e711
4617,93029,Dorset,England,Shooting,February,2010,SY99,Species involved: Buzzard x1,No Link,d370de09-ea2b-4e48-9139-a77a8342172d
4618,93037,Dumfries and Galloway,Scotland,Poisoning,March,2010,NS81,"Species involved: Buzzard x1. Tested positive for: Carbofuran, Carbosulfan",No Link,bea2b61d-08b3-4228-b0e1-ea533173030a
4619,93045,Lancashire,England,Shooting,June,2010,SD62,Species involved: Peregrine Falcon x3,No Link,736d269a-03a6-452c-8cb1-b8827a8d3956
4620,93056,Hertfordshire,England,Shooting,June,2010,SP81,Species involved: Red Kite x1,No Link,3fa388fd-ec76-4ded-9f28-0c9f0879e91d
4621,93072,Highland,Scotland,Poisoning,May,2010,NH69,Species involved: Golden Eagle x1. Tested positive for: Aldicarb,No Link,61451a61-d905-482f-8de4-10b26daa2ce2
4622,93075,Dumfries and Galloway,Scotland,Nest Destruction,May,2010,NS80,Species involved: Peregrine Falcon x2 nest,No Link,12f5c371-8124-4348-9a78-dba3241695bc
4623,93086,Stirling,Scotland,Trapping,May,2010,NS79,"Species targeted: Sparrowhawk, Peregrine Falcon",No Link,5b898882-1dca-4f98-81df-18ea7930c768
4624,93093,Cambridgeshire,England,Shooting,February,2010,TL57,Species involved: Peregrine Falcon x1,"https://btoringing.blogspot.com/2010/02/finnish-peregrine-shot-in.html#:~:text=Finnish%20Peregrine%20shot%20in%20Cambridgeshire%20We%20recently%20received,been%20shot%2C%20with%20vets%20eventually%20removing%20four%20pellets.",a8c85b35-9aa8-463c-bad6-4ff23886c2c3
4625,93094,North Yorkshire,England,Shooting,March,2010,SE69,Species involved: Goshawk x1,No Link,f115843c-f5f2-4238-a1d4-7d4f680f771a
4626,93146,Leicestershire,England,Trapping,August,2010,SP79,"Species targeted: Birds of Prey, Owls",No Link,1037e5e6-638b-4f31-92d0-e506d99863e9
4627,93157,County Durham,England,Poisoning,April,2010,NZ02,Species involved: Red Kite x1. Tested positive for: Carbofuran,No Link,125f66fb-0348-4247-85e0-d029cb76fd24
4628,93169,Staffordshire,England,Shooting,July,2010,SJ96,Species involved: Barn Owl x1,No Link,3e027f1b-8848-422f-b869-fb1dbdb9b877
4629,93209,County Durham,England,Shooting,April,2010,NZ02,Species involved: Buzzard x1,No Link,83cd0fe8-ff3e-4f93-8315-54fbd6f1b6a2
4630,93213,North Yorkshire,England,Shooting,September,2010,SE17,Species involved: Buzzard x1,No Link,88ca7f24-e386-4db7-9d80-31af1d69d84b
4631,93252,Highland,Scotland,Trapping,June,2010,NN68,Species involved: Goshawk x1,No Link,ea3f4e78-9802-41c9-b654-9eb3e6ace6b3
4632,93259,Highland,Scotland,Trapping,June,2010,NN68,Species targeted: Birds of Prey,No Link,67836b37-f4b4-42ae-9194-66bab9727182
4633,93263,Highland,Scotland,Poisoning,May,2010,NH84,Species involved: Red Kite x1. Tested positive for: Aldicarb,No Link,5515be36-0dc8-4510-ba76-d6d2c6b0fef9
4634,93274,Perth and Kinross,Scotland,Poisoning,July,2010,NN85,Species involved: Red Kite x1. Tested positive for: Carbofuran,No Link,7c535fc0-64bc-48e7-928a-4bbc9ab7aad8
4635,93278,Highland,Scotland,Poisoning,May,2010,NH69,Species involved: Golden Eagle x1. Tested positive for: Carbofuran,No Link,9c3c1380-ca01-436c-853d-02793c44ae6e
4636,93279,Highland,Scotland,Poisoning,May,2010,NH69,Species Involved: Sparrowhawk x1; poison bait (Grouse Bait x1). Tested positive for: Carbofuran,No Link,ca37dc36-6128-4c86-aa2c-7e4e6dcf7d43
4637,93281,Highland,Scotland,Poisoning,May,2010,NH69,Species involved: Golden Eagle x1. Tested positive for: Carbofuran,No Link,468c04e6-1b25-49e1-bfa7-4f3e93c62741
4638,93284,Highland,Scotland,Persecution (Other),May,2010,NH78,Species targeted: Birds of Prey. Possession of: Carbofuran,No Link,495be843-7f90-4b71-973c-05183a85ecfb
4639,93293,Highland,Scotland,Poisoning,May,2010,NH72,Species involved: Red Kite x1. Tested positive for: Aldicarb,No Link,83962998-1246-49a0-ada5-c9e77c2a0a7d
4640,93295,Highland,Scotland,Poisoning,June,2010,NH73,Species involved: White-tailed Eagle x1. Tested positive for: Carbofuran,No Link,ed5ca537-f658-4f93-a19b-af4e58e318ae
4641,93297,Highland,Scotland,Poisoning,June,2010,NH72,Species involved: Golden Eagle x1. Tested positive for: Carbofuran,No Link,a67f6060-e474-4e74-b117-0eb72e503b92
4642,93300,Highland,Scotland,Shooting,September,2010,ND13,Species involved: Osprey x1,No Link,225918da-7505-43b6-911d-64ed6f3d5ffb
4643,93313,Lancashire,England,Poisoning,March,2010,SD54,Species involved: Buzzard x2. Tested positive for: Alphachloralose,No Link,58642b8b-23b3-4801-91d0-6f0e1ba5b8ae
4644,93316,Derbyshire,England,Poisoning,April,2010,SK25,"Species Involved: Buzzard x4; poison bait (Pheasant Bait x1, Hare Bait x1). Tested positive for: Carbofuran",No Link,bccf9eb9-ead7-439c-b878-5429ee471101
4645,93322,Torfaen,Wales,Poisoning,July,2010,SO20,Species Involved: Peregrine Falcon x2; poison bait (Pigeon Bait (Species Unknown) x1). Tested positive for: Carbofuran,No Link,18a5ae73-bb14-4584-bdd4-a1c9bce66f22
4646,93323,Ceredigion,Wales,Poisoning,April,2010,SN69,"Species involved: Red Kite x1, Buzzard x1. Tested positive for: Carbofuran, Carbofuran",No Link,3bcc69be-e5d8-4df8-8daf-cc5f07c339ee
4647,93324,Gloucestershire,England,Poisoning,June,2010,SO51,Species involved: Peregrine Falcon x1. Tested positive for: Diazinon/Dimpylate,No Link,055b6a48-f341-4c7f-a9d0-719eab43df0b
4648,93325,Cumbria,England,Shooting,September,2010,NY54,Species involved: Peregrine Falcon x1,No Link,7744fc10-ac87-48a0-a028-9748bf43a911
4649,93364,Norfolk,England,Poisoning,April,2010,TF70,Species involved: Buzzard x1. Tested positive for: Carbofuran,No Link,07a3b235-fd9b-4eaa-8243-0969bd531512
4650,93371,North Yorkshire,England,Poisoning,March,2010,SE49,Species involved: Goshawk x1. Tested positive for: Carbofuran,No Link,17251203-fced-42a4-ba40-ff7dcbe7e4e6
4651,93374,Northumberland,England,Poisoning,June,2010,NZ05,Species involved: Red Kite x1. Tested positive for: Carbofuran,No Link,5363feba-28da-4526-ab47-3d6b2adb4918
4652,93376,Northamptonshire,England,Poisoning,March,2010,SP88,Species involved: Red Kite x1. Tested positive for: Bendiocarb,No Link,df1bd5ff-edc8-4cd4-b30b-85942146f449
4653,93377,Northamptonshire,England,Poisoning,March,2010,SP88,Species involved: Red Kite x1. Tested positive for: Bendiocarb,No Link,07fbc730-328f-4072-aa2b-253bfbc8bcbf
4654,93379,Cumbria,England,Shooting,August,2010,SD78,Species involved: Red Kite x1,No Link,538ba6c8-e75c-4c88-9e3d-0f0477c9c6eb
4655,93382,North Yorkshire,England,Poisoning,March,2010,SE14,Species involved: Red Kite x1. Tested positive for: Alphachloralose,No Link,bc74696e-670f-4eb1-9637-c58165aa95b5
4656,93386,North Yorkshire,England,Poisoning,April,2010,SE15,Species involved: Red Kite x1. Tested positive for: Alphachloralose,No Link,c3b04a9b-24b3-41ef-9f6b-bef3bdf844eb
4657,93387,North Yorkshire,England,Poisoning,June,2010,SE14,Species involved: Red Kite x2. Tested positive for: Carbofuran,No Link,8f415a8b-c672-4a94-a052-3a4b3738f457
4658,93388,Ceredigion,Wales,Poisoning,March,2010,SN55,Species involved: Red Kite x1. Tested positive for: Fenthion,No Link,dbed0d8d-aff5-47de-afa0-f5aaa5506439
4659,93389,Lincolnshire,England,Poisoning,March,2010,TF02,Species involved: Red Kite x1. Tested positive for: Mevinphos/Phosdrin,No Link,d5b46789-d877-4588-8387-126f7d5afd4c
4660,93391,Surrey,England,Shooting,August,2010,TQ03,Species involved: Buzzard x1,No Link,e72bc716-b22b-47d2-9946-019ebea94cc4
4661,93393,Dumfries and Galloway,Scotland,Poisoning,April,2010,NS81,"Species targeted: Birds of Prey. Species involved: Carrion Crow x1. Tested positive for: Carbofuran, Carbosulfan",No Link,a7cf5bab-80db-4585-b48f-70f92fc41192
4662,93395,Highland,Scotland,Poisoning,March,2010,NH79,Species involved: Buzzard x2. Tested positive for: Carbofuran,No Link,1670a11f-8e2b-44bd-b52c-2e2ec201f7cc
4663,93401,County Durham,England,Shooting,March,2010,NZ22,Species involved: Sparrowhawk x1,No Link,287e4b59-178a-4422-a0fb-13addd92e09e
4664,93405,Down,Northern Ireland,Shooting,October,2010,J65,Species involved: Peregrine Falcon x1,No Link,95bc6fde-1752-47ce-9d23-ae7997512eb2
4665,93416,North Yorkshire,England,Poisoning,May,2010,SE06,"Species targeted: Birds of Prey, Corvidae. Species involved: poison bait (Chick Bait x13). Tested positive for: Mevinphos/Phosdrin",No Link,7172acbb-607c-49d8-ab3f-2fd20fc55fa5
4666,93452,Perth and Kinross,Scotland,Poisoning,October,2010,NT09,"Species involved: Buzzard x2. Tested positive for: Carbofuran, Isofenphos",No Link,f90ed404-9614-41f1-9ba1-63a1f483a85e
4667,93462,Highland,Scotland,Poisoning,September,2010,NJ12,Species Involved: Buzzard x2; poison bait (Rabbit Bait x1). Tested positive for: Carbofuran,No Link,d3b0014e-ee4e-455f-8faf-749c90c142ef
4668,93469,Lincolnshire,England,Shooting,October,2010,TA10,Species involved: Osprey x1,No Link,a8ac149d-1688-401f-b84d-ebf34838892a
4669,93485,West Sussex,England,Shooting,September,2010,TQ51,Species involved: Osprey x1,No Link,9b9ecb7e-8180-4056-be89-2f59dc22ea17
4670,93518,Derbyshire,England,Poisoning,February,2010,SK24,Species Involved: Buzzard x2; poison bait (Pheasant Bait x1). Tested positive for: Carbofuran,No Link,57e59ede-e97b-4499-83fe-8235a7ee2b9a
4671,93524,Shropshire,England,Poisoning,March,2010,SJ22,Species targeted: Birds of Prey. Species involved: Raven x2. Tested positive for: Diazinon/Dimpylate,No Link,d0e1a3c1-afb5-4b97-8faf-73bf3aea9fe7
4672,93542,Derbyshire,England,Trapping,May,2010,SK19,Species targeted: Goshawk,No Link,69e0707b-3a6c-4a2b-a3d3-dd48ce7003ff
4673,93543,Derbyshire,England,Trapping,April,2010,SK19,Species involved: Sparrowhawk x1,No Link,d71f9d0a-507e-447b-b7e9-7b3568fd59a3
4674,93544,Derbyshire,England,Trapping,May,2010,SK19,"Species targeted: Birds of Prey, Goshawk",No Link,e3af4566-7a86-408c-8ec9-6bccbf4bd4b1
4675,93554,Highland,Scotland,Persecution (Other),April,2010,NH73,Species involved: Red Kite x1,No Link,1ed14086-3244-413a-8550-34d1952cfc5b
4676,93557,Tyrone,Northern Ireland,Poisoning,November,2010,H17,"Species involved: Golden Eagle x1, Raven x1. Tested positive for: Carbofuran",No Link,65005c05-674a-433b-ab90-1092163ba352
4677,93567,Highland,Scotland,Poisoning,May,2010,NH73,Species Involved: Red Kite x1; poison bait (Grouse Bait x1). Tested positive for: Carbofuran,No Link,6dbeec33-230c-4e98-b439-845783933e21
4678,93571,North Yorkshire,England,Poisoning,October,2010,SE06,Species involved: Buzzard x1. Tested positive for: Carbofuran,No Link,292d6c48-2e59-4506-90bc-c6fae365a6db
4679,93572,Highland,Scotland,Trapping,May,2010,NH73,Species involved: Hen Harrier x1,No Link,82a5fa67-0bf2-4aff-83ad-60d973e254ab
4680,93579,Highland,Scotland,Trapping,June,2010,NH73,Species targeted: Birds of Prey,No Link,98fad521-d20d-476c-9f6b-8eefff3a9d7a
4681,93588,Stirling,Scotland,Poisoning,July,2010,NS79,Species targeted: Birds of Prey. Species involved: poison bait (Grouse Bait x1). Tested positive for: Mevinphos/Phosdrin,No Link,7a8b7200-6128-491c-be16-ff757d7fcc5f
4682,93591,Highland,Scotland,Poisoning,September,2010,NC70,Species targeted: Birds of Prey. Species involved: poison bait (Rabbit Bait x1). Tested positive for: Aldicarb,No Link,f324233a-0601-41f1-b5b4-9715ce71e97a
4683,93606,Highland,Scotland,Persecution (Other),May,2010,NH84,"Species targeted: Birds of Prey. Possession of: Carbofuran, Carbosulfan",No Link,fc4af77e-1bfd-476a-afb7-f3f105184656
4684,93607,Highland,Scotland,Poisoning,May,2010,NH84,"Species targeted: Birds of Prey. Species involved: poison bait (Meat). Tested positive for: Carbofuran, Carbosulfan",No Link,9bc26c53-5a08-40ee-9112-7308ae4ce757
4685,93608,South Lanarkshire,Scotland,Shooting,October,2010,NS81,Species involved: Short-eared Owl x1,No Link,9f4497a5-9c6d-4717-a8b4-0e514d62666f
4686,93614,Argyll and Bute,Scotland,Shooting,October,2010,NM71,Species involved: Buzzard x1,No Link,98b44676-4c81-449f-98f9-6bb8a5d386aa
4687,93616,Angus,Scotland,Poisoning,October,2010,NO46,Species targeted: Birds of Prey. Species involved: poison bait (Pigeon Bait (Species Unknown) x1). Tested positive for: Carbofuran,No Link,9806e8d2-ad94-4ce1-b772-e03f431865c2
4688,93617,Angus,Scotland,Poisoning,October,2010,NO46,Species Involved: Buzzard x1; poison bait (Pigeon Bait (Species Unknown) x1). Tested positive for: Carbofuran,No Link,e1c92df9-7b86-41c5-9d00-3a15c96af836
4689,93619,Angus,Scotland,Poisoning,September,2010,NO46,Species involved: Buzzard x1. Tested positive for: Alphachloralose,No Link,edec8ff6-551d-4040-9889-956af7569d5b
4690,93626,Derbyshire,England,Shooting,December,2010,SK08,Species involved: Buzzard x1,No Link,fee8216a-e473-4588-a40c-eab3635daf77
4691,93634,Highland,Scotland,Trapping,June,2010,NH73,Species involved: Red Kite x1,No Link,68dcba20-d51d-448b-957f-fb6ec1f6c6fb
4692,93644,Highland,Scotland,Trapping,June,2010,NH73,Species targeted: Birds of Prey,No Link,a00bd65d-3397-43ae-9311-9862082e5ed3
4693,93652,East Ayrshire,Scotland,Persecution (Other),June,2010,NS63,Species targeted: Hen Harrier,No Link,86c11f53-d974-4f11-9b37-f9d2daea37df
4694,93663,Angus,Scotland,Trapping,March,2010,NO58,Species targeted: Birds of Prey,No Link,04ba5090-151e-4c67-bcd5-79724646ce72
4695,93674,Perth and Kinross,Scotland,Poisoning,December,2010,NN82,Species involved: Red Kite x1. Tested positive for: Alphachloralose,No Link,f86d407a-1786-4962-ab8d-b3e071c87d7c
4696,93683,Highland,Scotland,Trapping,September,2010,NG92,Species targeted: Birds of Prey,No Link,d8ed64bb-9285-4aaf-92c2-56dd9e33af76
4697,93684,Highland,Scotland,Trapping,September,2010,NG92,Species targeted: Birds of Prey. Species involved: Bird x1,No Link,9bd5bbd4-ce6c-4354-9299-ef1246371ed6
4698,93685,Highland,Scotland,Trapping,September,2010,NG92,Species targeted: Birds of Prey,No Link,613f7af1-3d13-4bd3-a85d-c1de2483a53e
4699,93687,Highland,Scotland,Poisoning,October,2010,NH92,Species Involved: Buzzard x2; poison bait (Rabbit Bait x1). Tested positive for: Carbofuran,No Link,77ec23b7-c999-431f-945a-1a223ae78c5f
4700,93688,Angus,Scotland,Trapping,September,2010,NO25,Species involved: Goshawk x1,No Link,48143371-221a-411c-9835-19993ecdb5b9
4701,93689,Scottish Borders,Scotland,Poisoning,November,2010,NT35,Species involved: Buzzard x1. Tested positive for: Carbofuran,No Link,9adb053c-ee5d-459c-8ebf-9719ef7d5f74
4702,93699,Highland,Scotland,Persecution (Other),April,2010,NH55,Species involved: Sparrowhawk x1,No Link,9a33c954-6580-4c43-afc3-dccf5349e653
4703,93701,Cleveland,England,Trapping,April,2010,NZ41,Species targeted: Sparrowhawk,No Link,4157cf20-c0a0-4af7-be14-a69c874ed88c
4704,93705,Angus,Scotland,Poisoning,May,2010,NO46,Species involved: Red Kite x1. Tested positive for: Carbofuran,No Link,fd2676b0-2a81-4a9c-94a5-a2e712ecd66b
4705,93733,South Lanarkshire,Scotland,Poisoning,November,2010,NS93,Species Involved: Buzzard x1; poison bait (Pheasant Bait x1). Tested positive for: Carbofuran,No Link,943008a9-6eda-45f9-8df6-4e20afcbe482
4706,93784,West Midlands,England,Shooting,March,2010,SO99,Species involved: Sparrowhawk x1,No Link,77115b91-e263-4d7e-a28b-e42d405ec650
4707,93788,East Riding of Yorkshire,England,Shooting,December,2010,SE94,Species involved: Little Owl x1,No Link,17d79857-104a-4707-a0c4-939076d4c6c0
4708,93810,Somerset & Avon,England,Poisoning,October,2010,ST02,Species involved: Buzzard x1. Tested positive for: Carbofuran,No Link,b56be5df-c873-4f9d-be9a-22fc15b9e809
4709,93840,Shropshire,England,Trapping,August,2010,SO39,Species involved: Buzzard x1,No Link,2b7bd50b-a994-4b87-abff-ac9d7a2463af
4710,93854,East Sussex,England,Shooting,April,2010,TV59,Species involved: Peregrine Falcon x1,No Link,54d3bca1-1646-45a7-a587-65fa88a7536f
4711,93858,Hertfordshire,England,Shooting,February,2010,TL31,Species involved: Buzzard x1,No Link,4d89cac4-4e1f-4243-92b7-7e5f2c428f28
4712,93875,West Yorkshire,England,Trapping,June,2010,SE31,Species involved: Strigidae (Owls) x1,No Link,1a5d1fc7-5c05-4ae3-83fd-e8c7e8d7e213
4713,93882,Cornwall,England,Shooting,March,2010,SX36,Species involved: Buzzard x1,No Link,ff29028c-0e13-49c4-aea7-91a98e2a3749
4714,93904,Swansea City,Wales,Poisoning,September,2010,SS48,"Species involved: Goshawk x1. Tested positive for: Benfuracarb, Carbofuran, Carbosulfan",No Link,57f1c4c9-ef3f-4cd2-b362-bd53f83c383a
4715,93932,Derbyshire,England,Persecution (Other),May,2010,SK18,Species targeted: Birds of Prey,No Link,73045f61-00ab-40f8-898c-36f511f9d437
4716,93934,Antrim,Northern Ireland,Poisoning,April,2010,J39,Species involved: Buzzard x2. Tested positive for: Carbofuran,No Link,3e0b7196-e7f4-4e42-9d49-89e600e51ea7
4717,93935,Antrim,Northern Ireland,Poisoning,March,2010,D02,Species targeted: Birds of Prey. Species involved: poison bait (Pigeon Bait (Species Unknown)). Tested positive for: Carbofuran,No Link,80388a2f-23a8-4347-b289-af91905cda2c
4718,93936,Armagh,Northern Ireland,Poisoning,April,2010,H94,Species Involved: Buzzard x2; poison bait (Meat). Tested positive for: Carbofuran,No Link,0caaec8b-464f-4dfe-9733-7c6da161e1d8
4719,93938,Londonderry,Northern Ireland,Poisoning,July,2010,C50,"Species involved: Peregrine Falcon x1. Tested positive for: Alphachloralose, Carbofuran",No Link,17114c93-1c6e-4fa5-9a95-25d65cf62a9b
4720,93939,Armagh,Northern Ireland,Poisoning,September,2010,J03,Species Involved: Buzzard x1; poison bait (Rabbit Bait x2). Tested positive for: Alphachloralose,No Link,47824173-f5b2-4c16-b349-b253abfbd79c
4721,93940,Denbighshire,Wales,Poisoning,August,2010,SJ04,Species targeted: Birds of Prey. Species involved: poison bait (Pheasant Bait). Tested positive for: Aldicarb,No Link,366f4958-57ce-442c-a829-8bb90b7f4704
4722,93943,North Yorkshire,England,Poisoning,August,2010,SD96,"Species targeted: Birds of Prey. Species involved: Dog x1. Tested positive for: Aldicarb, Aldicarb",No Link,2f4732de-fddf-4be6-a0fd-18921c9e2ecf
4723,93949,Norfolk,England,Poisoning,January,2010,TG23,Species targeted: Birds of Prey. Species involved: Dog x1. Tested positive for: Aldicarb,No Link,53610146-4d12-4be5-87a5-cb25c1dce27a
4724,93950,Gloucestershire,England,Nest Destruction,May,2010,SO50,Species targeted: Peregrine Falcon nest,No Link,07454002-bb82-41e1-a24d-d848f72ca809
4725,94054,West Lothian,Scotland,Poisoning,May,2010,NT16,Species involved: Peregrine Falcon x1. Tested positive for: Aldicarb,No Link,f4f10aa4-4303-42e4-a2a5-06fbd7e0fdf8
4726,94055,West Lothian,Scotland,Poisoning,April,2010,NT16,Species involved: Peregrine Falcon x1. Tested positive for: Aldicarb,No Link,c54384d1-a164-4c8c-8916-0e5df17321a4
4727,94056,Derbyshire,England,Trapping,November,2010,SK19,Species targeted: Birds of Prey,No Link,6bc9bd3d-dfea-4d97-b8d8-6863e0400dd0
4728,94559,Aberdeenshire,Scotland,Trapping,September,2010,NJ43,Species involved: Buzzard x1,No Link,f9f52c6e-b997-4bbc-b106-385d97bb0cd8
4729,94683,Cambridgeshire,England,Shooting,February,2010,TL67,Species involved: Barn Owl x1,No Link,457f4a1d-a284-4802-9b69-debe73205a9d
4730,94771,Angus,Scotland,Trapping,August,2010,NO35,Species involved: Tawny Owl x1,No Link,c0465d3d-ff98-477b-930a-337d024c8776
4731,105991,Monmouthshire,Wales,Poisoning,July,2010,SO21,"Species Involved: Peregrine Falcon x2; poison bait (Pigeon Bait (Species Unknown) x1). Tested positive for: Carbofuran, Carbofuran, Carbofuran",#N/A,bcf5df04-3dd0-4740-9ccb-384c6bc2404b
4732,93776,Hampshire,England,Shooting,March,2011,SU42,Species involved: Buzzard x1,No Link,cbe96a4d-bae8-4124-8b38-1e44549c0d95
4733,93778,Hampshire,England,Poisoning,April,2011,SU42,Species involved: Buzzard x1. Tested positive for: Alphachloralose,No Link,e25fc0a0-3f17-44d8-8549-a47a7447c369
4734,93789,Lincolnshire,England,Shooting,February,2011,SK97,Species involved: Peregrine Falcon x1,No Link,2e5298b4-8e7f-458f-bb72-733d2190f2fe
4735,93817,Dorset,England,Trapping,May,2011,SU01,Species targeted: Birds of Prey. Species involved: Rat x1,No Link,d7c70c1b-4b6a-437d-8a5e-4d53bc7fc87a
4736,93820,Scottish Borders,Scotland,Poisoning,January,2011,NT35,Species involved: Buzzard x1. Tested positive for: Carbofuran,No Link,d80d5299-f772-4167-b680-ce2511a9e36f
4737,93827,Highland,Scotland,Poisoning,February,2011,NH69,Species involved: Red Kite x1. Tested positive for: Alphachloralose,No Link,9a3b090d-33ef-447a-b5fb-2ca2061914b0
4738,93830,Highland,Scotland,Poisoning,April,2011,NJ11,"Species involved: Buzzard x1. Tested positive for: Aldicarb, Carbofuran",No Link,4a68d610-828f-4964-b2ff-7985763fe1a4
4739,93848,North Lanarkshire,Scotland,Poisoning,February,2011,NS75,Species involved: Peregrine Falcon x1. Tested positive for: Strychnine,No Link,d34f3ebf-a8b0-457f-88d9-c82aaac7f599
4740,93849,Perth and Kinross,Scotland,Trapping,February,2011,NN74,Species involved: Sparrowhawk x1,No Link,b916fe91-663a-4eab-a046-943f971bc264
4741,93850,Perth and Kinross,Scotland,Trapping,February,2011,NN74,Species involved: Buzzard x1,No Link,e8dbce62-ce41-49b7-8d19-aef6250b21a1
4742,93851,Angus,Scotland,Trapping,February,2011,NO45,Species involved: Buzzard x1,No Link,a0b7e927-5a1c-441f-8825-7fa067d2f2c7
4743,93898,Aberdeenshire,Scotland,Shooting,April,2011,NO39,Species involved: Peregrine Falcon x1,No Link,8a39f8c2-1f27-478b-b2ec-e559bbba9d50
4744,93930,Highland,Scotland,Shooting,June,2011,NH72,Species involved: Kestrel x1,No Link,9cfa9a22-8ced-4b5b-afc6-b3e199cdccbe
4745,93931,Aberdeenshire,Scotland,Poisoning,February,2011,NJ31,Species involved: Golden Eagle x1. Tested positive for: Carbofuran,https://www.bbc.co.uk/news/uk-scotland-north-east-orkney-shetland-13292307,54986e30-bab6-4e67-ae32-5b995de3aabc
4746,93941,North Yorkshire,England,Persecution (Other),March,2011,SE06,Species targeted: Birds of Prey. Possession of: Carbofuran,No Link,842aeaf5-38cf-431a-a816-587a26edce7b
4747,94011,Cumbria,England,Poisoning,January,2011,SD39,Species involved: Red Kite x1. Tested positive for: Bendiocarb,No Link,88a4e84d-0235-448e-b5cd-34dc3daba212
4748,94020,South Yorkshire,England,Shooting,March,2011,SK29,Species involved: Buzzard x1,No Link,57e30395-2490-4162-a679-034cc0697731
4749,94024,Cumbria,England,Shooting,April,2011,SD38,Species involved: Red Kite x1,No Link,4bcbca05-65f0-48dc-9697-f12d897b55c1
4750,94060,Powys,Wales,Persecution (Other),July,2011,SO12,"Species targeted: Birds of Prey, Goshawk",No Link,f39d2e24-e72a-4326-99f7-6987a6ead45c
4751,94062,Highland,Scotland,Poisoning,May,2011,NH72,"Species involved: Red Kite x1. Tested positive for: Bendiocarb, Carbofuran",No Link,88395218-3d90-419d-b9d0-df61cce15bff
4752,94064,Perth and Kinross,Scotland,Poisoning,April,2011,NN85,Species targeted: Birds of Prey. Species involved: Carrion Crow x1. Tested positive for: Alphachloralose,No Link,a16945fe-212c-4960-b375-a3b57144957e
4753,94077,Gloucestershire,England,Shooting,February,2011,SO51,Species involved: Eagle Owl x1,No Link,ec504c04-0503-46dc-8c7a-0232da4858b1
4754,94088,Hertfordshire,England,Shooting,May,2011,TL21,Species involved: Buzzard x1,No Link,71190292-7a72-4e87-aab5-e03915742767
4755,94097,Somerset & Avon,England,Poisoning,March,2011,SS83,"Species involved: Red Kite x1. Tested positive for: Brodifacoum, Bromadiolone, Carbofuran, Difenacoum, Methiocarb",No Link,b92a3c46-5dc4-4fe3-8f75-0d143d2f6ee8
4756,94098,Nottinghamshire,England,Trapping,June,2011,SK73,Species targeted: Kestrel,No Link,9136bee9-a20a-46de-b701-08d9aa8abb8f
4757,94110,Norfolk,England,Shooting,March,2011,TL95,Species involved: Buzzard x1,No Link,f1e527eb-ca3b-4da1-b1bf-0ab8d53ec7aa
4758,94115,Buckinghamshire,England,Shooting,June,2011,SU98,Species involved: Red Kite x1,No Link,1277258d-9443-4f7b-908f-863f3042fd55
4759,94116,North Yorkshire,England,Shooting,June,2011,NZ00,Species involved: Kestrel x1,No Link,abe88dc3-8ab9-4be4-aaf5-c3997f10feed
4760,94120,West Yorkshire,England,Poisoning,March,2011,SE01,Species targeted: Peregrine Falcon. Species involved: poison bait (Hen/Chicken Bait x1). Tested positive for: Bendiocarb,No Link,9be94ca3-17c8-4576-adf4-e8f6df70ceb2
4761,94126,Devon,England,Poisoning,March,2011,SX89,"Species involved: Goshawk x2, Buzzard x1. Tested positive for: Benfuracarb, Carbofuran",No Link,d04aa0e6-75d2-4131-b302-7f9267e19d88
4762,94134,Angus,Scotland,Shooting,April,2011,NO57,Species involved: Buzzard x1,No Link,c11e5ff7-5bc1-4bfa-a418-5c5a7d46ec24
4763,94139,Gwynedd,Wales,Nest Destruction,May,2011,SH23,Species targeted: Barn Owl nest,No Link,e057cbbe-218f-491d-885c-95ae8c052f05
4764,94141,Cumbria,England,Shooting,April,2011,NY26,Species involved: Tawny Owl x1,No Link,cd5c5c75-7f8c-44dc-b35e-c923b5f45e92
4765,94158,Warwickshire,England,Shooting,March,2011,SP24,Species involved: Sparrowhawk x1,No Link,d131e630-0bc0-4ed8-b055-faeaa81f0c54
4766,94161,Devon,England,Poisoning,March,2011,SX89,"Species involved: Goshawk x2. Tested positive for: Benfuracarb, Carbofuran",No Link,7be68ff1-a0f0-4e4f-98a6-4befd6b96d10
4767,94174,North Yorkshire,England,Poisoning,May,2011,SE04,Species targeted: Birds of Prey. Species involved: Dog x3. Tested positive for: Strychnine,No Link,0a9eb7fd-b023-4241-bcbf-fa1d0b766f33
4768,94214,Cornwall,England,Shooting,August,2011,SW84,Species involved: Peregrine Falcon x1,No Link,b430ca1b-5778-49fa-ac3e-e728ecd3551d
4769,94225,Cornwall,England,Poisoning,July,2011,SW33,Species involved: Peregrine Falcon x2. Tested positive for: Carbofuran,No Link,2d4ad3ca-3c64-4420-83ac-0e63895a1ed0
4770,94228,County Durham,England,Shooting,August,2011,NY91,Species involved: Marsh Harrier x1,No Link,5d15b51a-04b2-49ec-8d5c-c15dc6ba422e
4771,94231,Perth and Kinross,Scotland,Poisoning,March,2011,NN85,Species Involved: Buzzard x2; poison bait (Pheasant Bait x2). Tested positive for: Alphachloralose,No Link,d46f018c-c531-408b-9685-c3923353f481
4772,94259,Antrim,Northern Ireland,Poisoning,March,2011,D30,Species involved: Buzzard x1. Tested positive for: Carbofuran,No Link,74854dd1-6a10-4536-98c9-0a842337a531
4773,94260,Tyrone,Northern Ireland,Poisoning,April,2011,H37,Species targeted: Peregrine Falcon. Species involved: poison bait (Pigeon Bait (Species Unknown) x1). Tested positive for: Carbofuran,No Link,4fd28616-a208-4276-b4e1-e8ccfc52b46a
4774,94261,Shropshire,England,Poisoning,April,2011,SO57,Species involved: Peregrine Falcon x1. Tested positive for: Diazinon/Dimpylate,No Link,fdbd1ac0-d870-43a1-895c-7b512c9b449b
4775,94262,Gloucestershire,England,Poisoning,May,2011,SP11,"Species involved: Red Kite x1. Tested positive for: Brodifacoum, Bendiocarb, Bromadiolone",No Link,481b2ea1-9efc-4c6d-9b46-cfeb7bd5b60c
4776,94263,Cambridgeshire,England,Poisoning,June,2011,TL59,Species involved: Red Kite x1. Tested positive for: Aldicarb,No Link,f98fc4a3-1109-4530-b780-d45961b29800
4777,94264,Carmarthenshire,Wales,Poisoning,June,2011,SN53,Species involved: Red Kite x2. Tested positive for: Fenthion,No Link,54099685-ba2d-4683-b268-6db26b2d7ad5
4778,94273,Dumfries and Galloway,Scotland,Poisoning,May,2011,NS80,Species targeted: Birds of Prey. Species involved: Raven x1. Tested positive for: Carbofuran,No Link,62b4012a-55c6-40e4-bf12-7ec950e71d8c
4779,94277,Angus,Scotland,Trapping,June,2011,NO36,Species involved: Kestrel x1,No Link,3fb938eb-c327-494b-b8bf-8d8c62181eea
4780,94279,Highland,Scotland,Poisoning,August,2011,NJ12,Species targeted: Birds of Prey. Species involved: poison bait (Grouse Bait x1). Tested positive for: Aldicarb,No Link,7b24afe0-cc6f-4140-9eeb-2d93158aca59
4781,94286,Torfaen,Wales,Trapping,June,2011,SO20,Species involved: Peregrine Falcon x1,No Link,5945d128-b288-465a-a831-deb5277a08f8
4782,94319,Londonderry,Northern Ireland,Persecution (Other),June,2011,C50,Species targeted: Birds of Prey. Possession of: Alphachloralose,No Link,9a0ae397-a0a2-458c-99a8-b979dd1df1cb
4783,94320,Down,Northern Ireland,Poisoning,April,2011,J34,Species involved: Red Kite x1. Tested positive for: Carbofuran,No Link,076b2ab3-0ec3-43dd-aaae-a82b367a692a
4784,94321,Devon,England,Poisoning,July,2011,SX76,"Species involved: Peregrine Falcon x1. Tested positive for: Aldicarb, Carbofuran",No Link,d5d23a48-4e8f-416b-aa31-38cf27d4f05d
4785,94324,North Yorkshire,England,Shooting,October,2011,NY80,Species involved: Buzzard x1,No Link,da560d01-5168-41ec-91bc-a79a1ed40793
4786,94332,Lincolnshire,England,Poisoning,September,2011,TF38,Species Involved: Peregrine Falcon x1; poison bait (Pigeon Bait (Species Unknown) x1). Tested positive for: Aldicarb,No Link,75e249b9-33a4-4929-a79f-005ac5534166
4787,94388,Lincolnshire,England,Poisoning,September,2011,SK89,Species Involved: Buzzard x2; poison bait (Pheasant Bait x1). Tested positive for: Carbofuran,No Link,fcb8f4ca-e6cb-4ac8-9fb4-a909c957755b
4788,94389,Lincolnshire,England,Persecution (Other),October,2011,SE91,"Species targeted: Birds of Prey, Buzzard. Possession of: Carbofuran",No Link,8b5f39af-a5dc-4a88-b2d4-e6505ba9e54a
4789,94399,Suffolk,England,Shooting,November,2011,TM45,Species involved: Barn Owl x1,No Link,00adfc1b-9549-4987-b4c0-3535f3f5ab48
4790,94432,Cambridgeshire,England,Poisoning,September,2011,TF00,"Species involved: Red Kite x2. Tested positive for: Benfuracarb, Carbofuran",No Link,dd856a2c-eaab-456e-9c0f-51db61daa330
4791,94468,Perth and Kinross,Scotland,Poisoning,April,2011,NN85,Species targeted: Birds of Prey. Species involved: Carrion Crow x1. Tested positive for: Alphachloralose,No Link,0092408b-f842-47ed-87c8-8796f1c41ef1
4792,94480,North Yorkshire,England,Poisoning,September,2011,SE27,"Species involved: Buzzard x1. Tested positive for: Alphachloralose, Carbofuran, Isofenphos",No Link,65ca8a87-7e57-4b26-b50a-cffccd8dbf73
4793,94525,Midlothian,Scotland,Poisoning,September,2011,NT46,"Species involved: Sparrowhawk x1, Buzzard x2. Tested positive for: Carbofuran, Carbofuran",No Link,e0614cfb-2aae-4ca9-b77b-436c56f66e64
4794,94537,Isle of Wight,England,Shooting,November,2011,SZ58,Species involved: Buzzard x1,No Link,6dc2d0cc-8520-4f16-bde9-781c3f6f354d
4795,94554,Monmouthshire,Wales,Poisoning,March,2011,SO31,Species involved: Buzzard x1. Tested positive for: Bendiocarb,No Link,21f9f474-a060-4455-b177-45f5baf67425
4796,94565,South Lanarkshire,Scotland,Persecution (Other),January,2011,NS93,Species targeted: Birds of Prey. Possession of: Carbofuran,No Link,69362bd9-5e4b-4082-948f-4f4494b31395
4797,94566,Perth and Kinross,Scotland,Trapping,March,2011,NO45,Species involved: Buzzard x3,No Link,48688908-f165-40d7-9e3f-2d51735e9e20
4798,94567,Wiltshire,England,Shooting,November,2011,SU22,Species involved: Goshawk x1,No Link,50134183-38fc-4461-84fe-609793006457
4799,94612,Staffordshire,England,Poisoning,October,2011,SK10,"Species involved: Buzzard x2, Hedgehog x1. Tested positive for: Aldicarb",No Link,6b25eb2b-eda5-43d5-b4c9-ba5139695452
4800,94631,Norfolk,England,Trapping,May,2011,TG11,Species involved: Tawny Owl x1,No Link,8bd1ea72-6076-440e-91ee-3917fa77a72e
4801,94667,County Durham,England,Shooting,November,2011,NZ35,Species involved: Barn Owl x1,No Link,8e858fbe-fe44-4589-a74c-444d8d73b376
4802,94682,Isle of Anglesey,Wales,Shooting,May,2011,SH37,Species involved: Buzzard x1,No Link,ed9b2c2f-c026-47f7-a8be-e3195cd17e62
4803,94684,Berkshire,England,Shooting,March,2011,SU88,Species involved: Buzzard x1,No Link,15d5bd57-6d2b-408b-af9d-edbffb00a4d2
4804,94685,Shropshire,England,Shooting,March,2011,SO38,Species involved: Barn Owl x1,No Link,844f8764-1dc6-4666-bae8-684928c2d6e3
4805,94686,Cambridgeshire,England,Shooting,November,2011,TL43,Species involved: Barn Owl x1,No Link,fbe471e6-0e53-4e88-a40a-c64d1b7ac60c
4806,94699,Monmouthshire,Wales,Poisoning,July,2011,SO20,"Species involved: Buzzard x1, Raven x1. Tested positive for: Carbofuran, Carbofuran, Chlorpyrifos, Chlorpyrifos, Diazinon/Dimpylate, Diazinon/Dimpylate",No Link,8d7649ef-60bd-40a1-b2b5-c89851eb029a
4807,94717,Armagh,Northern Ireland,Poisoning,August,2011,J03,Species targeted: Birds of Prey. Species involved: Magpie x1. Tested positive for: Alphachloralose,No Link,7b79dbc3-f5fa-4486-93d9-f65db30955a7
4808,94738,Dumfries and Galloway,Scotland,Poisoning,July,2011,NS90,Species involved: Red Kite x1. Tested positive for: Carbofuran,No Link,f55113e6-73de-4503-85e6-bacfa7aba624
4809,94743,East Ayrshire,Scotland,Poisoning,August,2011,NS62,Species involved: Red Kite x1. Tested positive for: Carbofuran,No Link,2e777a51-39c3-4bc5-b06f-a34537bd4234
4810,94783,Hertfordshire,England,Poisoning,December,2011,TL12,Species involved: Red Kite x1. Tested positive for: Carbofuran,No Link,7aac96a7-5b54-474a-933b-bb802d82a6c5
4811,94794,Midlothian,Scotland,Shooting,July,2011,NT23,Species involved: Goshawk x2,No Link,153725f6-3b60-4137-9426-29adc5a74511
4812,94795,Fife,Scotland,Shooting,April,2011,NT08,Species involved: Birds of Prey x1,No Link,b85ac464-ac81-4be5-9831-db8789e0fbca
4813,94802,Buckinghamshire,England,Poisoning,November,2011,SP80,"Species involved: Red Kite x1, Magpie x1, Rook x1. Tested positive for: Bendiocarb",No Link,cb1179ea-1891-45f8-8b92-3cb011d9341b
4814,94823,Aberdeenshire,Scotland,Shooting,May,2011,NJ31,Species involved: Short-eared Owl x1,No Link,1a68ecca-2f28-4a8b-9337-3aef1bedb374
4815,94824,Aberdeenshire,Scotland,Poisoning,May,2011,NJ31,Species involved: Buzzard x1. Tested positive for: Carbofuran,No Link,6a96a6e3-9e94-4ab0-9b0b-ca037fdc349d
4816,94839,South Lanarkshire,Scotland,Trapping,March,2011,NS82,Species targeted: Birds of Prey,No Link,c9f23e0d-9765-4712-982f-16898fe503a7
4817,94871,Merseyside,England,Persecution (Other),December,2011,SJ38,Species targeted: Peregrine Falcon,No Link,bebd438e-51aa-4753-b3f7-782bfa8662ef
4818,94881,Fife,Scotland,Persecution (Other),May,2011,NO30,Species targeted: Peregrine Falcon,No Link,555d8919-f434-4849-a3fe-4665508a9b18
4819,94951,Essex,England,Shooting,October,2011,TM11,Species involved: Short-eared Owl x1,No Link,0d42555a-68e7-4d88-a005-9bfdaf1fa9b4
4820,94954,Scottish Borders,Scotland,Poisoning,September,2011,NT75,Species targeted: Birds of Prey. Species involved: Raven x1. Tested positive for: Bendiocarb,No Link,01da3321-5b75-490d-998f-f1cf41c09cef
4821,94970,Lancashire,England,Persecution (Other),March,2011,SD82,Species involved: Owls x1,No Link,e86f37f5-bd3b-4b23-84fa-fd95efebb111
4822,94981,Pembrokeshire,Wales,Poisoning,March,2011,SN02,Species involved: Red Kite x1. Tested positive for: Fenthion,No Link,c38f6c56-e7ac-43e4-ba50-734cabcda19f
4823,94989,Suffolk,England,Poisoning,March,2011,Unknown/Withheld,"Species targeted: Birds of Prey, Badger. Species involved: poison bait (Pigeon Bait (Species Unknown)). Tested positive for: Aldicarb, Bendiocarb",No Link,38eada9d-38d5-43cd-be52-d70e49866d1e
4824,95006,Aberdeenshire,Scotland,Shooting,August,2011,NK04,Species involved: Peregrine Falcon x1,No Link,76d87877-21e6-413c-8053-db162038d6f3
4825,95125,South Lanarkshire,Scotland,Shooting,December,2011,NS82,Species involved: Buzzard x1,No Link,8f6ec8f8-22e1-4f48-b994-6a86ab77860b
4826,95127,North Yorkshire,England,Poisoning,December,2011,SE14,Species involved: Red Kite x1. Tested positive for: Alphachloralose,No Link,9b41adf2-b821-4d5e-a562-efd8666d8543
4827,95341,North Lanarkshire,Scotland,Poisoning,February,2011,NS75,Species involved: Peregrine Falcon x1. Tested positive for: Strychnine,No Link,203a7909-2485-43a8-ba61-48a20ba6be92
4828,98386,Surrey,England,Shooting,August,2011,TQ35,Species involved: Buzzard x1,No Link,65754bd5-b36a-48de-97e9-f4da2868e5b3
4829,100072,Monmouthshire,Wales,Poisoning,July,2011,SO20,Species targeted: Birds of Prey. Species involved: poison bait (Pigeon Bait (Species Unknown) x2). Tested positive for: Bendiocarb,No Link,78343b11-c07b-408c-beba-8800375d32ec
4830,101806,Aberdeenshire,Scotland,Shooting,December,2011,NJ70,Species involved: Buzzard x1,No Link,52ac30e5-55c2-49c1-bd46-31125a9b0b48
4831,106203,Angus,Scotland,Trapping,June,2011,NO36,Species involved: Merlin x1,#N/A,25437257-b7c7-46b3-9e34-0b2bb8d4e48c
4832,94630,Tyne and Wear,England,Persecution (Other),February,2012,NZ35,"Species targeted: Birds of Prey, Non-bird. Possession of: Carbofuran",No Link,ac316a8b-22d8-45e0-8f3d-818a44725778
4833,94784,Bedfordshire,England,Poisoning,February,2012,TL12,Species involved: Red Kite x1. Tested positive for: Carbofuran,http://ww2.rspb.org.uk/our-work/rspb-news/news/313401-police-appeal-after-red-kites-illegally-poisoned-in-the-chilterns,8acbc6dc-da4e-4f7b-b78f-3af14914ca2b
4834,94798,Derbyshire,England,Shooting,March,2012,SK19,Species involved: Sparrowhawk x1,No Link,60aaac1e-cac8-4042-ace8-658841ed9e8d
4835,94808,Lincolnshire,England,Shooting,March,2012,SE90,Species involved: Buzzard x1,No Link,15b4553e-3a71-47f2-ac86-0ba77eb9a77e
4836,94848,Hampshire,England,Poisoning,March,2012,SU42,Species involved: Buzzard x1. Tested positive for: Alphachloralose,No Link,37636d20-c476-461d-b8aa-07fb87375520
4837,94882,Norfolk,England,Trapping,March,2012,TF64,Species involved: Sparrowhawk x1,No Link,e98597c9-44a0-47fb-8c2d-cece965c1026
4838,94929,Staffordshire,England,Nest Destruction,May,2012,SJ90,Species targeted: Peregrine Falcon nest,https://www.bbc.co.uk/news/uk-england-stoke-staffordshire-18423185,ddf588da-48c0-4dea-bc5b-39a39666aad0
4839,94996,Bedfordshire,England,Shooting,February,2012,TL23,Species involved: Sparrowhawk x1,https://raptorpersecutionscotland.wordpress.com/2012/06/06/pigeon-fancier-gets-police-caution-for-killing-sparrowhawks/,ba292443-af3a-4798-a1e1-cf1a3bf3480a
4840,95000,Bedfordshire,England,Shooting,February,2012,TL23,Species involved: Sparrowhawk x1,https://raptorpersecutionscotland.wordpress.com/2012/06/06/pigeon-fancier-gets-police-caution-for-killing-sparrowhawks/,dff7b478-d2e0-4dcc-8e78-2f73a2011362
4841,95023,Merseyside,England,Persecution (Other),February,2012,SD30,Species involved: Barn Owl x6,No Link,44562cd8-fdb1-462a-baaf-484f51c6e8ca
4842,95025,Merseyside,England,Shooting,February,2012,SD30,Species involved: Buzzard x1,No Link,7875a202-37ac-4262-ad11-095290ea09e3
4843,95029,Lancashire,England,Persecution (Other),June,2012,SD64,Species involved: Peregrine Falcon x1,No Link,607f96b1-1342-4a40-ad65-dca0f520cc75
4844,95030,Down,Northern Ireland,Trapping,May,2012,J03,Species involved: Buzzard x1,No Link,6a83bdf2-bb63-4832-a1b9-9f81d40a140b
4845,95042,East Sussex,England,Shooting,March,2012,TQ41,Species involved: Buzzard x1,No Link,4790f3aa-3415-410e-afe9-955cd76300fe
4846,95053,Londonderry,Northern Ireland,Nest Destruction,June,2012,C83,Species targeted: Sparrowhawk nest,No Link,d77b4606-6681-4c25-8e78-f06f742ab33a
4847,95116,North Yorkshire,England,Poisoning,May,2012,SE17,"Species Involved: Red Kite x1; poison bait (Rabbit Bait x1). Tested positive for: Bendiocarb, Carbofuran, Isofenphos",No Link,e643cabb-31d2-427f-88c5-57710038df80
4848,95130,Antrim,Northern Ireland,Poisoning,January,2012,D13,Species targeted: Birds of Prey. Species involved: Raven x1. Tested positive for: Carbofuran,No Link,31d130f7-5fbe-482f-89fc-d32a69b31541
4849,95200,Somerset & Avon,England,Persecution (Other),February,2012,ST72,Species targeted: Birds of Prey. Possession of: Fenthion,No Link,dfc90059-b274-42dc-a173-975f77ab90d4
4850,95225,Lincolnshire,England,Nest Destruction,May,2012,TF24,Species involved: Barn Owl x3 nest,No Link,1b6dd77f-1095-4089-b0da-b46db4006fae
4851,95260,Cornwall,England,Shooting,August,2012,SW86,Species involved: Peregrine Falcon x1,No Link,6ffb6443-7797-4ccf-8cb6-ed6e8969e9c6
4852,95281,Aberdeenshire,Scotland,Trapping,July,2012,NJ41,Species targeted: Birds of Prey,No Link,1e019c45-69c9-4745-a973-7c302c602b99
4853,95289,Cornwall,England,Shooting,October,2012,SW86,Species involved: Peregrine Falcon x1,No Link,4e524eae-7639-4d29-9395-30c48a36f4cb
4854,95303,North Yorkshire,England,Trapping,August,2012,SE88,Species involved: Buzzard x1,No Link,6a54d07e-0eaa-42a8-b75a-4422fdf1d451
4855,95304,North Yorkshire,England,Trapping,September,2012,SE88,Species targeted: Goshawk,No Link,22b5399b-c46a-472a-8f52-6744343b4385
4856,95306,West Yorkshire,England,Shooting,October,2012,SD93,Species involved: Marsh Harrier x1,No Link,97807b37-e4dd-4be7-ab48-3154618606c8
4857,95307,Lincolnshire,England,Poisoning,May,2012,TA12,Species involved: Marsh Harrier x1. Tested positive for: Aldicarb,No Link,67470b11-176e-44c7-a129-48b8bf504b60
4858,95313,Dorset,England,Shooting,November,2012,SY49,Species involved: Peregrine Falcon x1,No Link,954387a7-25c3-4914-ab02-54d550b66fbd
4859,95324,Suffolk,England,Poisoning,September,2012,TM37,Species Involved: Buzzard x1; poison bait (Hare Bait x1). Tested positive for: Alphachloralose,No Link,f3fe74b8-c1db-4f71-beed-80575f074c08
4860,95326,Powys,Wales,Poisoning,May,2012,SN94,Species involved: Red Kite x1. Tested positive for: Fenthion,No Link,054d183d-0ccb-4f03-9ce5-56f8e976c418
4861,95356,Stirling,Scotland,Trapping,May,2012,NS68,Species targeted: Birds of Prey,No Link,bebea53b-6670-4fe4-9573-6b285915ed8e
4862,95368,Lancashire,England,Trapping,October,2012,SD52,Species targeted: Birds of Prey,No Link,366af934-6741-4120-b3c1-c70ce5ac1ce8
4863,95369,Norfolk,England,Shooting,October,2012,TF93,Species involved: Buzzard x1,No Link,64349752-08e0-4a50-af1e-785eb4729f7a
4864,95378,Oxfordshire,England,Nest Destruction,July,2012,SP30,Species targeted: Hobby nest,No Link,c53db29b-7f3e-44fb-98ec-9b07dff26f87
4865,95380,Cumbria,England,Trapping,October,2012,NY12,"Species involved: Sparrowhawk x1, Buzzard x1",No Link,eb602275-dffb-4182-b2c5-8ebad67dfa21
4866,95385,Highland,Scotland,Poisoning,March,2012,NM78,"Species involved: Golden Eagle x1. Tested positive for: Aldicarb, Bendiocarb",http://ww2.rspb.org.uk/our-work/rspb-news/news/317459-appeal-for-information-after-poisoned-golden-eagle-found-near-morar,dae0d000-b8ad-47de-8db1-a7a6dddfe321
4867,95393,Derbyshire,England,Nest Destruction,May,2012,SK18,Species involved: Goshawk x4 nest,No Link,775dcc2c-0233-4e45-9ff6-8b921d21bcb2
4868,95414,Dumfries and Galloway,Scotland,Shooting,October,2012,NS81,Species involved: Golden Eagle x1,https://www.bbc.co.uk/news/uk-scotland-south-scotland-19886345,96baaf31-3da9-438b-a096-bfc3a419b869
4869,95425,Lancashire,England,Shooting,November,2012,SD41,Species involved: Buzzard x1,http://www.itv.com/news/granada/update/2012-11-12/police-appeal-after-buzzard-is-shot/,66490d50-166c-4dff-8ba9-146f42c79d3e
4870,95445,Angus,Scotland,Trapping,February,2012,NO48,Species involved: Buzzard x1,No Link,a9539f79-ecb7-4784-a064-ee799292b751
4871,95450,Angus,Scotland,Trapping,April,2012,NO58,Species involved: Golden Eagle x1,https://www.walkhighlands.co.uk/news/rspb-offers-1k-reward-after-dead-eagle-found/007682/,40ae54b1-76fb-4d95-82fc-21e7e4851bde
4872,95459,Aberdeenshire,Scotland,Trapping,September,2012,NJ41,Species targeted: Birds of Prey. Species involved: Jay x1,https://www.bbc.co.uk/news/uk-scotland-north-east-orkney-shetland-30777299,6e8fe94b-8c56-4619-a8cf-d45d2e767bac
4873,95460,Aberdeenshire,Scotland,Trapping,August,2012,NJ41,Species involved: Goshawk x1,https://www.bbc.co.uk/news/uk-scotland-north-east-orkney-shetland-30777299,d8cf7745-248b-486a-94a3-d190cfe37cb3
4874,95462,Aberdeenshire,Scotland,Trapping,August,2012,NJ41,Species involved: Buzzard x1,https://www.bbc.co.uk/news/uk-scotland-north-east-orkney-shetland-30777299,066735b1-fac9-4ceb-bf7a-7208934e3817
4875,95463,Aberdeenshire,Scotland,Trapping,August,2012,NJ41,Species involved: Goshawk x1,https://www.bbc.co.uk/news/uk-scotland-north-east-orkney-shetland-30777299,09ad18cb-c68a-443c-b913-27ff27c527e5
4876,95464,Hampshire,England,Poisoning,September,2012,SU42,Species involved: Buzzard x2. Tested positive for: Alphachloralose,No Link,dcf75a81-20ba-4e05-b8c3-607c81d57c27
4877,95466,Aberdeenshire,Scotland,Trapping,April,2012,NJ70,Species targeted: Birds of Prey,No Link,b6edc5dd-25c9-4a5d-b550-7492708715f3
4878,95468,Aberdeenshire,Scotland,Shooting,October,2012,NO67,Species involved: Hen Harrier x1,No Link,6e99534e-3e55-4427-9dc6-799e8d824e01
4879,95480,North Yorkshire,England,Shooting,June,2012,SE17,Species involved: Hen Harrier x1,http://community.rspb.org.uk/ourwork/b/martinharper/archive/2012/12/10/guest-blog-jude-lane-on-the-death-of-a-hen-harrier.aspx,9cf490da-d993-451b-9309-0452d0b5bf13
4880,95486,Aberdeenshire,Scotland,Trapping,September,2012,NJ41,"Species targeted: Birds of Prey, Magpie",No Link,2faf9fe5-4166-460d-ab07-06358eb41649
4881,95487,Aberdeenshire,Scotland,Trapping,September,2012,NJ41,Species targeted: Birds of Prey,No Link,c7069ba0-5575-4161-9004-e6092b4b0706
4882,95489,Stirling,Scotland,Trapping,April,2012,NS58,Species involved: Tawny Owl x1,No Link,98d5749b-d005-4da6-b6a5-25cfbc920636
4883,95491,Conwy,Wales,Poisoning,June,2012,SH67,Species involved: Peregrine Falcon x1. Tested positive for: Bendiocarb,https://www.bbc.co.uk/news/uk-wales-25372301,94d98a72-6597-40f3-804f-8c68dfa111ce
4884,95492,Conwy,Wales,Poisoning,July,2012,SH67,Species targeted: Peregrine Falcon. Species involved: poison bait (Pigeon Bait (Species Unknown) x1). Tested positive for: Bendiocarb,https://www.bbc.co.uk/news/uk-wales-25372301,24689808-b5af-446c-ac8a-536206a854c1
4885,95493,Cumbria,England,Poisoning,September,2012,NY71,Species targeted: Birds of Prey. Species involved: poison bait (Duck Bait x1). Tested positive for: Carbofuran,No Link,f0c45419-bf98-4287-958f-3f1d702bd687
4886,95494,Cumbria,England,Poisoning,September,2012,NY71,Species Involved: Buzzard x1; poison bait (Pheasant Bait x1). Tested positive for: Carbofuran,No Link,87f10ced-ccbf-4e45-b491-3fbe389cc034
4887,95495,Cumbria,England,Poisoning,September,2012,NY71,Species targeted: Birds of Prey. Species involved: poison bait (Duck Bait x1). Tested positive for: Carbofuran,No Link,16f12e70-abba-4971-9491-bd737471216b
4888,95497,Conwy,Wales,Poisoning,July,2012,SH67,Species involved: Peregrine Falcon x1. Tested positive for: Bendiocarb,https://www.bbc.co.uk/news/uk-wales-25372301,c891f3ca-9a23-4398-bfa2-5c137ca30a44
4889,95512,Powys,Wales,Poisoning,October,2012,SO11,Species targeted: Birds of Prey. Species involved: poison bait (Pheasant Bait x1). Tested positive for: Bendiocarb,https://community.rspb.org.uk/ourwork/b/investigations/archive/2016/03/10/trouble-in-the-valleys.aspx,1a61be71-c8d3-420a-a90a-33523c61b0f8
4890,95514,Powys,Wales,Poisoning,October,2012,SO11,Species targeted: Birds of Prey. Species involved: poison bait (Pheasant Bait x1). Tested positive for: Bendiocarb,https://community.rspb.org.uk/ourwork/b/investigations/archive/2016/03/10/trouble-in-the-valleys.aspx,0e4bf7f3-f786-4c72-b4b0-3d76b13b44a7
4891,95515,Powys,Wales,Poisoning,October,2012,SO11,"Species targeted: Birds of Prey. Species involved: poison bait (Pheasant Bait x1, Pheasant Bait x1). Tested positive for: Bendiocarb, Bendiocarb",https://community.rspb.org.uk/ourwork/b/investigations/archive/2016/03/10/trouble-in-the-valleys.aspx,f3ca5a4f-188f-40c8-bc94-141f126c6f42
4892,95517,Cumbria,England,Persecution (Other),August,2012,NY71,"Species targeted: Birds of Prey, Corvidae",No Link,e6e03a5e-0dd1-47af-8f54-d1536deb7354
4893,95539,North Yorkshire,England,Shooting,December,2012,SE78,Species involved: Buzzard x1,No Link,8517db20-1b2c-4fb0-8a46-8b930f690fc2
4894,95547,Nottinghamshire,England,Shooting,November,2012,SK86,Species involved: Buzzard x1,No Link,de568207-d5d0-4d2d-b031-d5cbd51e9434
4895,95558,Highland,Scotland,Persecution (Other),January,2012,NN78,Species involved: Golden Eagle x1,No Link,9cfdc2ba-8d41-42e1-8fda-945800847404
4896,95565,Powys,Wales,Poisoning,October,2012,SN92,Species involved: Red Kite x1. Tested positive for: Bendiocarb,No Link,3a3f6154-6989-4d8a-bd6c-8964117eced8
4897,95566,East Riding of Yorkshire,England,Poisoning,November,2012,SE96,Species involved: Buzzard x1. Tested positive for: Aldicarb,https://community.rspb.org.uk/ourwork/b/investigations/archive/2014/05/30/one-man-s-poison.aspx,f4b81d00-93aa-4cc5-a602-3fa6c61166fa
4898,95588,Highland,Scotland,Shooting,January,2012,NJ02,Species involved: Short-eared Owl x1,No Link,533eee4e-321d-4d7e-a7e1-6a6df3b65d85
4899,95589,Scottish Borders,Scotland,Poisoning,May,2012,NT55,Species targeted: Birds of Prey. Species involved: Raven x2; poison bait (Meat x1). Tested positive for: Bendiocarb,No Link,7b2d8d65-57d8-4b15-b41b-dcb5c2871553
4900,95592,Dumfries and Galloway,Scotland,Poisoning,December,2012,NX43,Species Involved: Buzzard x1; poison bait (Pheasant Bait x1). Tested positive for: Carbofuran,No Link,a65280c9-b5f1-4a07-bf00-8b604f50f68b
4901,95594,Antrim,Northern Ireland,Shooting,July,2012,J29,Species involved: Peregrine Falcon x1,No Link,a98ee91e-6d13-4db5-aebe-daae6547a791
4902,95603,Perth and Kinross,Scotland,Trapping,November,2012,NN82,Species targeted: Birds of Prey,No Link,a3fd550b-3576-4eb7-9341-8b81fbe2dde0
4903,95625,North Yorkshire,England,Shooting,May,2012,SE69,Species involved: Sparrowhawk x1,No Link,041aee1e-d468-47b6-8fd7-415ce94bea83
4904,95630,South Lanarkshire,Scotland,Nest Destruction,June,2012,NS91,Species targeted: Goshawk nest,No Link,627e12a4-c11f-4ccc-8cbf-e62d7774e7c2
4905,95644,Perth and Kinross,Scotland,Trapping,January,2012,NN82,Species involved: Buzzard x1,No Link,069c39d3-1fed-429c-ac8e-d78db5829d97
4906,95669,Scottish Borders,Scotland,Poisoning,May,2012,NT55,Species targeted: Birds of Prey. Species involved: poison bait (Rabbit Bait x2). Tested positive for: Bendiocarb,No Link,a27c7af3-cc52-4157-9b72-f3bdcd8fae9b
4907,95673,East Ayrshire,Scotland,Poisoning,March,2012,NS53,"Species targeted: Birds of Prey. Species involved: Cat x1. Tested positive for: Carbofuran, Isofenphos",No Link,01a7f895-3ee5-40fc-8053-a285ca9645c9
4908,95674,East Ayrshire,Scotland,Poisoning,July,2012,NS53,"Species targeted: Birds of Prey. Species involved: Cat x1. Tested positive for: Carbofuran, Isofenphos",No Link,e6129879-c6aa-4311-bdfc-09722d34e897
4909,95703,Gwynedd,Wales,Poisoning,September,2012,SH46,Species targeted: Birds of Prey. Species involved: poison bait (Goose x1). Tested positive for: Metaldehyde,No Link,90ce9eed-38eb-4322-bfa2-83664db782fa
4910,95704,Northumberland,England,Poisoning,October,2012,Unknown/Withheld,Species targeted: Birds of Prey. Species involved: Cat x2. Tested positive for: Carbofuran,No Link,0afcf7aa-1180-4b8e-934f-ed1209deb804
4911,95776,Armagh,Northern Ireland,Poisoning,September,2012,J03,Species involved: Buzzard x1. Tested positive for: Alphachloralose,No Link,049d5176-7cbd-4903-b084-0a77e56a18d7
4912,95786,South Lanarkshire,Scotland,Shooting,June,2012,NS92,Species involved: Buzzard x1,No Link,2dddc64c-f811-4db0-870e-9f368e6eb9f5
4913,95828,Northumberland,England,Trapping,December,2012,NZ05,Species involved: Buzzard x3,No Link,4643a2c7-977e-445e-aa41-512fe2450d75
4914,95829,North Yorkshire,England,Poisoning,November,2012,SE15,Species involved: Red Kite x1. Tested positive for: Alphachloralose,No Link,1bf28508-5b29-46e2-a0ea-afb449f4ff6b
4915,95838,Derbyshire,England,Shooting,April,2012,SK24,Species involved: Buzzard x1,No Link,bf9dd8b6-1771-447f-86ce-a75eac591178
4916,95839,East Sussex,England,Shooting,March,2012,TQ41,Species involved: Buzzard x1,No Link,f4c0e8bc-13e4-4158-92bb-89d65247e627
4917,95849,Hertfordshire,England,Poisoning,October,2012,TL11,Species involved: Red Kite x1. Tested positive for: Alphachloralose,No Link,19d641c8-e173-434a-8e46-82a41f21fb29
4918,95858,Suffolk,England,Shooting,March,2012,TM04,Species involved: Barn Owl x1,No Link,5a979c26-c4bd-4917-999e-01e3a6b8de71
4919,95862,Leicestershire,England,Shooting,March,2012,SK91,Species involved: Buzzard x1,No Link,6e386908-5df7-4713-9665-8b3e3c785061
4920,95865,West Sussex,England,Shooting,July,2012,TQ02,Species involved: Buzzard x1,No Link,d20558a9-433a-4a58-86a6-a4255c8a01e5
4921,95876,North Yorkshire,England,Poisoning,October,2012,SE44,Species involved: Red Kite x1. Tested positive for: Carbofuran,No Link,541710b8-f8a8-4249-a22b-d8a903313138
4922,95878,Greater London,England,Shooting,October,2012,TQ47,Species involved: Kestrel x1,No Link,224ef95d-5d76-4d85-8e9d-affe853cc511
4923,95880,Cornwall,England,Shooting,July,2012,SX37,Species involved: Barn Owl x1,No Link,0d1f108f-8b29-4016-9e7b-5968848de738
4924,95954,Merseyside,England,Shooting,October,2012,SJ59,Species involved: Buzzard x1,No Link,1633fce4-11ed-40fa-8ded-cff6db855240
4925,95959,Merseyside,England,Shooting,February,2012,SJ49,Species involved: Buzzard x1,No Link,10be183e-f695-44f3-a8ec-25cae13134cb
4926,96028,Highland,Scotland,Trapping,September,2012,NG82,Species involved: Peregrine Falcon x1,No Link,9d7d4db1-6b4a-4e4a-bd32-442cb9e1fd48
4927,96030,Argyll and Bute,Scotland,Shooting,June,2012,NR38,Species involved: Golden Eagle x1,No Link,97261fd0-55ce-4d8f-b902-6b5eb7f7cc15
4928,96032,Aberdeenshire,Scotland,Poisoning,September,2012,Unknown/Withheld,Species involved: Buzzard x1. Tested positive for: Carbofuran,No Link,dabcae23-08f6-4526-aa03-36b039972465
4929,96033,Perth and Kinross,Scotland,Persecution (Other),February,2012,NO03,Species targeted: Birds of Prey. Possession of: Carbofuran,No Link,3c352a58-fc9b-4e1f-b652-8ed8e51928d5
4930,96034,Highland,Scotland,Shooting,March,2012,Unknown/Withheld,Species involved: Tawny Owl x1,No Link,fb382780-8e69-4707-bbb8-d810ef30370f
4931,99425,Lincolnshire,England,Shooting,February,2012,TA00,Species involved: Buzzard x1,No Link,76694a96-4892-4df2-a31b-57c3e73c334f
4932,100750,Bedfordshire,England,Shooting,February,2012,TL23,Species involved: Sparrowhawk x1,https://raptorpersecutionscotland.wordpress.com/2012/06/06/pigeon-fancier-gets-police-caution-for-killing-sparrowhawks/,c77b9ab3-5ac9-4f88-a4e4-21a5807c6f7c
4933,104997,Lancashire,England,Persecution (Other),June,2012,SD64,Species involved: Peregrine Falcon x1,No Link,6678a9fd-60b9-43ab-a628-ddffafcdb2e2
4934,104999,Lancashire,England,Persecution (Other),June,2012,SD64,Species involved: Peregrine Falcon x1,No Link,1faa60c7-9008-4dca-bd32-70b27a88b49a
4935,95545,East Riding of Yorkshire,England,Shooting,February,2013,TA13,Species involved: Buzzard x1,No Link,1e95580f-c194-40a6-adf2-be7b59dc8145
4936,95575,Shropshire,England,Shooting,February,2013,SJ42,Species involved: Red Kite x1,No Link,d8770e7e-e0b7-41c4-86c8-a91f7e2d8d43
4937,95576,Lancashire,England,Shooting,January,2013,SD42,Species involved: Peregrine Falcon x1,No Link,45b7b7fb-cc43-41ef-9b18-dae43168b943
4938,95614,Greater Manchester,England,Shooting,February,2013,SE00,Species involved: Sparrowhawk x1,No Link,e0be3bd5-318a-4cb4-aa16-0c820e43e4cb
4939,95678,South Lanarkshire,Scotland,Shooting,March,2013,NS91,Species involved: Buzzard x1,No Link,90091f06-7e6e-46f4-b48b-abf5b1dc8686
4940,95680,Scottish Borders,Scotland,Shooting,March,2013,NT22,Species involved: Buzzard x1,No Link,efb42919-5bed-4cb6-89af-c260b8b3d1d1
4941,95682,Norfolk,England,Shooting,April,2013,TG23,Species involved: Kestrel x1,No Link,d84517c3-5102-480d-93b5-63f652428d54
4942,95692,North Yorkshire,England,Shooting,April,2013,SE69,Species involved: Buzzard x1,No Link,58845552-9fe2-4970-8fbb-72715ef58901
4943,95724,Herefordshire,England,Trapping,January,2013,SO47,"Species targeted: Birds of Prey, Owls",No Link,96dcc832-407d-4eca-b77d-33e3bd26ac44
4944,95779,North Yorkshire,England,Trapping,June,2013,SE17,"Species targeted: Birds of Prey, Owls",https://community.rspb.org.uk/ourwork/b/investigations/archive/2014/02/13/stuck-in-the-dark-ages.aspx,6a79f025-1eb5-484a-9472-46090c9fccca
4945,95781,Staffordshire,England,Shooting,April,2013,SK03,Species involved: Buzzard x1,No Link,c859ed98-7bec-417e-a4b9-4e1bb91201c7
4946,95788,South Lanarkshire,Scotland,Shooting,June,2013,NS91,Species involved: Red Kite x1,No Link,5f40f793-5c56-45ee-8f9c-96d6d90e25b3
4947,95833,Cambridgeshire,England,Trapping,August,2013,TL65,Species targeted: Birds of Prey,No Link,667433bb-3480-4f9d-badb-a12829dddf0a
4948,95834,North Yorkshire,England,Trapping,July,2013,SE78,Species involved: Tawny Owl x1,No Link,a204ca8a-5246-40bf-b21a-91a05f5b9d4f
4949,95842,Aberdeenshire,Scotland,Shooting,April,2013,NO59,Species involved: Red Kite x1,No Link,d4f51208-061b-409e-8a5b-54b47ea21c49
4950,95844,North Yorkshire,England,Trapping,July,2013,SE78,"Species targeted: Birds of Prey, Owls",No Link,b571cc56-fe49-4136-b52d-9b4374e5234c
4951,95854,Fife,Scotland,Trapping,July,2013,NO11,Species targeted: Birds of Prey,No Link,a79112e6-ef98-4c91-b27b-c1697828cf67
4952,95855,Fife,Scotland,Trapping,July,2013,NO11,Species targeted: Birds of Prey,No Link,489c7d19-31fd-4290-ba14-7be743b5b043
4953,95889,Herefordshire,England,Trapping,August,2013,SO47,"Species targeted: Birds of Prey, Goshawk, Owls",No Link,b4944475-615f-4ac4-b1c2-a8018cd49e30
4954,95895,North Yorkshire,England,Shooting,May,2013,SE87,Species involved: Buzzard x1,No Link,d47757ee-4be2-4848-88e6-bb01d9732685
4955,95914,Cumbria,England,Trapping,February,2013,NY52,Species involved: Buzzard x1,No Link,aad55811-a8c1-4838-ba8b-17f97a1fa377
4956,95915,Hampshire,England,Trapping,August,2013,SU55,Species involved: Tawny Owl x1,https://community.rspb.org.uk/ourwork/b/investigations/archive/2014/07/31/if-you-go-down-to-the-woods.aspx,af65fd9a-320f-40b8-b585-d9e79f3c86d0
4957,95946,South Lanarkshire,Scotland,Shooting,August,2013,NS81,Species involved: Red Kite x1,https://raptorpersecutionscotland.wordpress.com/2013/08/22/red-kite-found-shot-at-leadhills/,b1690b0b-57c5-4c9e-962d-173bb0fd3fca
4958,95974,East Riding of Yorkshire,England,Shooting,August,2013,SE75,Species involved: Kestrel x1,No Link,2645eb33-6c49-4e91-ba50-cc0b3536e6b8
4959,96003,Cumbria,England,Trapping,February,2013,NY52,Species involved: Buzzard x1,No Link,ee1534c9-4021-44e1-b3d1-1eaf49403a14
4960,96004,Cumbria,England,Trapping,February,2013,NY52,Species involved: Buzzard x1,No Link,3fd31ef7-b73c-45e8-a889-6710727caa53
4961,96016,Cheshire,England,Poisoning,May,2013,SJ96,Species Involved: Sparrowhawk x1; poison bait (Pigeon Bait (Species Unknown) x1). Tested positive for: Carbofuran,No Link,624dcc76-3bed-47eb-b900-e8176ced5b3c
4962,96036,East Riding of Yorkshire,England,Persecution (Other),March,2013,SE96,"Species targeted: Birds of Prey. Possession of: Alphachloralose, Aldicarb, Carbofuran, Strychnine",https://community.rspb.org.uk/ourwork/b/investigations/archive/2014/05/30/one-man-s-poison.aspx,c7db4207-750d-4927-92b4-418e56ef04b7
4963,96060,Somerset & Avon,England,Shooting,May,2013,ST12,Species involved: Buzzard x1,No Link,1328d46c-c348-4c1c-8255-74ac5d163de3
4964,96062,North Yorkshire,England,Poisoning,May,2013,SE15,Species involved: Red Kite x1. Tested positive for: Alphachloralose,No Link,54b2f31d-1d2b-405e-a993-0462501635f5
4965,96071,Dumfries and Galloway,Scotland,Trapping,September,2013,NY38,Species involved: Buzzard x1,No Link,9fd1d53e-4b0f-451f-a4f4-cb870dd9813f
4966,96077,Cambridgeshire,England,Poisoning,April,2013,TF30,Species involved: Marsh Harrier x2. Tested positive for: Aldicarb,No Link,de13473f-46c8-401c-baac-c2582d9297e9
4967,96108,Norfolk,England,Poisoning,February,2013,TF92,Species involved: Buzzard x1. Tested positive for: Carbofuran,No Link,8a5ce67f-934e-4101-9cb5-444080a1d782
4968,96109,Norfolk,England,Poisoning,March,2013,TF74,Species involved: Marsh Harrier x1. Tested positive for: Carbofuran,No Link,99503a30-83d3-4cd4-996b-29abf61afaab
4969,96168,Monmouthshire,Wales,Shooting,May,2013,SO32,Species involved: Peregrine Falcon x1,http://www.itv.com/news/wales/update/2013-05-22/peregrine-falcon-shot-abergavenny/,0f874ae1-72da-4daf-afcf-2668c4fabc06
4970,96183,Flintshire,Wales,Shooting,February,2013,SJ27,Species involved: Buzzard x1,No Link,453a5f23-c5e9-4fb2-897b-45488d3b3f80
4971,96192,Lancashire,England,Shooting,October,2013,SD56,Species involved: Buzzard x1,No Link,335698a2-3288-447b-b807-c9036ef01384
4972,96193,Lincolnshire,England,Poisoning,June,2013,TF35,Species involved: Red Kite x1. Tested positive for: Aldicarb,No Link,a1e1f0e6-eb2f-4271-b6b4-1a5850a1cad1
4973,96211,Angus,Scotland,Nest Destruction,January,2013,NO38,Species targeted: White-tailed Eagle nest,https://www.bbc.co.uk/news/uk-scotland-tayside-central-22872502,c14b7a92-3a4d-4cee-b01d-e20e252f269d
4974,96212,Stirling,Scotland,Shooting,February,2013,NN60,Species involved: Buzzard x1,No Link,72c48701-7175-4af1-a701-8b84f9d9b787
4975,96213,South Lanarkshire,Scotland,Poisoning,March,2013,NS81,Species targeted: Birds of Prey. Species involved: poison bait (Rabbit Bait). Tested positive for: Carbofuran,No Link,8eef159b-5bae-4ed3-b7fa-6b70deb2ad06
4976,96214,Stirling,Scotland,Poisoning,March,2013,NS79,Species involved: Red Kite x1. Tested positive for: Mevinphos/Phosdrin,No Link,31f9674f-624b-4b4d-869b-2d0e59317ede
4977,96215,Western Isles,Scotland,Nest Destruction,April,2013,NB55,Species targeted: White-tailed Eagle nest,No Link,8db29826-14c1-4655-978f-42bc4780456d
4978,96217,Angus,Scotland,Shooting,June,2013,NO46,Species involved: Buzzard x1,No Link,78e3ba34-7508-49f0-8dd0-22fa385a5c71
4979,96220,Scottish Borders,Scotland,Shooting,June,2013,NT35,Species involved: Buzzard x1,https://raptorpersecutionscotland.wordpress.com/2013/08/30/dead-buzzard-in-scottish-borders-shot-and-poisoned/,ec4a1e37-8ac5-4f5b-80c9-40afb1814e3c
4980,96221,Scottish Borders,Scotland,Poisoning,June,2013,NT35,Species involved: Buzzard x1. Tested positive for: Carbofuran,https://raptorpersecutionscotland.wordpress.com/2013/08/30/dead-buzzard-in-scottish-borders-shot-and-poisoned/,33ccbd06-6e58-4ed9-b1fe-2e87bc8f1d53
4981,96223,Angus,Scotland,Trapping,September,2013,NO46,Species targeted: Birds of Prey,No Link,3a70eb7a-c4d8-4679-b2de-747f58a280b5
4982,96227,County Durham,England,Trapping,December,2013,NZ04,Species involved: Merlin x1,No Link,bec2d6e3-d9ba-45d6-b81f-d9b42ef448ef
4983,96230,Stirling,Scotland,Poisoning,September,2013,NN80,Species involved: Buzzard x1. Tested positive for: Alphachloralose,No Link,adf6c5e4-7361-454a-b9e2-d07b1bdde9fa
4984,96234,Moray,Scotland,Shooting,June,2013,NJ42,Species involved: Hen Harrier x1,http://community.rspb.org.uk/ourwork/skydancer/b/skydancer/archive/2017/05/05/alleged-hen-harrier-shooting-case-dropped.aspx,743532f1-ca4f-4518-8ee8-a12147004fc5
4985,96236,Stirling,Scotland,Trapping,March,2013,NS59,Species involved: Buzzard x1,No Link,8ccf923a-4cf0-4eef-b55a-b30ea135383e
4986,96242,Highland,Scotland,Shooting,December,2013,NH71,Species involved: Buzzard x1,No Link,065d7662-179f-402d-8e8e-fb143497cdfa
4987,96254,Cumbria,England,Poisoning,May,2013,NY55,Species targeted: Birds of Prey. Species involved: Raven x1. Tested positive for: Carbofuran,No Link,eaa8b265-79ab-432c-835f-4c35f729534f
4988,96259,South Lanarkshire,Scotland,Trapping,February,2013,NS94,Species involved: Buzzard x1,No Link,93e9f5f5-9667-4fe9-ae13-718817f3a88a
4989,96262,Powys,Wales,Poisoning,August,2013,SO11,Species targeted: Birds of Prey. Species involved: poison bait (Pheasant Bait x1). Tested positive for: Bendiocarb,https://community.rspb.org.uk/ourwork/b/investigations/archive/2016/03/10/trouble-in-the-valleys.aspx,cfffd6fe-8285-42c9-886d-5f09043fcad9
4990,96263,Powys,Wales,Poisoning,August,2013,SO11,Species targeted: Birds of Prey. Species involved: poison bait (Pheasant Bait x1). Tested positive for: Bendiocarb,https://community.rspb.org.uk/ourwork/b/investigations/archive/2016/03/10/trouble-in-the-valleys.aspx,d5f5837d-0cb8-487e-84c5-cdcd7e04dc57
4991,96264,Powys,Wales,Poisoning,August,2013,SO11,Species targeted: Birds of Prey. Species involved: poison bait (Pheasant Bait x1). Tested positive for: Bendiocarb,https://community.rspb.org.uk/ourwork/b/investigations/archive/2016/03/10/trouble-in-the-valleys.aspx,c556f4ad-a65a-416c-8482-cf56dceef89b
4992,96265,Powys,Wales,Poisoning,August,2013,SO11,"Species targeted: Birds of Prey. Species involved: poison bait (Pheasant Bait x1). Tested positive for: Bendiocarb, Bendiocarb",https://community.rspb.org.uk/ourwork/b/investigations/archive/2016/03/10/trouble-in-the-valleys.aspx,d6599671-cff0-4d02-8b05-68bdcdc9f899
4993,96266,Powys,Wales,Poisoning,August,2013,SO11,Species involved: Red Kite x1. Tested positive for: Bendiocarb,https://community.rspb.org.uk/ourwork/b/investigations/archive/2016/03/10/trouble-in-the-valleys.aspx,6f8edaf1-9982-4dae-aa7b-6045bf1cc47b
4994,96306,Powys,Wales,Poisoning,October,2013,SO11,"Species involved: Red Kite x3, Buzzard x7. Tested positive for: Bendiocarb",https://community.rspb.org.uk/ourwork/b/investigations/archive/2016/03/10/trouble-in-the-valleys.aspx,b040704f-9d7d-486d-9484-88aae7e3be6b
4995,96307,Powys,Wales,Poisoning,October,2013,SO11,Species involved: Red Kite x1. Tested positive for: Bendiocarb,https://community.rspb.org.uk/ourwork/b/investigations/archive/2016/03/10/trouble-in-the-valleys.aspx,eb82ce6b-a6db-4670-a97c-d44b61e0d477
4996,96308,Powys,Wales,Poisoning,October,2013,SO11,Species targeted: Birds of Prey. Species involved: Raven x1. Tested positive for: Bendiocarb,https://community.rspb.org.uk/ourwork/b/investigations/archive/2016/03/10/trouble-in-the-valleys.aspx,47ae2521-f489-46d2-aff5-557b4721e446
4997,96309,Powys,Wales,Poisoning,October,2013,SO11,"Species Involved: Buzzard x1; poison bait (Pheasant Bait x1). Tested positive for: Bendiocarb, Bendiocarb",https://community.rspb.org.uk/ourwork/b/investigations/archive/2016/03/10/trouble-in-the-valleys.aspx,000b50ab-b2b2-433c-b063-c7422a0c4cd0
4998,96310,Powys,Wales,Poisoning,October,2013,SO11,Species targeted: Birds of Prey. Species involved: Raven x1. Tested positive for: Bendiocarb,https://community.rspb.org.uk/ourwork/b/investigations/archive/2016/03/10/trouble-in-the-valleys.aspx,d1c32dbc-010b-4380-b308-4bf92126178c
4999,96316,Angus,Scotland,Trapping,July,2013,NO36,Species targeted: Birds of Prey,No Link,f6281ce2-b06a-4217-8987-5daa0058ec6e
5000,96318,Aberdeenshire,Scotland,Shooting,May,2013,NJ30,Species involved: Hen Harrier x1,No Link,df1f9f2c-10c5-43ed-99c8-710cec924177
5001,96339,Angus,Scotland,Poisoning,February,2013,NO54,Species targeted: Birds of Prey. Species involved: poison bait (Pigeon Bait (Species Unknown) x1). Tested positive for: Carbofuran,No Link,7032e40a-d3f7-42bc-83c5-f4c59aa0c560
5002,96340,Angus,Scotland,Persecution (Other),April,2013,NO54,Species targeted: Birds of Prey. Possession of: Carbofuran,No Link,9e71fc75-f3c7-4103-afb6-b53c3745051c
5003,96351,Renfrewshire,Scotland,Shooting,July,2013,NO11,Species involved: Buzzard x1,No Link,856aa39c-c33f-4fc5-931e-896e1e63e369
5004,96354,Perth and Kinross,Scotland,Shooting,October,2013,NO14,Species involved: Buzzard x1,No Link,06bbfec1-07e9-4518-9ddb-de15b4c2958f
5005,96357,Highland,Scotland,Trapping,November,2013,NH53,Species targeted: Birds of Prey,No Link,2368ed2d-c010-4ddd-8ffd-540169322d37
5006,96359,Angus,Scotland,Poisoning,November,2013,NO47,Species involved: Golden Eagle x1. Tested positive for: Carbofuran,https://raptorpersecutionscotland.wordpress.com/2013/12/19/golden-eagle-found-poisoned-on-angus-grouse-moor/,a3db1fa0-596e-4f39-b07c-ec22634a1052
5007,96369,East Lothian,Scotland,Trapping,September,2013,NT58,Species involved: Sparrowhawk x1,No Link,8ab11673-4062-4a77-a225-020e828bd313
5008,96381,Perth and Kinross,Scotland,Poisoning,March,2013,NO04,Species involved: Buzzard x1. Tested positive for: Carbofuran,No Link,8b6c337b-b418-41ea-b40e-2b93c9f5f875
5009,96382,Perth and Kinross,Scotland,Poisoning,April,2013,NO04,Species involved: Buzzard x1. Tested positive for: Carbofuran,No Link,31c0ec7b-5c6d-4711-b181-bcef8c738a70
5010,96394,Norfolk,England,Poisoning,April,2013,TG03,"Species involved: Sparrowhawk x1, Buzzard x2. Tested positive for: Mevinphos/Phosdrin",https://community.rspb.org.uk/ourwork/b/investigations/archive/2014/11/06/how-bad-does-it-have-to-get.aspx,6deb98ab-d0dd-458f-9f9b-32c7031f38a3
5011,96395,Norfolk,England,Persecution (Other),April,2013,TG03,"Species targeted: Birds of Prey. Possession of: Aldicarb, Mevinphos/Phosdrin",https://community.rspb.org.uk/ourwork/b/investigations/archive/2014/11/06/how-bad-does-it-have-to-get.aspx,47786144-c6cb-4f80-b816-be3456912b83
5012,96398,North Yorkshire,England,Poisoning,October,2013,SE05,Species involved: Red Kite x1. Tested positive for: Alphachloralose,No Link,41c8b140-26f9-47e6-b1f7-04876a837d17
5013,96405,Greater Manchester,England,Shooting,June,2013,SD60,Species involved: Buzzard x1,No Link,4e0df9cb-016c-44a7-9f3c-28d277e6215a
5014,96412,Greater Manchester,England,Shooting,August,2013,SJ69,Species involved: Peregrine Falcon x1,https://www.manchestereveningnews.co.uk/news/greater-manchester-news/police-appeal-after-protected-peregrine-5710893,416fad7c-9962-4934-8c03-76c7bc7ebe02
5015,96422,Londonderry,Northern Ireland,Poisoning,March,2013,H99,Species involved: Buzzard x1. Tested positive for: Carbofuran,No Link,b0f0f89d-3f09-4c83-a69e-5fcb79fdc925
5016,96423,Down,Northern Ireland,Poisoning,June,2013,J33,Species involved: Red Kite x1. Tested positive for: Alphachloralose,No Link,3ab91d09-b8c5-4f6f-bce6-70c1d5b15f1c
5017,96424,Down,Northern Ireland,Poisoning,April,2013,J23,Species Involved: Red Kite x1; poison bait (Rabbit Bait x1). Tested positive for: Aldicarb,No Link,1e95a3e9-1b6e-4c8d-8526-84e02707562c
5018,96427,Antrim,Northern Ireland,Poisoning,August,2013,D30,Species involved: Red Kite x1. Tested positive for: Carbofuran,No Link,f1ce1869-d049-4035-b3f8-36c8f3b4374e
5019,96435,Down,Northern Ireland,Poisoning,October,2013,J23,"Species involved: Buzzard x2, Rook x1. Tested positive for: Carbofuran",No Link,f27b16e2-085f-476d-8f5c-19900b633382
5020,96438,Norfolk,England,Shooting,December,2013,TF91,Species involved: Buzzard x1,No Link,22e1b5b8-1539-4593-bcd8-5d65a4309b64
5021,96456,North Yorkshire,England,Shooting,July,2013,SE27,Species involved: Kestrel x1,No Link,f861c806-d8c7-43f0-b054-6abcd8c0ce7b
5022,96457,Powys,Wales,Shooting,May,2013,SJ10,Species involved: Buzzard x1,No Link,7d9467c9-80b6-424e-97d9-2caab805dbc3
5023,96459,Devon,England,Poisoning,April,2013,SS62,Species involved: Buzzard x2. Tested positive for: Carbofuran,No Link,ef49adb5-6086-4dd0-8856-5071ac4347ff
5024,96476,Northumberland,England,Shooting,September,2013,NY95,Species involved: Buzzard x1,No Link,a75de087-ec92-4dc3-9e10-3fa1076a05a0
5025,96481,Monmouthshire,Wales,Shooting,May,2013,ST59,Species involved: Peregrine Falcon x1,No Link,9ab4ba7c-60ef-4b07-a6e4-e0f4327f923e
5026,96483,Powys,Wales,Poisoning,March,2013,SJ02,Species involved: Red Kite x1. Tested positive for: Aldicarb,No Link,b0173f7b-c57e-49dd-a088-e51ba47e35cf
5027,96494,East Sussex,England,Poisoning,June,2013,TQ82,"Species targeted: Birds of Prey, Fox, Badger. Species involved: poison bait (Unidentified Bird). Tested positive for: Paraquat",No Link,031cb6f8-871c-4c59-9121-5d7c4b26e1f8
5028,96495,Somerset & Avon,England,Shooting,August,2013,ST66,Species involved: Peregrine Falcon x1,https://www.bbc.co.uk/news/av/uk-england-gloucestershire-23775216/whitchurch-peregrine-falcon-recovering-after-being-shot,4528d0c7-7ad8-45f7-945e-eebb97340457
5029,96500,Buckinghamshire,England,Poisoning,February,2013,SU79,Species involved: Red Kite x1. Tested positive for: Bendiocarb,No Link,472687fb-e2c4-4359-927a-62f96e02b606
5030,96501,Buckinghamshire,England,Poisoning,February,2013,SU79,Species involved: Red Kite x1. Tested positive for: Alphachloralose,No Link,7449a65b-9087-4f84-ac7a-f86089ce5f40
5031,96515,Surrey,England,Poisoning,July,2013,Unknown/Withheld,Species involved: Red Kite x1. Tested positive for: Alphachloralose,No Link,5bc34d51-35f0-49c0-85a7-b4df75f97eff
5032,96535,West Midlands,England,Shooting,April,2013,SO99,Species involved: Buzzard x1,No Link,529c76ed-7514-4bce-a31a-cfdcddfbd4de
5033,96536,Neath Port Talbot,Wales,Trapping,November,2013,SO20,"Species involved: Buzzard x1, Raven x1",#N/A,ad29e18d-8147-4a4a-a439-ecf830dd1240
5034,96537,Suffolk,England,Shooting,March,2013,TM25,Species involved: Sparrowhawk x1,No Link,f553af0b-b4f4-4a52-8ea4-47d377424013
5035,96542,Wrexham,Wales,Shooting,August,2013,SJ24,Species involved: Sparrowhawk x1,https://www.bbc.co.uk/news/uk-wales-north-east-wales-23905896,26cfc214-1b4f-483f-aefb-0efe268c41fb
5036,96551,West Yorkshire,England,Poisoning,November,2013,SE34,"Species involved: Red Kite x1. Tested positive for: Bendiocarb, Carbofuran, Isofenphos",No Link,57452c49-a839-4f70-a714-c22cee9242a0
5037,96552,West Yorkshire,England,Shooting,November,2013,SE34,Species involved: Red Kite x1,No Link,768bd5c5-f8b6-4543-bf2c-7c279a37b5bb
5038,96592,Antrim,Northern Ireland,Poisoning,April,2013,D13,Species involved: White-tailed Eagle x1. Tested positive for: Carbofuran,No Link,5b4d6ff0-fbc2-4abc-b548-8b6ffc8e8e59
5039,96593,Antrim,Northern Ireland,Shooting,April,2013,D22,Species involved: Buzzard x1,No Link,bff607a1-6c84-4f84-9089-3c5ed4829c5c
5040,96600,Down,Northern Ireland,Poisoning,November,2013,J34,Species involved: Red Kite x1. Tested positive for: Carbofuran,No Link,de747fb4-50f5-4190-920d-54e364948004
5041,96670,Cambridgeshire,England,Shooting,April,2013,TL38,Species involved: Buzzard x1,No Link,ffaf8aa1-e45a-4756-befc-fbcfcc3540ee
5042,96682,Northumberland,England,Shooting,April,2013,NY89,Species involved: Buzzard x1,No Link,e9ea9823-f4ca-44cc-8271-daac7b27963c
5043,96684,,United Kingdom,Shooting,Withheld,2013,Unknown/Withheld,Species involved: Birds of Prey x1,No Link,0beee130-330a-4900-b296-eeb8f4615a0d
5044,96691,Down,Northern Ireland,Poisoning,August,2013,J33,Species involved: Red Kite x1. Tested positive for: Alphachloralose,No Link,a49ba8dc-ca8c-4e6e-9667-280a2173551c
5045,96747,Lincolnshire,England,Trapping,September,2013,TF34,Species targeted: Sparrowhawk,No Link,c02f51c0-b98b-410e-b195-cca16085af4f
5046,96748,Lincolnshire,England,Trapping,August,2013,TF34,Species targeted: Sparrowhawk,No Link,cffd892a-3eaf-48d6-8151-d38c141bf736
5047,96761,Highland,Scotland,Poisoning,April,2013,NH56,Species targeted: Birds of Prey. Species involved: Raven x1. Tested positive for: Strychnine,No Link,8f551f1b-a112-43e3-8c81-fbb29edcf26c
5048,96762,Aberdeenshire,Scotland,Persecution (Other),August,2013,Unknown/Withheld,Species targeted: Birds of Prey. Possession of: Carbofuran,No Link,87656674-076d-4eba-8c44-09a5a616839d
5049,96800,Down,Northern Ireland,Poisoning,February,2013,J43,Species targeted: Birds of Prey. Species involved: Fox x1; poison bait (Hen/Chicken Bait). Tested positive for: Carbofuran,No Link,9b26fb22-a726-4eb8-9b3e-f88584940581
5050,96801,Armagh,Northern Ireland,Shooting,September,2013,J03,Species involved: Buzzard x1,No Link,dbaf27c1-9393-46e7-b318-d4e625dac189
5051,96802,Down,Northern Ireland,Poisoning,April,2013,J23,Species involved: Buzzard x1. Tested positive for: Aldicarb,No Link,1d46fe04-e645-4c6e-bcb1-70bda3eb3ec4
5052,96875,Norfolk,England,Shooting,March,2013,TF74,Species involved: Buzzard x1,No Link,9558fd49-6aeb-47fa-9375-3992e25a07b9
5053,96876,Norfolk,England,Shooting,December,2013,TF51,Species involved: Buzzard x1,No Link,26e6d2df-bd2d-4a0a-a372-0bdfeb2e7cb0
5054,96877,Norfolk,England,Shooting,December,2013,TL79,Species involved: Buzzard x1,No Link,275fcf8d-b2d1-44da-9273-4718f090fbe4
5055,96878,Norfolk,England,Shooting,November,2013,TG21,Species involved: Kestrel x1,No Link,7379d24b-5835-45bd-ae76-2a4a844d85d8
5056,96887,Down,Northern Ireland,Shooting,December,2013,J44,Species involved: Merlin x1,No Link,31fc1efb-d209-4ab3-a934-12ce623bd018
5057,97111,Cornwall,England,Poisoning,December,2013,SW87,"Species Involved: Buzzard x1, Carrion Crow x1; poison bait (Lamb x1). Tested positive for: Carbofuran",No Link,920bea31-0d16-4b3c-9389-2c1c72f30d5f
5058,97949,West Yorkshire,England,Trapping,August,2013,SE43,Species involved: Little Owl x1,No Link,80ed300e-7142-4612-9e08-438e31f811b9
5059,99303,Dumfries and Galloway,Scotland,Persecution (Other),March,2013,NX43,"Species targeted: Birds of Prey. Possession of: Alphachloralose, Carbofuran, Strychnine",No Link,54c28170-5c22-4939-a3fe-98b69b821f36
5060,99312,Norfolk,England,Poisoning,April,2013,TG03,Species involved: Buzzard x9. Tested positive for: Mevinphos/Phosdrin,https://community.rspb.org.uk/ourwork/b/investigations/archive/2014/11/06/how-bad-does-it-have-to-get.aspx,bbb6f1ea-4892-4d0b-a8ad-0a32e2209b3b
5061,100748,Flintshire,Wales,Shooting,February,2013,SJ27,Species involved: Buzzard x1,No Link,027a6e32-003b-4019-a661-1299ec526683
5062,100749,East Riding of Yorkshire,England,Shooting,February,2013,TA13,Species involved: Buzzard x1,No Link,18dcf536-6f38-45f1-9959-48645e235f15
5063,100909,South Lanarkshire,Scotland,Trapping,February,2013,NS94,Species involved: Buzzard x1,No Link,aaac8236-0907-4273-832b-b51c9f50ed24
5064,100910,Inverclyde,Scotland,Trapping,February,2013,NS94,Species involved: Sparrowhawk x1,No Link,53820a6a-5ec8-477a-a65e-2acb9c98b8f6
5065,100911,South Lanarkshire,Scotland,Trapping,February,2013,NS94,Species involved: Short-eared Owl x1,No Link,2cd74bde-0cb6-4e17-9ae1-294aebd04df6
5066,104496,Cumbria,England,Trapping,February,2013,NY52,Species involved: Buzzard x1,No Link,2521e8a3-65eb-46bc-a280-045f05ea1576
5067,104497,Cumbria,England,Trapping,February,2013,NY52,Species involved: Buzzard x1,No Link,62765c7b-d21a-47a4-8e40-8e79f3c64efd
5068,104498,Cumbria,England,Trapping,February,2013,NY52,Species involved: Buzzard x1,No Link,89459bab-96ef-4d6d-b828-d91771c2791b
5069,104499,Cumbria,England,Trapping,February,2013,NY52,Species involved: Buzzard x1,No Link,426223ce-5092-4b30-816c-bf011733313c
5070,104500,Cumbria,England,Trapping,February,2013,NY52,Species involved: Buzzard x1,No Link,a6cc475a-d2c3-42fd-9c3e-664cd2463c8e
5071,104501,Cumbria,England,Trapping,February,2013,NY52,Species involved: Buzzard x1,No Link,46a9b485-8fa9-4bd0-b6c6-a571ebb7f63a
5072,104502,Cumbria,England,Trapping,February,2013,NY52,Species involved: Buzzard x1,No Link,67d049c8-76fa-4802-b117-350753b7f880
5073,96260,Nottinghamshire,England,Shooting,January,2014,SK65,Species involved: Buzzard x1,No Link,38c01639-29e7-4cb4-b3da-1cbfb79b56b4
5074,96261,Norfolk,England,Shooting,January,2014,TF91,Species involved: Buzzard x1,No Link,9f0d8125-f490-4f61-91b7-932a45efc400
5075,96445,West Yorkshire,England,Trapping,February,2014,SE10,Species involved: Buzzard x1,https://raptorpersecutionscotland.wordpress.com/2014/04/04/fatally-injured-spring-trapped-buzzard-west-yorks-police-appeal-for-info/,93b048e8-6ce3-4747-8223-5bf80604108e
5076,96463,Greater London,England,Shooting,April,2014,TQ35,Species involved: Peregrine Falcon x2,No Link,dfff68c3-dfca-4b7a-8beb-9fb485b76602
5077,96473,Derbyshire,England,Shooting,March,2014,SK09,Species involved: Buzzard x1,No Link,c49b2e56-145d-49ca-a6fb-7c0577c0a9bb
5078,96598,Suffolk,England,Nest Destruction,June,2014,TL83,Species involved: Barn Owl x2 nest,No Link,1bfe809e-5d91-4659-b154-e1418431fb29
5079,96609,North Yorkshire,England,Shooting,February,2014,SE56,Species involved: Buzzard x1,No Link,20f4f96b-7c2e-4039-8f18-93303a9c669e
5080,96616,North Yorkshire,England,Trapping,June,2014,SE78,"Species targeted: Birds of Prey, Owls",No Link,f7901a79-efa3-4616-9d2a-a10e195fcea5
5081,96618,North Yorkshire,England,Trapping,June,2014,SE78,"Species targeted: Birds of Prey, Owls",No Link,27a6530e-5ce2-4d47-971e-6b6174e31a63
5082,96619,North Yorkshire,England,Trapping,June,2014,SE78,"Species targeted: Birds of Prey, Owls",No Link,55d0dfc0-12cf-4ccc-8eac-1509785ef56e
5083,96624,Berkshire,England,Shooting,March,2014,SU86,Species involved: Sparrowhawk x1,No Link,65affd58-02e0-4ac7-b575-f86fbb7c62fe
5084,96659,West Yorkshire,England,Shooting,June,2014,SE24,Species involved: Red Kite x1,No Link,ffc03a36-70d0-4276-a22d-39af54c06f0a
5085,96680,Devon,England,Shooting,May,2014,SY28,Species involved: Peregrine Falcon x1,No Link,e9a9fd89-9a9d-4322-9903-2253356bd5eb
5086,96750,Shropshire,England,Trapping,July,2014,SO39,Species targeted: Birds of Prey,No Link,c7ce4acb-1886-4a07-b20d-628b1ce1a5ac
5087,96811,Shropshire,England,Poisoning,August,2014,SO39,Species involved: Red Kite x1. Tested positive for: Carbofuran,No Link,e92910a8-c663-40be-91c1-b5452bf3971c
5088,96822,South Lanarkshire,Scotland,Poisoning,February,2014,NS92,Species involved: Peregrine Falcon x1. Tested positive for: Carbofuran,No Link,d22ca68a-8423-435a-913c-5b8b8bdb2720
5089,96829,North Yorkshire,England,Shooting,October,2014,SE66,Species involved: Buzzard x1,No Link,bd60f096-a7e1-42fb-9ad9-2baa70230659
5090,96842,Scottish Borders,Scotland,Shooting,September,2014,NT74,Species involved: Peregrine Falcon x1,No Link,f12d95fa-b2a3-4184-b488-c90d5f276afe
5091,96846,Antrim,Northern Ireland,Trapping,November,2014,J36,Species involved: Sparrowhawk x1,No Link,b685bfb9-3f08-4fed-95ec-6e357c15ee99
5092,96856,Leicestershire,England,Shooting,September,2014,SK70,Species involved: Sparrowhawk x1,No Link,ca961f71-edb3-4ad6-b1b5-98e7500a8494
5093,96869,North Yorkshire,England,Persecution (Other),December,2014,NZ00,Species targeted: Birds of Prey. Possession of: Alphachloralose,https://community.rspb.org.uk/ourwork/b/investigations/archive/2016/12/09/more-dark-secrets-in-north-yorkshire.aspx,fafa63b5-ab65-460a-96cf-e64d0fd6e7c7
5094,96872,Suffolk,England,Shooting,November,2014,TL88,Species involved: Buzzard x1,No Link,2857ce7d-a6c4-427b-8b3d-c6027f3432c2
5095,96873,Norfolk,England,Shooting,January,2014,TF62,Species involved: Buzzard x1,No Link,a3b44fc0-d2f3-4b4e-92bc-481119e33591
5096,96874,Norfolk,England,Shooting,July,2014,TF84,Species involved: Kestrel x1,No Link,8e819f0b-698a-4928-a451-8d9ca41ff5a5
5097,96886,Armagh,Northern Ireland,Poisoning,October,2014,J03,"Species involved: Buzzard x1. Tested positive for: Aldicarb, Carbofuran, Isofenphos",No Link,bcd1f1c5-1530-417b-a72f-64b073e20e32
5098,96906,Norfolk,England,Shooting,December,2014,TG12,Species involved: Buzzard x1,No Link,48ee664a-af90-4210-ae58-cdd56b0ab293
5099,96933,Leicestershire,England,Shooting,December,2014,SP59,Species involved: Barn Owl x1,No Link,c5b899ea-7d66-4e7e-b149-c831ac70945f
5100,96938,Aberdeenshire,Scotland,Trapping,March,2014,NJ40,Species targeted: Goshawk,No Link,20bc5647-4989-4c9f-bd7b-9b68658d0fde
5101,96939,Scottish Borders,Scotland,Trapping,May,2014,NT34,Species targeted: Birds of Prey,No Link,11499c66-b001-473e-999c-d486043c1362
5102,96940,Scottish Borders,Scotland,Shooting,May,2014,NT34,Species involved: Buzzard x1,No Link,e397c5ec-7a6a-4683-9ccd-e9c4e6901073
5103,96942,Scottish Borders,Scotland,Trapping,May,2014,NT34,Species targeted: Birds of Prey,No Link,3f55a1dc-9e3c-4257-9662-f5514d40a7be
5104,96943,Scottish Borders,Scotland,Persecution (Other),May,2014,NT35,Species targeted: Birds of Prey,No Link,e239a4ea-c8de-4924-9074-c8c204834d46
5105,96946,Highland,Scotland,Poisoning,September,2014,NH84,Species involved: Red Kite x1. Tested positive for: Carbofuran,No Link,638de426-9b40-4e26-badf-357ae9a37b3d
5106,96949,Somerset & Avon,England,Shooting,December,2014,ST11,Species involved: Buzzard x1,No Link,6422f48a-9dff-4e36-b5d9-7f6a8c7dab6c
5107,96950,Cambridgeshire,England,Shooting,November,2014,TL47,Species involved: Buzzard x1,No Link,59c4cd0a-2c54-4dea-bfaa-9d2295459581
5108,96953,Down,Northern Ireland,Poisoning,June,2014,J24,Species involved: Red Kite x3. Tested positive for: Alphachloralose,No Link,cba95207-33b7-40d8-b8c3-58131df52b4f
5109,96957,Conwy,Wales,Poisoning,June,2014,SH67,Species involved: Peregrine Falcon x1. Tested positive for: Alphachloralose,https://www.dailypost.co.uk/news/peregrine-falcon-found-dead-penmaenmawr-7637312,fe677c4d-5220-45ad-b27c-504856a9177d
5110,96961,Londonderry,Northern Ireland,Poisoning,July,2014,H88,Species involved: Peregrine Falcon x1. Tested positive for: Carbofuran,No Link,3b767a51-682c-4507-8b72-b76764c85f64
5111,96968,Powys,Wales,Poisoning,May,2014,SJ02,Species targeted: Birds of Prey. Species involved: Dog x1. Tested positive for: Aldicarb,No Link,f3d852e8-2fa4-4078-a429-44bef807013e
5112,97011,East Ayrshire,Scotland,Shooting,June,2014,NS62,Species involved: Hen Harrier x1,No Link,60eec3ff-9d8f-407a-b7ba-c1bfab82b549
5113,97012,Highland,Scotland,Shooting,June,2014,NH54,Species involved: Red Kite x1,No Link,f88dad80-08b8-48fd-b3f3-8b4fea87b7e1
5114,97028,Midlothian,Scotland,Poisoning,December,2014,NT25,Species targeted: Birds of Prey. Species involved: Cat x1. Tested positive for: Carbofuran,No Link,57b72e13-47d6-423f-9529-2ba0cd43fc93
5115,97029,South Lanarkshire,Scotland,Poisoning,January,2014,NS93,"Species targeted: Birds of Prey. Species involved: Rook x1; poison bait (Rabbit Bait x1, Hare Bait x1). Tested positive for: Alphachloralose, Carbofuran",No Link,07681853-15f9-4e94-9f79-294f2729960e
5116,97031,Derbyshire,England,Shooting,March,2014,SK44,Species involved: Sparrowhawk x1,No Link,2d29780b-681c-4f5d-886c-083a27a068ff
5117,97038,Cheshire,England,Shooting,October,2014,SJ37,Species involved: Barn Owl x1,No Link,2b426d5e-80d2-4545-9848-565d2fb100ee
5118,97065,Scottish Borders,Scotland,Trapping,March,2014,NT12,Species targeted: Birds of Prey,No Link,232c7e56-81e4-4502-af2c-8095b811da7a
5119,97066,Aberdeenshire,Scotland,Nest Destruction,May,2014,NJ31,Species targeted: Goshawk nest,No Link,4b5f4092-2dfc-478e-8de2-88627888cfde
5120,97080,North Yorkshire,England,Poisoning,September,2014,SE62,"Species targeted: Birds of Prey, Fox. Species involved: poison bait (Rabbit Bait x1). Tested positive for: Aldicarb, Bendiocarb, Other",No Link,f967ed6c-05e9-4e57-aff1-60d6a0999fd7
5121,97114,North Yorkshire,England,Poisoning,January,2014,SE89,"Species targeted: Birds of Prey. Species involved: Dog x1, Bird x1; poison bait (Pheasant Bait x1). Tested positive for: Metaldehyde",No Link,6350ad0b-d248-4ad1-a8bf-b12d62cb8737
5122,97116,Somerset & Avon,England,Poisoning,May,2014,SS93,Species targeted: Birds of Prey. Species involved: Raven x1. Tested positive for: Carbofuran,No Link,d70921a5-9dc6-4e9b-8cc6-6942f138e5a6
5123,97118,West Midlands,England,Poisoning,April,2014,SP09,Species involved: Peregrine Falcon x1. Tested positive for: Aldicarb,No Link,5a41ab85-3e40-433f-93bb-57672b022be2
5124,97123,Surrey,England,Poisoning,March,2014,TQ15,Species targeted: Birds of Prey. Species involved: Cat x1. Tested positive for: Bendiocarb,No Link,afc19d66-60b9-4eab-a890-1a84f85ed14b
5125,97169,County Durham,England,Shooting,January,2014,NZ23,Species involved: Sparrowhawk x1,No Link,9fdab58f-f193-4733-a546-8106ac0073d5
5126,97171,County Durham,England,Poisoning,December,2014,NZ04,"Species involved: Red Kite x1. Tested positive for: Aldicarb, Carbofuran, Methiocarb",No Link,ef099b3b-f62b-48fe-842a-2a964b0aa3c9
5127,97172,Northumberland,England,Poisoning,November,2014,NZ16,Species involved: Red Kite x2. Tested positive for: Methiocarb,No Link,59fad132-ab01-4177-927e-8a0eda3a85a8
5128,97173,Suffolk,England,Shooting,January,2014,TM58,Species involved: Buzzard x1,No Link,4762acf4-c824-47f2-b2dc-a0a96e0d4478
5129,97179,Ceredigion,Wales,Poisoning,July,2014,SN65,Species involved: Red Kite x1. Tested positive for: Diazinon/Dimpylate,#N/A,b421e3da-6ab5-45f4-a13c-8dfce6e23e6b
5130,97188,Down,Northern Ireland,Poisoning,March,2014,J64,Species targeted: Birds of Prey. Species involved: Raven x1. Tested positive for: Carbofuran,No Link,b9cc9ccd-66b6-489a-8088-f142871d2c92
5131,97189,Tyrone,Northern Ireland,Poisoning,March,2014,H87,"Species involved: Buzzard x1, Fox x1. Tested positive for: Carbofuran",No Link,cf674180-427e-4d74-82b6-49268abed1a9
5132,97192,Tyrone,Northern Ireland,Poisoning,November,2014,H97,Species involved: Buzzard x1. Tested positive for: Carbofuran,No Link,593ae26b-54a7-4c67-bd37-cfe1c69ccbf8
5133,97196,Down,Northern Ireland,Shooting,July,2014,J33,Species involved: Buzzard x1,No Link,0da35bf2-8152-4814-b7df-4d3f32bef95d
5134,97197,Down,Northern Ireland,Shooting,September,2014,J43,Species involved: Peregrine Falcon x1,No Link,36503a78-c52c-46ae-85c3-37c625e25e83
5135,97199,Down,Northern Ireland,Poisoning,November,2014,J03,Species targeted: Birds of Prey. Species involved: Cat x1. Tested positive for: Carbofuran,No Link,18354826-61fe-46ac-a7bb-668003da940a
5136,97225,Powys,Wales,Poisoning,October,2014,SO08,"Species involved: Red Kite x1, Buzzard x1, Cat x1. Tested positive for: Bendiocarb, Bendiocarb, Bendiocarb, Bendiocarb",No Link,4d665e34-86db-4608-b652-73b3d66e0829
5137,97226,North Yorkshire,England,Shooting,November,2014,SE49,Species involved: Little Owl x1,No Link,60754f3a-9f92-41d4-8b67-0f6573930fe1
5138,97237,Lincolnshire,England,Shooting,January,2014,TF13,Species involved: Buzzard x1,No Link,d5d22215-a6c3-4815-bb62-7c8bce069d53
5139,97241,North Yorkshire,England,Trapping,October,2014,SE77,Species involved: Buzzard x1,No Link,cf616612-abb0-4d44-9c05-82734ba19446
5140,97251,Suffolk,England,Shooting,August,2014,TL84,Species involved: Peregrine Falcon x1,https://www.bbc.co.uk/news/uk-england-suffolk-34683464,7a0f47ba-d215-46cc-aa1a-173ed7c83549
5141,97253,Northamptonshire,England,Shooting,April,2014,SP96,Species involved: Red Kite x1,No Link,f0bdde62-30de-4a15-9a24-fafb73531d0c
5142,97280,Suffolk,England,Shooting,December,2014,TM05,Species involved: Buzzard x1,No Link,21b21e49-f5a8-4718-8565-992f0d83707c
5143,97285,Suffolk,England,Trapping,December,2014,TL87,Species involved: Tawny Owl x1,No Link,d928c5ce-dee0-4d27-804b-1c76cdb27507
5144,97324,Derbyshire,England,Trapping,April,2014,SK26,Species involved: Goshawk x1,No Link,6626f6c7-22d9-45d1-8e16-619627597ffe
5145,97383,East Lothian,Scotland,Shooting,December,2014,NT66,Species involved: Tawny Owl x1,No Link,bf9b6ca9-7db3-4480-8236-e377a15cdd5b
5146,97385,Argyll and Bute,Scotland,Nest Destruction,May,2014,NM80,Species targeted: Golden Eagle nest,No Link,184d1804-1644-4b28-bc9d-7b8a8778f11f
5147,97387,Falkirk,Scotland,Shooting,June,2014,NS97,Species involved: Buzzard x1,No Link,82a265c4-fe92-4a5d-9ce8-fed51c207996
5148,97388,Scottish Borders,Scotland,Shooting,November,2014,NT14,Species involved: Buzzard x1,No Link,13a9eba3-55bc-4127-97ca-c1c86a384da8
5149,97389,Highland,Scotland,Poisoning,March,2014,NH55,"Species involved: Red Kite x12, Buzzard x4. Tested positive for: Aldicarb, Carbofuran, Carbosulfan",No Link,21e98b76-f336-4df7-b7d5-71660125bf12
5150,97390,Fife,Scotland,Poisoning,April,2014,NT19,Species involved: Buzzard x1. Tested positive for: Carbofuran,No Link,d8af72cc-a4cb-40a6-bfda-7888c0b260a8
5151,97391,Stirling,Scotland,Poisoning,July,2014,NS68,Species involved: Red Kite x1. Tested positive for: Carbofuran,No Link,86c352a6-3182-4740-b787-b0cd3f9fdcb2
5152,97392,Dumfries and Galloway,Scotland,Poisoning,December,2014,NX76,Species involved: Red Kite x1. Tested positive for: Alphachloralose,No Link,cb0f6745-f8fe-40b2-bf93-9bab7b4817ef
5153,97402,North Yorkshire,England,Shooting,April,2014,SE09,Species involved: Buzzard x1,No Link,fba4ae90-34f0-42c1-a8cf-ef544c34fee9
5154,97444,Stirling,Scotland,Shooting,April,2014,NS79,Species involved: Peregrine Falcon x1,No Link,fffa76e0-102e-45e6-a742-21526ffe9690
5155,97450,Highland,Scotland,Nest Destruction,June,2014,NM34,Species targeted: Golden Eagle nest,No Link,60b66b9e-ae59-47d3-8815-25d464bb1afe
5156,97464,Dumfries and Galloway,Scotland,Shooting,June,2014,NY08,Species involved: Peregrine Falcon x2,No Link,e66f4c4b-1417-4ec9-817a-d8c54a2fbfd2
5157,97466,Dumfries and Galloway,Scotland,Shooting,April,2014,NX98,Species involved: Buzzard x1,https://www.dng24.co.uk/gamekeepe-guilty-of-buzzard-death/,b0ab6d4e-1b54-4285-9697-1fde1709b137
5158,97507,Denbighshire,Wales,Shooting,September,2014,SJ25,Species involved: Buzzard x1,No Link,839b708c-4b3e-47e5-a78f-81d7b6470add
5159,98044,Surrey,England,Shooting,June,2014,TQ45,Species involved: Buzzard x1,No Link,c1932c7c-f8d0-4597-95ff-f70e5c9d54de
5160,98071,Down,Northern Ireland,Shooting,February,2014,J45,Species involved: Red Kite x1,No Link,a4d9eb7d-099b-4062-8754-2965b6645e6d
5161,98429,Northumberland,England,Shooting,November,2014,NZ16,Species involved: Red Kite x1,No Link,e49bc53a-c466-498a-bd28-046be187e924
5162,98574,Norfolk,England,Shooting,May,2014,TG13,Species involved: Sparrowhawk x1,No Link,a46886ad-d307-467d-a369-89a26beb8fc4
5163,98575,Hertfordshire,England,Shooting,May,2014,TL12,Species involved: Buzzard x1,No Link,2e46d6c3-e1a1-48a4-a2d9-db541fabd02f
5164,98576,Devon,England,Shooting,July,2014,SX59,Species involved: Peregrine Falcon x1,No Link,8da466a4-1842-4805-bd71-dca846eed3d6
5165,98578,Norfolk,England,Shooting,August,2014,TF80,Species involved: Buzzard x1,No Link,7bbe8afa-4b31-4450-8fb7-9314b75a6755
5166,98579,Shropshire,England,Shooting,September,2014,SJ61,Species involved: Buzzard x1,No Link,0e6795c9-2484-4b1e-8ce3-4cef2b0a52c3
5167,99423,Cambridgeshire,England,Shooting,June,2014,TL56,Species involved: Peregrine Falcon x1,No Link,5e640eff-0a99-4ec1-96d1-5a2fb88f878a
5168,100746,Scottish Borders,Scotland,Shooting,May,2014,NT34,Species involved: Buzzard x1,No Link,741905e4-b5ef-4d5f-b787-0109a6d70b1d
5169,100747,Scottish Borders,Scotland,Shooting,May,2014,NT34,Species involved: Buzzard x1,No Link,b9bae918-21c9-416e-8ca8-bf4a0ecc8dbe
5170,101226,Northumberland,England,Shooting,November,2014,NZ16,Species involved: Red Kite x1,No Link,490e1882-4c90-44f1-a176-b1429c6616dc
5171,97006,Hampshire,England,Shooting,January,2015,SU61,Species involved: Buzzard x1,No Link,19469c03-5a35-46f9-959d-66e6aa12e64f
5172,97022,Cumbria,England,Trapping,February,2015,SD78,Species targeted: Birds of Prey,No Link,0abefb6e-919e-43f1-9fd0-594522c09f3e
5173,97032,Cumbria,England,Poisoning,February,2015,NY01,Species involved: Peregrine Falcon x1. Tested positive for: Carbofuran,https://www.rspb.org.uk/Images/legal-eagle-79_tcm9-421996.pdf,7fc3bcba-f66b-4676-a50b-d7ae4cfc50cb
5174,97069,Essex,England,Shooting,March,2015,TQ67,Species involved: Buzzard x1,No Link,c5ea26f9-0b82-4361-b7fb-4241ecc5c616
5175,97097,East Riding of Yorkshire,England,Shooting,January,2015,SE74,Species involved: Kestrel x1,No Link,ae902c49-e39e-40a6-8063-7ff1c4795499
5176,97109,East Riding of Yorkshire,England,Trapping,March,2015,SE94,Species involved: Buzzard x1,No Link,83ea6172-f4ba-4f2f-b546-48395bb4ad14
5177,97148,North Yorkshire,England,Shooting,April,2015,SE87,Species involved: Tawny Owl x1,No Link,398d5ec2-2dcb-4ab7-bbc9-fbedc3310ecb
5178,97152,Kent,England,Shooting,April,2015,TQ76,Species involved: Buzzard x1,No Link,5ffcd3e2-246d-4bdb-80ea-da5523e00fe6
5179,97154,Northumberland,England,Shooting,April,2015,NY95,Species involved: Buzzard x1,No Link,aed1f010-305e-4901-b330-ca9bb93e9dac
5180,97235,North Yorkshire,England,Persecution (Other),April,2015,NZ00,"Species targeted: Birds of Prey. Possession of: Alphachloralose, Bendiocarb",https://community.rspb.org.uk/ourwork/b/investigations/archive/2016/12/09/more-dark-secrets-in-north-yorkshire.aspx,8462c44f-6134-4cc9-9389-e3c2897684e3
5181,97480,Shropshire,England,Poisoning,July,2015,SO77,"Species Involved: Buzzard x1; poison bait (Pheasant Bait x1). Tested positive for: Bendiocarb, Carbofuran",No Link,3da1cd6b-1d79-4ffd-8525-dbc3944f4066
5182,97484,East Lothian,Scotland,Trapping,March,2015,NT65,Species involved: Buzzard x1,No Link,189f615d-b59a-499b-b13f-f40b5fbf4a98
5183,97506,Kent,England,Shooting,March,2015,TQ93,Species involved: Barn Owl x1,No Link,aebcad8a-8dee-4306-ad46-2c4a83dd50e5
5184,97511,County Durham,England,Shooting,June,2015,NZ33,Species involved: Peregrine Falcon x1,https://www.bbc.co.uk/news/uk-england-tees-33365334,70f4cd5f-2cd9-42d2-aef8-d00f34d5d9be
5185,97539,North Yorkshire,England,Poisoning,February,2015,SE26,"Species involved: Buzzard x1. Tested positive for: Aldicarb, Bendiocarb, Carbofuran, Isofenphos",No Link,8160806d-55e9-457c-ab9d-d018039548f1
5186,97542,Kent,England,Shooting,August,2015,TQ46,Species involved: Peregrine Falcon x1,No Link,a0ffa369-20db-4379-a12a-716736da5c15
5187,97557,Suffolk,England,Shooting,July,2015,TL76,Species involved: Buzzard x1,No Link,eb972ced-9fce-4a02-af1d-730c0b96a16e
5188,97558,Lincolnshire,England,Shooting,January,2015,TF45,Species involved: Buzzard x1,No Link,7ec7c360-45a8-4ebe-b713-fe35418ceb70
5189,97559,North Yorkshire,England,Poisoning,April,2015,SE15,Species involved: Red Kite x1. Tested positive for: Carbofuran,No Link,26b7f80b-be23-4d6e-bd43-a13f47923210
5190,97561,Down,Northern Ireland,Shooting,May,2015,J15,Species involved: Peregrine Falcon x1,http://www.thejournal.ie/peregrine-falcon-dead-illegally-birds-2240567-Jul2015/,7429ea82-093f-4751-80b9-19641b2fd3d5
5191,97562,Somerset & Avon,England,Shooting,March,2015,ST52,Species involved: Peregrine Falcon x1,No Link,df3367bf-34d4-44e6-add2-d7abe9a8b38d
5192,97591,Shropshire,England,Poisoning,June,2015,SO57,Species involved: Peregrine Falcon x1. Tested positive for: Diazinon/Dimpylate,https://www.itv.com/news/central/2015-11-10/1-000-reward-offered-after-peregrine-found-poisoned-shropshire,fb61bc7c-6868-4931-8ee6-ba89508007bc
5193,97593,Northumberland,England,Poisoning,March,2015,NY86,Species involved: Buzzard x1. Tested positive for: Alphachloralose,No Link,b93485f6-27f8-43f4-84ef-ee10703178b9
5194,97614,Northumberland,England,Trapping,August,2015,NY76,Species involved: Buzzard x1,No Link,153d56d2-531a-4a45-a75b-2cf4de19e801
5195,97620,Derbyshire,England,Poisoning,March,2015,SK46,Species involved: Buzzard x2. Tested positive for: Alphachloralose,No Link,0354b7ac-d9c9-4db1-b93e-54a9cf1c80ac
5196,97621,Derbyshire,England,Shooting,January,2015,SK34,Species involved: Peregrine Falcon x1,https://www.bbc.co.uk/news/uk-england-derbyshire-31707635,248d341d-0f73-432c-b2d5-a438bc8c5f23
5197,97653,Derbyshire,England,Shooting,September,2015,SK09,Species involved: Buzzard x1,https://raptorpersecutionscotland.wordpress.com/2016/02/03/more-raptors-illegally-killed-in-peak-district-national-park-police-appeal-5-months-later/,bde92a5c-8de5-467b-88a7-2996b06efaa0
5198,97654,Derbyshire,England,Trapping,September,2015,SK09,Species involved: Osprey x1,https://raptorpersecutionscotland.wordpress.com/2016/02/03/more-raptors-illegally-killed-in-peak-district-national-park-police-appeal-5-months-later/,9caf8bcb-d3cd-4843-ba67-98bceec591b6
5199,97663,South Yorkshire,England,Shooting,May,2015,SK28,Species involved: Buzzard x1,No Link,8d0fdf46-6a10-4b11-aa44-0ecf4ef31778
5200,97668,Warwickshire,England,Trapping,October,2015,SP38,Species involved: Tawny Owl x1,https://news.rspca.org.uk/2015/10/13/appeal-after-owl-is-found-hanged-from-tree-by-string/,27324b5b-8696-4aae-bb6b-ab70fce61a18
5201,97669,North Yorkshire,England,Shooting,April,2015,SE58,Species involved: Buzzard x1,No Link,10f58bdc-151c-4464-8603-5bb2cd797034
5202,97670,West Yorkshire,England,Shooting,March,2015,SE02,Species involved: Peregrine Falcon x1,http://www.bbc.co.uk/news/uk-england-cornwall-34774259,166c1c6d-4c61-47c5-87aa-1d940ce06628
5203,97674,Staffordshire,England,Shooting,May,2015,SJ74,Species involved: Peregrine Falcon x1,No Link,a5b629c3-053a-4e70-945c-5f7c553d8317
5204,97675,County Durham,England,Shooting,February,2015,NY82,Species involved: Short-eared Owl x1,https://www.rspb.org.uk/our-work/rspb-news/news/408763-owls-found-shot-in-county-durham,08a53e07-981d-4a4b-9ddc-9ad046c10ab2
5205,97679,Cambridgeshire,England,Shooting,September,2015,TL39,Species involved: Red-footed Falcon x1,http://www.rspb.org.uk/our-work/rspb-news/news/410405-rspb-offer-1000-reward-in-appeal-for-information-on-shooting-of-rare-redfooted-falcon-,f897b082-8459-4020-b3fc-b4a3b5e03c07
5206,97684,East Riding of Yorkshire,England,Shooting,March,2015,TA41,Species involved: Long-eared Owl x1,No Link,24b16a90-39fa-480f-8f21-a986f5c54645
5207,97687,County Durham,England,Shooting,August,2015,NZ00,Species involved: Peregrine Falcon x1,https://www.rspb.org.uk/our-work/rspb-news/news/402855-shot-peregrine-falcon-found-in-county-durham,29c407e4-11e1-4aa3-ae55-946616cc6074
5208,97732,Northumberland,England,Shooting,July,2015,Unknown/Withheld,Species targeted: Columbidae (Pigeons). Species involved: Kestrel x1,No Link,f04a634c-8227-47e3-afef-f53b5c7be86c
5209,97781,Highland,Scotland,Trapping,April,2015,NH84,Species targeted: Birds of Prey,No Link,993477c7-d319-44e0-8fee-6dc47b25b2a8
5210,97811,Highland,Scotland,Poisoning,October,2015,NH94,Species involved: Red Kite x1. Tested positive for: Carbofuran,No Link,6204e254-1685-45be-a825-c9087176a34a
5211,97953,North Yorkshire,England,Persecution (Other),December,2015,SE06,Species targeted: Birds of Prey,No Link,3a29ec49-3487-4c74-bdd7-3e93e558b42b
5212,97955,Cumbria,England,Nest Destruction,May,2015,NY02,Species targeted: Tawny Owl nest,No Link,f9bba293-9ebf-4200-a2f2-b8cb2c798cd0
5213,97982,Dumfries and Galloway,Scotland,Shooting,March,2015,NS90,Species involved: Hen Harrier x1,https://raptorpersecutionscotland.wordpress.com/2015/08/11/langholm-hen-harrier-annie-found-shot-dead-on-scottish-grouse-moor/,be1bd42f-a3b4-49c5-97f6-dcb047fbfa7c
5214,98024,North Yorkshire,England,Shooting,June,2015,SE76,Species involved: Kestrel x1,No Link,ec9fcc0e-7e38-4e31-8f13-abf68a176118
5215,98036,East Riding of Yorkshire,England,Shooting,November,2015,TA17,Species involved: Long-eared Owl x1,No Link,7642fb88-0a6f-4956-9935-5da2fbddb121
5216,98039,West Yorkshire,England,Shooting,November,2015,SE10,Species involved: Sparrowhawk x1,No Link,f540bb4e-582c-4cc0-a896-6108dea84c85
5217,98056,Surrey,England,Shooting,April,2015,TQ35,Species involved: Buzzard x1,No Link,fdf1c05b-8695-4953-8fb5-bb45f2382c50
5218,98057,Stirling,Scotland,Poisoning,January,2015,NS78,Species involved: Peregrine Falcon x1. Tested positive for: Carbofuran,No Link,51904440-5d74-4d7a-8c3b-9103a1e8f538
5219,98065,Perth and Kinross,Scotland,Poisoning,March,2015,NN85,Species involved: Buzzard x1. Tested positive for: Alphachloralose,No Link,9063a621-3932-4bff-ae77-cd5927d91088
5220,98066,Perth and Kinross,Scotland,Poisoning,March,2015,NN85,Species involved: Buzzard x1. Tested positive for: Alphachloralose,No Link,9adeb9e3-e6ab-4085-b54e-621fcc044fef
5221,98067,Perth and Kinross,Scotland,Nest Destruction,April,2015,NN82,Species targeted: Golden Eagle nest,No Link,4416b55f-2819-4497-91be-4afdd9c36af2
5222,98074,Northamptonshire,England,Shooting,February,2015,SP54,Species involved: Red Kite x1,No Link,371aac07-16dc-4809-8103-7008c6aa51b4
5223,98093,Scottish Borders,Scotland,Trapping,May,2015,NT64,Species targeted: Birds of Prey,No Link,1165eff2-1978-4677-98b8-fcafea404bce
5224,98094,North Lanarkshire,Scotland,Shooting,April,2015,NS75,Species involved: Sparrowhawk x1,No Link,33a31134-5d62-4603-88f2-bfedbcc3a115
5225,98096,Stirling,Scotland,Trapping,May,2015,NS68,Species involved: Red Kite x1,No Link,d84f3dc6-ecc9-4a76-a218-4e9ea5c991f2
5226,98101,Scottish Borders,Scotland,Shooting,July,2015,NT35,Species involved: Buzzard x1,No Link,22c33a4c-da73-4bd3-8ad3-4d17439b446d
5227,98102,Scottish Borders,Scotland,Poisoning,September,2015,NT35,Species involved: Buzzard x1. Tested positive for: Carbofuran,No Link,522bc193-adba-4b5b-b0f8-c6f3a9ef70ab
5228,98103,Scottish Borders,Scotland,Poisoning,September,2015,NT35,Species involved: Buzzard x1. Tested positive for: Carbofuran,No Link,10b870fc-7cb0-4466-8bbe-f0dcb1139a37
5229,98109,Fife,Scotland,Persecution (Other),February,2015,NT29,Species involved: Sparrowhawk x1,No Link,815b0cde-e130-47d2-9f52-97f62d9ef2f1
5230,98111,South Lanarkshire,Scotland,Trapping,September,2015,NS84,Species targeted: Birds of Prey,No Link,89fc1d4a-8539-401a-8846-04402c5fc5ba
5231,98112,Scottish Borders,Scotland,Shooting,October,2015,NT35,Species involved: Buzzard x1,No Link,98997252-a6a3-4131-afac-d0b596615d0a
5232,98113,Scottish Borders,Scotland,Poisoning,October,2015,NT35,Species involved: Buzzard x1. Tested positive for: Carbofuran,No Link,a367aa2e-4da3-4a04-b759-e1f3e8d09def
5233,98114,Scottish Borders,Scotland,Poisoning,October,2015,NT35,Species involved: Buzzard x1. Tested positive for: Carbofuran,No Link,b88b952f-4cd0-4447-b8e9-9175e0a142cc
5234,98160,Perth and Kinross,Scotland,Poisoning,June,2015,NN85,Species involved: Buzzard x1. Tested positive for: Alphachloralose,No Link,055b25e1-2a66-4fd3-9d70-1e6aa98c3ef7
5235,98163,Angus,Scotland,Trapping,July,2015,NO26,Species targeted: Birds of Prey,No Link,87f59757-d2fc-430e-a75c-820ce68311fa
5236,98164,Angus,Scotland,Trapping,July,2015,NO26,Species targeted: Birds of Prey,No Link,9030cad3-018f-4cd8-9953-cfee9f76eec4
5237,98165,Angus,Scotland,Trapping,July,2015,NO26,Species targeted: Birds of Prey,No Link,70adec3d-561b-4bb9-bdfa-149a3c271656
5238,98166,Angus,Scotland,Trapping,July,2015,NO26,Species targeted: Birds of Prey,https://raptorpersecutionscotland.wordpress.com/2017/05/12/brewlands-estate-inadmissible-pole-trapping-video-released/,2941ba14-6e05-4a14-b8c5-1ba9337e7630
5239,98169,Highland,Scotland,Shooting,August,2015,NH82,Species involved: Red Kite x1,No Link,1e3d3edd-f960-4976-b8e4-db79a63308eb
5240,98180,Cumbria,England,Poisoning,February,2015,NY01,"Species targeted: Peregrine Falcon. Species involved: poison bait (Pigeon Bait (Species Unknown) x1). Tested positive for: Carbofuran, Methiocarb",https://www.rspb.org.uk/Images/legal-eagle-79_tcm9-421996.pdf,415ae074-0c0d-44e0-a8a0-d6223f214d46
5241,98181,Cumbria,England,Poisoning,February,2015,NY01,"Species Involved: Buzzard x1; poison bait (Pigeon Bait (Species Unknown) x1). Tested positive for: Carbofuran, Methiocarb",https://www.rspb.org.uk/Images/legal-eagle-79_tcm9-421996.pdf,a7d7a298-9ba0-4e6f-8ebb-61d6e81df6cb
5242,98182,Cumbria,England,Persecution (Other),April,2015,NY01,Species targeted: Peregrine Falcon. Possession of: Carbofuran,No Link,9310fcf6-6623-4ba5-bc3f-fd371f9527cc
5243,98316,Nottinghamshire,England,Poisoning,March,2015,SK55,Species involved: Buzzard x1. Tested positive for: Aldicarb,No Link,4e10086d-bdca-488b-88ef-39e66b0b62c1
5244,98357,North Yorkshire,England,Persecution (Other),April,2015,NZ00,Species targeted: Birds of Prey,http://community.rspb.org.uk/ourwork/b/investigations/archive/2016/12/09/more-dark-secrets-in-north-yorkshire.aspx,891052a0-c468-44f0-901b-b0f7e0850ad6
5245,98418,Lincolnshire,England,Poisoning,April,2015,TF56,"Species Involved: Buzzard x1, Dog x1; poison bait (Other x1). Tested positive for: Aldicarb",No Link,752a9366-2f35-4aba-9f9f-7b276e04ff6c
5246,98422,Norfolk,England,Poisoning,April,2015,TF84,Species involved: Buzzard x1. Tested positive for: Alphachloralose,No Link,2d0ca8ba-d5a4-4f25-a7cb-b2765369235c
5247,98427,Hertfordshire,England,Poisoning,May,2015,TL24,Species involved: Red Kite x1. Tested positive for: Bendiocarb,No Link,eaa7bdfe-1ba3-4655-adc0-8bb9146d15f2
5248,98441,South Yorkshire,England,Shooting,October,2015,SK59,Species involved: Buzzard x1,No Link,8983fff2-587c-4446-afc7-1aee2db277fb
5249,102080,,Scotland,Shooting,January,2020,Unknown/Withheld,Species involved: Golden Eagle x1,No Link,e4b6b055-96d0-495a-b8f4-069b6a36e748
5250,98443,Derbyshire,England,Shooting,May,2015,SK19,Species involved: Goshawk x1,http://community.rspb.org.uk/ourwork/b/investigations/archive/2016/06/22/new-hope-for-goshawks.aspx,de2bab75-6623-4a2e-b012-ec4880a4181b
5251,98465,Hampshire,England,Shooting,March,2015,SU63,Species involved: Buzzard x1,No Link,9b0b5c3f-4cbb-433b-83eb-18752208adfe
5252,98467,Warwickshire,England,Shooting,February,2015,SP27,Species involved: Buzzard x1,No Link,4bb09e0b-99af-4905-b0f0-dbec8e817099
5253,98483,Denbighshire,Wales,Poisoning,September,2015,SJ04,"Species targeted: Birds of Prey, Corvidae. Species involved: poison bait (Rabbit Bait x1). Tested positive for: Carbofuran, Carbofuran, Isofenphos, Isofenphos, Methomyl, Methomyl, Other, Other",No Link,35a08ff3-5789-4698-9b34-cd3d80dfa36f
5254,98499,Armagh,Northern Ireland,Shooting,August,2015,H74,Species involved: Peregrine Falcon x1,No Link,7564b2ff-e2ea-4175-b0b6-ac009c1be6dc
5255,98508,Tyrone,Northern Ireland,Poisoning,April,2015,H45,Species involved: Buzzard x1. Tested positive for: Carbofuran,No Link,6508b653-d4b2-4e1b-b94f-e9ef4fa93119
5256,98510,Armagh,Northern Ireland,Poisoning,June,2015,J05,Species targeted: Buzzard. Species involved: Magpie x1. Tested positive for: Alphachloralose,No Link,cb8ecaf3-8092-4fca-9f9d-aaa5255fc12c
5257,98511,Down,Northern Ireland,Poisoning,September,2015,J56,Species involved: Buzzard x1. Tested positive for: Alphachloralose,No Link,ce10fcb1-7dbc-45dd-9a70-e626c4425c25
5258,98529,Devon,England,Shooting,June,2015,SX88,Species involved: Peregrine Falcon x1,No Link,579e8972-afb7-42f0-9eac-eb6fcdae4eb3
5259,98566,East Sussex,England,Shooting,October,2015,TQ53,Species involved: Buzzard x1,No Link,cdc685f9-a2c4-4d52-a692-834a57c1c84b
5260,98588,Staffordshire,England,Trapping,April,2015,SJ91,Species targeted: Peregrine Falcon,No Link,c97215d9-584c-45cb-9405-9190e04ff0cc
5261,98652,Perth and Kinross,Scotland,Poisoning,January,2015,NN84,Species involved: Red Kite x1. Tested positive for: Carbofuran,No Link,329d20a2-d6a6-4520-889f-3e8b2f409686
5262,98664,Londonderry,Northern Ireland,Poisoning,November,2015,H99,Species involved: Buzzard x1. Tested positive for: Carbofuran,No Link,af6254fd-61f7-4762-bf84-032fc2084f85
5263,100742,County Durham,England,Shooting,February,2015,NY82,Species involved: Short-eared Owl x1,https://www.rspb.org.uk/our-work/rspb-news/news/408763-owls-found-shot-in-county-durham,716ad921-8c3b-4360-a9c2-6d48b1fa2e5e
5264,100745,Down,Northern Ireland,Shooting,May,2015,J15,Species involved: Peregrine Falcon x1,No Link,2ee03989-e874-47d6-aa92-b95fd2df3253
5265,105381,Shropshire,England,Poisoning,August,2015,SO77,"Species targeted: Birds of Prey. Species involved: poison bait (Pheasant Bait x1). Tested positive for: Bendiocarb, Carbofuran, Cabaryl",#N/A,6f8604fa-cdaa-4378-b513-09f90a2d4c44
5266,98051,Staffordshire,England,Persecution (Other),February,2016,SK10,Species targeted: Birds of Prey,https://lichfieldlive.co.uk/2016/02/05/rspca-appeal-after-pigeon-is-found-with-hooks-through-its-feet-in-lichfield/,883aac92-1277-4f5c-8aa4-81f97f290db5
5267,98086,North Yorkshire,England,Trapping,February,2016,SE98,Species involved: Buzzard x1,http://www.yorkshirepost.co.uk/news/crime/badger-shot-in-eye-and-birds-trapped-in-spate-of-north-yorkshire-attacks-1-7812747,1d4a8090-5002-4495-a44a-d167efa7dc93
5268,98158,East Riding of Yorkshire,England,Shooting,April,2016,TA15,Species involved: Buzzard x1,No Link,95bed1e6-6a10-414c-8a54-51c23738389e
5269,98159,North Yorkshire,England,Shooting,March,2016,SE87,Species involved: Red Kite x1,http://www.yorkpress.co.uk/news/14391948.Bird_of_prey_found_with_shotgun_wounds_in_North_Yorkshire/,0cb17ffe-1b54-4641-a1e6-f7bb6fb59f0c
5270,98174,North Yorkshire,England,Poisoning,January,2016,SD94,Species targeted: Buzzard. Species involved: Dog x1. Tested positive for: Strychnine,No Link,a6bba68d-480d-47fd-b066-c9096ed0d8dd
5271,98185,Lancashire,England,Shooting,April,2016,SD54,Species involved: Peregrine Falcon x1,https://community.rspb.org.uk/ourwork/b/investigations/archive/2018/08/08/peregrine_2d00_persecution_2d00_filmed_2d00_bowland.aspx,1da57e2d-63da-482a-ae1b-401733a5db7b
5272,98186,Lancashire,England,Trapping,April,2016,SD54,Species involved: Peregrine Falcon x1,https://community.rspb.org.uk/ourwork/b/investigations/archive/2018/08/08/peregrine_2d00_persecution_2d00_filmed_2d00_bowland.aspx,fa336428-3ccd-4884-8d43-f0fc3eb348ea
5273,98187,Gloucestershire,England,Shooting,April,2016,SO50,Species involved: Goshawk x1,https://raptorpersecutionscotland.wordpress.com/2016/04/25/goshawk-suffers-shotgun-injuries-to-head/,1708b6b5-ffe9-443b-8a4f-a9001df85739
5274,98191,Oxfordshire,England,Shooting,March,2016,SU68,Species involved: Red Kite x1,"https://raptorpersecutionscotland.wordpress.com/2016/04/27/red-kites-shot-in-the-thames-valley/#:~:text=Thames%20Valley%20Police%20are%20appealing,was%20found%20on%205th%20April.",472ddb60-b712-49cc-a278-db3deb2e32ca
5275,98192,Oxfordshire,England,Shooting,April,2016,SU68,Species involved: Red Kite x1,"https://raptorpersecutionscotland.wordpress.com/2016/04/27/red-kites-shot-in-the-thames-valley/#:~:text=Thames%20Valley%20Police%20are%20appealing,was%20found%20on%205th%20April.",63fc2462-c56b-4294-93d3-56dd795c3362
5276,98193,North Yorkshire,England,Shooting,April,2016,SE36,Species involved: Red Kite x1,https://northyorkshire.police.uk/news/police-investigate-red-kite-killed-shocking-act-cruelty/,ed18383c-cd52-4d55-92b6-53d6c7a81075
5277,98199,West Yorkshire,England,Shooting,April,2016,SE24,Species involved: Red Kite x1,https://raptorpersecutionscotland.wordpress.com/2016/05/05/red-kite-shot-killed-on-nest-in-west-yorkshire/,642c8ac5-1fcf-4dc9-a134-6a3b5a98fddc
5278,98202,North Yorkshire,England,Trapping,May,2016,SD88,"Species targeted: Birds of Prey, Hen Harrier",http://community.rspb.org.uk/ourwork/b/investigations/archive/2016/06/01/proceed-with-caution.aspx,058cfd74-6902-4156-bf7e-48900757c18a
5279,98203,North Yorkshire,England,Trapping,May,2016,SD88,"Species targeted: Birds of Prey, Hen Harrier",http://community.rspb.org.uk/ourwork/b/investigations/archive/2016/06/01/proceed-with-caution.aspx,1e454220-91b4-4301-a68c-f7123d46d368
5280,98204,North Yorkshire,England,Trapping,May,2016,SD88,"Species targeted: Birds of Prey, Hen Harrier",http://community.rspb.org.uk/ourwork/b/investigations/archive/2016/06/01/proceed-with-caution.aspx,b0953bad-968f-4403-85c9-a43a66b52681
5281,98208,Antrim,Northern Ireland,Poisoning,April,2016,J29,Species involved: Peregrine Falcon x1. Tested positive for: Aldicarb,http://www.bbc.co.uk/news/uk-northern-ireland-36213189,e041b2c4-f0da-4dce-afba-362ea0211d0c
5282,98209,Antrim,Northern Ireland,Poisoning,March,2016,D31,Species involved: Buzzard x1. Tested positive for: Carbofuran,http://www.bbc.co.uk/news/uk-northern-ireland-36213189,7c6b25f7-e4c9-4474-9be4-4c2c9c767810
5283,98210,Antrim,Northern Ireland,Poisoning,March,2016,D30,Species involved: Buzzard x1. Tested positive for: Alphachloralose,http://www.bbc.co.uk/news/uk-northern-ireland-36213189,bb9dd28e-a469-42fb-aad9-d18f017b52e5
5284,98211,Powys,Wales,Poisoning,March,2016,SJ02,"Species targeted: Birds of Prey. Species involved: Raven x1; poison bait (Pheasant Bait x1). Tested positive for: Aldicarb, Aldicarb, Bendiocarb, Bendiocarb",No Link,7ccc726f-b387-47aa-83b3-568f29bd3713
5285,98238,Northumberland,England,Persecution (Other),April,2016,NY99,Species targeted: Peregrine Falcon,No Link,265cb496-ba10-47ec-892a-cb4500aeb179
5286,98299,North Yorkshire,England,Shooting,June,2016,SE15,Species involved: Red Kite x1,https://northyorkshire.police.uk/news/red-kite-persecution-nothing-short-disgraceful-another-bird-found-dead/,7d6fb917-eed5-4399-8266-c126069be701
5287,98358,North Yorkshire,England,Nest Destruction,June,2016,NZ00,Species targeted: Buzzard nest,No Link,afed08ba-c93a-4232-9e4f-a6c8913f9c4d
5288,98360,South Yorkshire,England,Shooting,June,2016,SE30,Species involved: Red Kite x1,No Link,3e6bd2f7-0f3d-49e4-bce3-8e2982553a62
5289,98366,North Yorkshire,England,Shooting,July,2016,NZ60,Species involved: Buzzard x1,https://www.birdguides.com/news/buzzard-found-shot-in-national-park/,7b957951-5a2d-4660-948c-4fb58b30f379
5290,98388,North Yorkshire,England,Shooting,May,2016,SE15,Species involved: Red Kite x1,https://northyorkshire.police.uk/news/police-appeal-shocking-extent-red-kite-persecution/,fdc828c5-ee09-4791-882f-4256ed8038ff
5291,98389,West Yorkshire,England,Shooting,May,2016,SE24,Species involved: Red Kite x1,http://www.yorkshirepost.co.uk/news/crime/beyond-belief-seventh-red-kite-killed-in-yorkshire-in-just-two-months-1-7926447,4001ce65-4f68-4272-893f-7dff9ab6240c
5292,98415,North Yorkshire,England,Shooting,August,2016,NZ21,Species involved: Buzzard x1,https://northyorkshire.police.uk/news/police-investigation-following-richmondshire-buzzard-shooting/,ccb7a5e7-c2a0-4669-8a74-be8c988855bf
5293,98469,North Yorkshire,England,Persecution (Other),June,2016,SE07,Species targeted: Birds of Prey,No Link,0f476d9d-009e-4840-8047-0ca2b56a431c
5294,98476,County Durham,England,Shooting,March,2016,NZ15,Species involved: Red Kite x1,http://www.bbc.co.uk/news/uk-england-tyne-36130194,badde21b-ecc5-4987-824c-dd249898811d
5295,98527,East Riding of Yorkshire,England,Shooting,September,2016,SE96,Species involved: Marsh Harrier x1,http://www.yorkpress.co.uk/news/14843965.Bird_of_prey_badly_injured_after_being_shot/,5cc60cdd-67c3-463b-8abb-d5041d67e791
5296,98528,Kent,England,Trapping,August,2016,TQ86,Species targeted: Birds of Prey,No Link,cbabc04b-8e77-430f-9818-41ccefd08f8b
5297,98554,North Yorkshire,England,Shooting,October,2016,SE06,Species involved: Peregrine Falcon x1,https://northyorkshire.police.uk/news/peregrine-falcon-found-dead/,0d2406c5-6866-4ce9-b7e9-005862609cd5
5298,98556,North Yorkshire,England,Poisoning,May,2016,SE17,"Species involved: Red Kite x1. Tested positive for: Alphachloralose, Aldicarb, Bendiocarb, Carbofuran, Isofenphos",https://northyorkshire.police.uk/news/police-warning-following-red-kite-poisoning/,18238a30-77c8-4f51-9b43-8f6ea32b56bd
5299,98557,North Yorkshire,England,Poisoning,March,2016,SE16,"Species involved: Red Kite x1. Tested positive for: Alphachloralose, Aldicarb",https://northyorkshire.police.uk/news/police-warning-following-red-kite-poisoning/,22ba719b-30c4-47ac-a4ae-f6f84c4195f9
5300,98559,North Yorkshire,England,Trapping,August,2016,SD99,"Species targeted: Birds of Prey, Bird",No Link,09c070ce-c764-4c10-8b9d-45e90dc83636
5301,98560,North Yorkshire,England,Trapping,August,2016,SD99,Species involved: Kestrel x1,No Link,98943fac-38c5-406f-8110-456a3cdc7592
5302,98577,Cumbria,England,Shooting,October,2016,NY70,Species involved: Hen Harrier x1,http://community.rspb.org.uk/ourwork/b/investigations/archive/2016/11/09/rowan-a-personal-reflection.aspx,1422f73a-8030-441f-8d51-fa5986ad0258
5303,98658,North Yorkshire,England,Shooting,November,2016,SE87,Species involved: Buzzard x1,No Link,e08615bb-e261-48d3-9f4b-03d5482e9d32
5304,98674,Devon,England,Trapping,August,2016,ST10,Species targeted: Birds of Prey,No Link,7a128e04-bfe6-4d0b-8368-94b4e87cbe3d
5305,98688,North Yorkshire,England,Shooting,October,2016,SE48,Species involved: Buzzard x1,https://raptorpersecutionscotland.wordpress.com/2016/10/28/buzzard-with-shotgun-injuries-found-in-thirsk-north-yorkshire/,076decb3-f1d9-474a-9cb7-894fdfb416d7
5306,98695,Suffolk,England,Shooting,September,2016,TL85,Species involved: Buzzard x1,No Link,6a4271aa-0514-45ae-8f84-7283aa4eb317
5307,98735,Gloucestershire,England,Trapping,August,2016,SP02,Species targeted: Birds of Prey,No Link,c775b381-2281-4c83-8006-4beccaffb247
5308,98746,Lancashire,England,Shooting,September,2016,SD73,Species involved: Kestrel x1,No Link,19313cc2-c221-4da7-9308-baf9cf40e6a1
5309,98756,North Yorkshire,England,Trapping,Withheld,2016,SD88,Species involved: Kestrel x1,http://community.rspb.org.uk/ourwork/b/investigations/archive/2016/06/01/proceed-with-caution.aspx,a7b791b2-0ff8-4f1b-a8ad-9268bc5b5e93
5310,98757,North Yorkshire,England,Trapping,Withheld,2016,SD88,Species involved: Falcons x1,http://community.rspb.org.uk/ourwork/b/investigations/archive/2016/06/01/proceed-with-caution.aspx,d56a5e87-1c86-4979-835e-0b7ef1b9deb6
5311,98758,Herefordshire,England,Shooting,July,2016,SO43,Species involved: Buzzard x1,http://www.herefordtimes.com/news/14987778.Buzzards_found_with_lead_shot_in_their_bodies/?commentSort=oldest,3da90c13-20cc-4de0-8fa0-d6d27a003a6e
5312,98759,Herefordshire,England,Shooting,November,2016,SO53,Species involved: Buzzard x1,http://www.herefordtimes.com/news/14987778.Buzzards_found_with_lead_shot_in_their_bodies/?commentSort=oldest,1fef8e78-a341-45c3-a31f-b1a169423903
5313,98760,Herefordshire,England,Shooting,November,2016,SO55,Species involved: Buzzard x1,http://www.herefordtimes.com/news/14987778.Buzzards_found_with_lead_shot_in_their_bodies/?commentSort=oldest,f6382e92-0c0a-46ce-a6a5-473863243dcc
5314,98762,Derbyshire,England,Shooting,September,2016,SK07,Species involved: Peregrine Falcon x1,http://www.bbc.co.uk/news/uk-england-derbyshire-37366859,615b7439-c891-480c-92c3-9ca6f220391e
5315,98766,Powys,Wales,Shooting,December,2016,SO21,Species involved: Buzzard x1,No Link,0967779f-5433-4900-b5fc-16640314855d
5316,98767,Vale of Glamorgan,Wales,Shooting,December,2016,ST06,Species involved: Buzzard x1,No Link,0c85c77d-d347-4d73-863e-ce870a36c87c
5317,98768,Derbyshire,England,Poisoning,March,2016,SK46,"Species Involved: Buzzard x3; poison bait (Pheasant Bait x1). Tested positive for: Alphachloralose, Metaldehyde",No Link,5ec252da-663b-4223-b5cd-a787d9171547
5318,98769,Derbyshire,England,Poisoning,February,2016,SK46,Species Involved: Buzzard x1; poison bait (Pheasant Bait x1). Tested positive for: Alphachloralose,No Link,9df9b44c-edb5-4354-81a6-a3b85fbfa940
5319,98798,Devon,England,Shooting,August,2016,SX86,Species involved: Peregrine Falcon x1,https://www.devon-cornwall.police.uk/News/newsarticle.aspx?id=d89a720d-be7c-4ab8-a5d1-5fee17b9a5f1,0651f82c-8178-4701-ab0e-3e33a5fb45fb
5320,98843,Somerset & Avon,England,Shooting,December,2016,ST33,Species involved: Buzzard x1,http://www.bridgwatermercury.co.uk/news/15010779.Buzzard_shooting_leads_to_RSPCA_appeal/,ac902712-0f53-4fc1-97fb-a3cd7aaa525a
5321,98861,Perth and Kinross,Scotland,Persecution (Other),May,2016,NN84,Species involved: Golden Eagle x1,https://www.rspb.org.uk/about-the-rspb/about-us/media-centre/press-releases/shocking-discovery-reveals-lengths-raptor-killers-will-go-to-to-conceal-crimes/ and https://www.youtube.com/watch?v=WQRSHK0XWTo&feature=youtu.be,f70a8ee1-3847-4b23-b510-b39ede952072
5322,98890,Aberdeenshire,Scotland,Shooting,September,2016,NJ71,Species involved: Buzzard x1,No Link,7de093e2-fdd5-47a4-aeb7-df18542a1caf
5323,98936,Antrim,Northern Ireland,Shooting,September,2016,J28,Species involved: Peregrine Falcon x1,http://www.newtownabbeytoday.co.uk/news/environment/police-investigate-after-protected-bird-shot-in-ballyclare-1-7602675,39065d8e-5b78-44a4-a81d-88d709846c3c
5324,98948,Powys,Wales,Shooting,August,2016,SJ10,Species involved: Peregrine Falcon x1,No Link,579d7af9-9a8a-483c-8bb1-37e6cc5ffdcc
5325,98949,Powys,Wales,Shooting,August,2016,SJ10,Species involved: Peregrine Falcon x1,No Link,047930ac-d0a8-43ad-8387-6e5b84636f7c
5326,98978,Scottish Borders,Scotland,Trapping,May,2016,NT03,Species targeted: Birds of Prey,No Link,856141c4-3618-4f2e-9106-e1cc85811a70
5327,98979,Scottish Borders,Scotland,Trapping,February,2016,NT03,Species targeted: Birds of Prey,No Link,e7880fcb-9222-4dbe-89e7-5089756fdacc
5328,98980,Scottish Borders,Scotland,Trapping,May,2016,NT03,Species targeted: Birds of Prey,No Link,a3637b14-ba21-4e28-9ea3-9c772afeb1c4
5329,98983,Dumfries and Galloway,Scotland,Poisoning,September,2016,NX65,Species Involved: Buzzard x1; poison bait (Pheasant Bait x1). Tested positive for: Carbofuran,No Link,568f6142-65ab-49c2-9a1e-60bebc5c33df
5330,98995,Northumberland,England,Shooting,December,2016,NU11,Species involved: Hen Harrier x1,http://community.rspb.org.uk/ourwork/skydancer/b/skydancer/archive/2017/02/03/carroll-a-northumberland-bird-to-the-very-end.aspx,8bbaa032-72f6-4a40-85a4-2b640f4d510e
5331,99066,Derbyshire,England,Poisoning,February,2016,SK45,Species involved: Buzzard x1. Tested positive for: Aldicarb,No Link,a9d5eb9d-754b-448b-88f7-c8ecc83614f6
5332,99067,Ceredigion,Wales,Poisoning,February,2016,SN67,Species involved: Red Kite x1. Tested positive for: Fenthion,No Link,6a0384f7-c49c-4cad-8172-0857660a89d0
5333,99068,"Rhondda, Cynon, Taff",Wales,Poisoning,April,2016,SN80,Species involved: Peregrine Falcon x1. Tested positive for: Diazinon/Dimpylate,No Link,11352d0e-e1e8-4de8-b6bb-41415c7adcb2
5334,99070,Hertfordshire,England,Poisoning,August,2016,TL12,"Species Involved: Red Kite x1, Carrion Crow x1; poison bait (Grey Squirrel Bait x1). Tested positive for: Carbofuran",No Link,558677d0-18ee-479d-851f-959936c9e424
5335,99071,Pembrokeshire,Wales,Shooting,August,2016,SN11,Species involved: Sparrowhawk x1,No Link,679f206b-32f7-4aa8-abf1-e92a639f0a26
5336,99073,Neath Port Talbot,Wales,Poisoning,August,2016,SN70,"Species targeted: Birds of Prey. Species involved: Raven x3; poison bait (Lamb x1). Tested positive for: Diazinon/Dimpylate, Diazinon/Dimpylate, Diazinon/Dimpylate, Diazinon/Dimpylate",No Link,52db0a2a-4a58-471c-8811-dc7d49aa0b85
5337,99074,Blaenau Gwent,Wales,Poisoning,June,2016,SO20,"Species targeted: Peregrine Falcon. Species involved: poison bait (Pigeon Bait (Species Unknown) x1). Tested positive for: Alphachloralose, Alphachloralose, Alphachloralose, Bendiocarb, Bendiocarb, Bendiocarb",No Link,f9522d92-2de4-4d88-8e84-f18b0721a98a
5338,99078,Denbighshire,Wales,Poisoning,September,2016,SJ04,Species involved: Buzzard x1. Tested positive for: Aldicarb,No Link,5e410371-2c50-46e7-b8b6-46a5dd44fc4b
5339,99079,Staffordshire,England,Poisoning,September,2016,SJ91,"Species involved: Buzzard x1. Tested positive for: Bendiocarb, Metaldehyde",No Link,a2b5e822-9e48-413b-aa16-b0229982ab2f
5340,99081,Lincolnshire,England,Poisoning,April,2016,SK98,Species involved: Buzzard x1. Tested positive for: Phorate,No Link,01e3ae1e-34b8-4da8-8eba-fb810b6e6ea7
5341,99096,Shropshire,England,Shooting,October,2016,SO69,Species involved: Red Kite x1,No Link,f4580b26-9c25-420a-8b84-2f5dbabcd8f6
5342,99098,Antrim,Northern Ireland,Poisoning,May,2016,J49,Species involved: Buzzard x1. Tested positive for: Alphachloralose,No Link,b69f8c35-01ee-4f72-8719-58a7d5db486f
5343,99099,Down,Northern Ireland,Shooting,April,2016,J02,Species involved: Sparrowhawk x1,No Link,ec7d00d2-559a-4002-8769-f05594e89212
5344,99113,Derbyshire,England,Persecution (Other),February,2016,SK19,Species targeted: Hen Harrier,http://www.bbc.co.uk/news/uk-england-derbyshire-36141199,c0545d67-1b0f-423f-ac65-17ff5daaac4e
5345,99195,Perth and Kinross,Scotland,Trapping,May,2016,NN92,Species involved: Buzzard x1,No Link,1f94d8fb-3df8-4ce2-a2a3-3246cd770712
5346,99203,Aberdeenshire,Scotland,Trapping,July,2016,NO39,Species targeted: Birds of Prey,https://www.rspb.org.uk/our-work/rspb-news/news/422521-illegal-bird-traps-discovered-on-deeside-grouse-moor-,0d380e1d-1c01-442f-9f68-d573d1ca19b3
5347,99220,Angus,Scotland,Shooting,May,2016,NO65,Species involved: Buzzard x1,No Link,e6bb0b56-4d54-4519-8b68-ad05946b8923
5348,99228,Isle of Anglesey,Wales,Poisoning,February,2016,SH57,"Species targeted: Birds of Prey. Species involved: Fox x1; poison bait (Pheasant Bait x1). Tested positive for: Metaldehyde, Metaldehyde",No Link,0c690c35-4798-437c-8a91-d26c8f3d0fa3
5349,99231,Powys,Wales,Poisoning,April,2016,SJ02,"Species targeted: Birds of Prey. Species involved: Raven x1. Tested positive for: Aldicarb, Bendiocarb",No Link,b53082b9-d70e-4520-ab0d-ff304343e0ba
5350,99242,West Yorkshire,England,Shooting,April,2016,SE14,Species involved: Sparrowhawk x1,No Link,c61ef4c1-0746-4349-b2a3-ef4b10171e3a
5351,99307,South Ayrshire,Scotland,Poisoning,April,2016,NS31,Species involved: Buzzard x1. Tested positive for: Strychnine,https://www.scottishspca.org/newsroom/latest-news/appeal-after-buzzard-poisoned/,a1cd46f1-fd07-4dd1-91bb-38665411820f
5352,99477,Highland,Scotland,Shooting,November,2016,NN79,Species involved: Buzzard x1,No Link,5fe4c882-42b7-4782-8cc6-2d7fa969b7b6
5353,99879,Western Isles,Scotland,Poisoning,September,2016,NB24,"Species Involved: Buzzard x1, Raven x1, Hooded Crow x4; poison bait (Unknown x4). Tested positive for: Withheld",No Link,80fcfd60-3ad1-49d2-89d6-081d349da816
5354,100249,Perth and Kinross,Scotland,Poisoning,November,2016,NN84,Species targeted: Birds of Prey. Species involved: Raven x1. Tested positive for: Withheld,No Link,c882342e-0b70-4ca8-a9f0-9fb699460a98
5355,103082,Aberdeenshire,Scotland,Shooting,April,2016,NJ31,Species involved: Goshawk x1,https://www.pressandjournal.co.uk/fp/news/aberdeen-aberdeenshire/912829/rare-bird-of-prey-euthanised-after-being-shot-on-aberdeenshire-estate/,35db22ad-0506-4810-9e7a-cb59d8fde28b
5356,98755,Devon,England,Shooting,January,2017,SX89,Species involved: Buzzard x1,http://www.itv.com/news/westcountry/update/2017-01-27/rspca-appeal-after-another-buzzard-shot/,f774d261-1d30-4353-9005-f2ea0d89a845
5357,98797,North Yorkshire,England,Shooting,February,2017,SE26,Species involved: Buzzard x1,https://northyorkshire.police.uk/news/buzzard-shot-in-nidderdale-area-of-outstanding-natural-beauty/,00be0629-50ed-40a0-8e71-1d1453178c05
5358,98829,Lancashire,England,Shooting,February,2017,SD32,Species involved: Peregrine Falcon x1,http://www.bbc.co.uk/news/uk-england-lancashire-39008544,5ae0201b-141d-4548-8f7c-4e0a030762b1
5359,98832,North Yorkshire,England,Shooting,March,2017,SE58,Species involved: Buzzard x1,No Link,290151e4-9543-4d67-8231-aa828b8f19a2
5360,98833,West Sussex,England,Shooting,March,2017,TQ13,Species involved: Buzzard x1,https://www.wscountytimes.co.uk/news/crime/shock-shooting-of-buzzard-at-woods-1-7864536,1c35f5bd-7e40-4864-ad3c-1163cc81542e
5361,98850,Cumbria,England,Shooting,March,2017,NY54,Species involved: Peregrine Falcon x1,http://ww2.rspb.org.uk/our-work/rspb-news/news/439571-peregrine-falcon-found-dead-reveals-signs-of-shooting,9aed9f9d-0658-4968-830d-1acb13e4091d
5362,98865,Hampshire,England,Shooting,March,2017,SU33,Species involved: Peregrine Falcon x1,http://www.andoveradvertiser.co.uk/news/crime/15195520.Appeal_made_after_rare_bird_shot_near_Stockbridge/,11a76f7c-9b38-4554-b844-e4571854f190
5363,98898,Devon,England,Shooting,March,2017,SX47,Species involved: Peregrine Falcon x1,https://www.bbc.co.uk/news/uk-england-devon-39461035,0462dac7-eaa9-45c8-a3a2-dec546bbb717
5364,98899,Bedfordshire,England,Shooting,February,2017,SP93,Species involved: Red Kite x1,https://community.rspb.org.uk/ourwork/b/investigations/archive/2018/04/04/red-kite-shot-through-the-heart-bedfordshire.aspx,7cceac60-6dd6-4353-8704-4ab1f0c61934
5365,98942,Hertfordshire,England,Shooting,March,2017,TL42,Species involved: Red Kite x1,https://community.rspb.org.uk/ourwork/b/investigations/archive/2017/04/07/red-kite-shot-bedfordshire-yorkshire-dales.aspx,ddecaab5-8868-4f5d-b3e6-4b6013fd2d25
5366,98945,Cumbria,England,Shooting,April,2017,SD78,Species involved: Short-eared Owl x1,https://community.rspb.org.uk/ourwork/b/investigations/archive/2018/08/28/short-eared-owl-shooting-a-tale-of-the-unexpected.aspx,367a5632-a6e7-4b96-8c96-da9f2a713876
5367,98946,Cumbria,England,Shooting,April,2017,SD78,Species involved: Short-eared Owl x1,https://community.rspb.org.uk/ourwork/b/investigations/archive/2018/08/28/short-eared-owl-shooting-a-tale-of-the-unexpected.aspx,d9a40489-c4c4-45b5-916a-d714521150c9
5368,99013,North Yorkshire,England,Nest Destruction,May,2017,SE15,Species involved: Marsh Harrier x2 nest,https://community.rspb.org.uk/ourwork/b/investigations/archive/2017/08/10/video-footage-shows-failed-marsh-harrier-nest-denton-moor-yorkshire.aspx,bcc9828d-f174-4cdd-8935-28a67fada22a
5369,99015,Cumbria,England,Persecution (Other),April,2017,SD78,"Species targeted: Goshawk, Sparrowhawk, Buzzard, Kestrel, Peregrine Falcon, Herring Gull",No Link,213d517d-19b4-4a06-a06e-b03f968870d7
5370,99017,Cumbria,England,Shooting,May,2017,SD78,Species involved: Buzzard x1,http://www.itv.com/news/border/update/2017-05-10/police-appeal-for-bird-shooter/,10db441c-75c2-4c6f-8080-623501e5f279
5371,99020,North Yorkshire,England,Shooting,April,2017,NZ00,Species involved: Sparrowhawk x1,https://raptorpersecutionscotland.wordpress.com/2017/05/09/sparrowhawk-shot-dead-in-north-yorkshire-police-appeal-for-info/,7f5cb649-b1b4-4779-8bfa-f706278d8fd9
5372,99021,North Yorkshire,England,Shooting,May,2017,SE86,Species involved: Buzzard x1,https://community.rspb.org.uk/ourwork/b/investigations/archive/2017/05/31/buzzards-yorkshire.aspx,0a42dbed-733e-43cc-b951-f9c4a230297b
5373,99092,North Yorkshire,England,Shooting,May,2017,SD96,Species involved: Buzzard x1,https://community.rspb.org.uk/ourwork/b/investigations/archive/2017/05/31/buzzards-yorkshire.aspx,f237a455-f91a-437f-912e-7e392346d9e7
5374,99110,East Sussex,England,Shooting,May,2017,TQ71,Species involved: Peregrine Falcon x1,No Link,1feebb70-a1a1-4f2e-8f2a-3b1ae325d139
5375,99121,Shropshire,England,Poisoning,May,2017,SO57,"Species Involved: Peregrine Falcon x2; poison bait (Pigeon Bait (Species Unknown) x1). Tested positive for: Bendiocarb, Diazinon/Dimpylate",https://www.rspb.org.uk/about-the-rspb/about-us/media-centre/press-releases/peregrine-chicks-saved-after-parents-found-illegally-killed/,ae67100c-369b-4e1d-a4bf-b76aabd40ffb
5376,99129,Hertfordshire,England,Shooting,April,2017,TL10,Species involved: Buzzard x1,http://www.stalbansreview.co.uk/news/15254092.display/,44e83894-86e4-4af8-a62a-11f8318ba07c
5377,99255,North Yorkshire,England,Persecution (Other),May,2017,SE58,Species involved: Goshawk x1,http://community.rspb.org.uk/ourwork/b/investigations/archive/2018/03/26/goshawk-and-gunshots-a-grim-easter-story-yorkshire.aspx,5c811235-3ecc-4bfc-b611-4d34b49fee76
5378,99256,North Yorkshire,England,Persecution (Other),May,2017,SE58,Species involved: Goshawk x1,http://community.rspb.org.uk/ourwork/b/investigations/archive/2018/03/26/goshawk-and-gunshots-a-grim-easter-story-yorkshire.aspx,0ba836c8-f086-41c9-9039-c0d462ed4117
5379,99268,Derbyshire,England,Nest Destruction,April,2017,SK26,Species targeted: Osprey nest,No Link,fa51d36b-342c-4641-ab32-5fdd9876bf72
5380,99274,Warwickshire,England,Trapping,July,2017,SP16,Species targeted: Birds of Prey,No Link,2fb7fa11-9cda-498e-b781-314f374f74c8
5381,99275,Warwickshire,England,Trapping,July,2017,SP16,Species targeted: Birds of Prey,No Link,3adb3799-7954-4af1-a514-3a406e5f6029
5382,99284,North Yorkshire,England,Shooting,May,2017,SE15,Species involved: Marsh Harrier x1,https://community.rspb.org.uk/ourwork/b/investigations/archive/2017/08/10/video-footage-shows-failed-marsh-harrier-nest-denton-moor-yorkshire.aspx,c8af761b-6bc8-447d-9798-d7a058ad7792
5383,99286,North Yorkshire,England,Shooting,March,2017,SE16,Species involved: Red Kite x1,https://community.rspb.org.uk/ourwork/b/investigations/archive/2017/04/07/red-kite-shot-bedfordshire-yorkshire-dales.aspx,88248d03-b3b4-49f2-9f72-6bb3d0af8029
5384,99287,Suffolk,England,Shooting,July,2017,TM14,Species involved: Peregrine Falcon x1,https://community.rspb.org.uk/getinvolved/b/south-east/archive/2017/05/26/peregrine-falcon-found-shot-in-sussex.aspx,8f4c923a-6831-4a51-8733-9fa8c4b0c436
5385,99289,Lincolnshire,England,Poisoning,February,2017,TF56,Species involved: Buzzard x1. Tested positive for: Aldicarb,No Link,5b885b56-872d-448d-bc42-20f142db34b5
5386,99290,Lincolnshire,England,Poisoning,March,2017,TF56,Species involved: Buzzard x1. Tested positive for: Aldicarb,No Link,02df092f-d8d6-4dc2-bd23-773dde4a7205
5387,99291,North Yorkshire,England,Shooting,May,2017,SE15,Species involved: Marsh Harrier x1,https://community.rspb.org.uk/ourwork/b/investigations/archive/2017/08/10/video-footage-shows-failed-marsh-harrier-nest-denton-moor-yorkshire.aspx,b11bdd41-ad98-44a0-9a2b-67e4be6c4a4b
5388,99306,South Yorkshire,England,Shooting,August,2017,SE30,Species involved: Buzzard x1,https://www.rspb.org.uk/about-the-rspb/about-us/media-centre/press-releases/buzzard-shot-in-barnsley-sparks-investigation/,4edcc7b2-e01c-48d0-8f95-510818a35feb
5389,99310,Hertfordshire,England,Shooting,February,2017,TL30,Species involved: Buzzard x1,No Link,f2cacbd0-9978-46f4-9676-f58afb5d9f6c
5390,99314,Bedfordshire,England,Shooting,August,2017,SP96,Species involved: Buzzard x1,No Link,4547c0b8-5a25-4313-a3f0-c853399ae20a
5391,99315,Down,Northern Ireland,Shooting,August,2017,J23,Species involved: Red Kite x1,No Link,1df9bc56-64d1-4454-ab99-162a91033e08
5392,99324,Bedfordshire,England,Trapping,August,2017,TL14,Species involved: Tawny Owl x1,No Link,68937836-e223-4af9-93fc-2741245c6f3b
5393,99331,Leicestershire,England,Shooting,August,2017,SK83,Species involved: Buzzard x1,No Link,e7ab8b3c-541e-40b6-a840-ac4a180847b9
5394,99336,Powys,Wales,Shooting,April,2017,SN81,"Species involved: Buzzard x1, Raven x1",http://www.itv.com/news/wales/update/2017-04-12/birds-shot-dead-near-pen-y-cae-powys/,ed7100ae-437f-411d-9794-8400eebcc86d
5395,99339,Hertfordshire,England,Shooting,September,2017,TL01,Species involved: Buzzard x1,http://www.nwcu.police.uk/news/nwcu-police-press-releases/appeal-following-shooting-of-a-buzzard-in-great-gaddesden-hemel-hempstead/,74070bee-6f9c-44d2-846d-aa900a2a6402
5396,99354,Suffolk,England,Shooting,April,2017,TM36,Species involved: Buzzard x1,No Link,802470ea-3a63-46a9-a014-166cd4824042
5397,99355,Cambridgeshire,England,Shooting,September,2017,TL55,Species involved: Peregrine Falcon x1,https://community.rspb.org.uk/ourwork/b/investigations/archive/2017/10/06/young-peregrine-shot-in-cambridge-faces-uncertain-future.aspx,59b2d54d-ae6b-4d35-a394-5918ad58c1cf
5398,99372,North Yorkshire,England,Shooting,September,2017,SE65,Species involved: Buzzard x1,No Link,95164a68-9cf4-409b-972a-5471b3b4195d
5399,99385,East Riding of Yorkshire,England,Shooting,October,2017,TA22,Species involved: Sparrowhawk x1,https://raptorpersecutionscotland.wordpress.com/2017/10/25/police-appeal-for-info-after-sparrowhawk-found-shot-dead-in-east-yorkshire/,5e65e2de-54c5-4d6f-8382-49ad40faeba3
5400,99389,Lincolnshire,England,Poisoning,May,2017,TF27,Species involved: Red Kite x1. Tested positive for: Alphachloralose,No Link,91fa8a67-d69b-469d-8a10-ec0a23701249
5401,99414,Midlothian,Scotland,Nest Destruction,June,2017,NT16,Species targeted: Merlin nest,No Link,987f806a-8188-4ce2-906f-3e8cead4bd46
5402,99448,Highland,Scotland,Nest Destruction,April,2017,NH73,Species targeted: Goshawk nest,https://www.pressandjournal.co.uk/fp/news/highlands/1374310/masked-gunmen-caught-on-cctv-in-public-forest-underneath-goshawk-nest/,5deb6c0b-64c1-4a09-b8ad-09a5e62dd8d0
5403,99478,Lancashire,England,Shooting,December,2017,SD41,Species involved: Marsh Harrier x1,No Link,fc4b1f42-a4ca-4824-ae05-e81049f0b18b
5404,99479,North Yorkshire,England,Shooting,December,2017,SE77,Species involved: Kestrel x1,https://raptorpersecutionscotland.wordpress.com/2017/12/28/kestrel-found-with-shotgun-injuries-in-malton-north-yorkshire/,df6408f4-72a8-4e00-ab8f-d1b63e4b4cd5
5405,99489,Essex,England,Shooting,November,2017,TL72,Species involved: Buzzard x1,No Link,705045b1-d0f1-434b-ad66-0b0e98aacbc3
5406,99496,East Lothian,Scotland,Persecution (Other),March,2017,NT66,Species targeted: Birds of Prey,No Link,d1d7f2ad-6076-408a-aca9-0a22e115edd0
5407,99522,South Lanarkshire,Scotland,Shooting,May,2017,NS91,Species involved: Short-eared Owl x1,https://www.carlukegazette.co.uk/news/crime/police-appeal-on-shooting-of-owl-at-leadhills-estate-1-4486693,6ad7d0ce-e411-4a29-bf05-cc831efbba52
5408,99523,South Lanarkshire,Scotland,Shooting,May,2017,NS81,Species involved: Hen Harrier x1,https://www.rspb.org.uk/about-the-rspb/about-us/media-centre/press-releases/rspb-scotland-echoes-police-scotland-appeal-for-information-after-rare-hen-harrier-is-shot-in-south-lanarkshire/,d64ca84d-af13-4c9b-9894-5229d27f8f63
5409,99606,Worcestershire,England,Shooting,October,2017,SO66,Species involved: Buzzard x1,No Link,64d18422-4670-4033-9f62-c1438c7988df
5410,99607,Worcestershire,England,Shooting,October,2017,SO66,Species involved: Buzzard x1,No Link,dbcd1541-ad1c-45db-ae9b-2e2679c81507
5411,99627,Suffolk,England,Shooting,December,2017,TM17,Species involved: Buzzard x1,No Link,96e60e48-adc3-4a10-8ce4-35df507c3864
5412,102086,Powys,Wales,Poisoning,March,2020,SO18,"Species involved: Red Kite x3. Tested positive for: Diazinon/Dimpylate, Diazinon/Dimpylate, Diazinon/Dimpylate",No Link,2170dfff-1dbc-4c2c-8838-75a049439d82
5413,99670,Conwy,Wales,Poisoning,October,2017,SH87,"Species Involved: Peregrine Falcon x1; poison bait (Pigeon Bait (Species Unknown) x1). Tested positive for: Bendiocarb, Bendiocarb",https://raptorpersecutionscotland.wordpress.com/2018/03/21/peregrine-confirmed-poisoned-in-north-wales/,6adc1c31-9b0f-4cab-b21a-01ee7dcf193c
5414,99674,Bedfordshire,England,Shooting,January,2017,SP93,Species involved: Red Kite x1,https://community.rspb.org.uk/ourwork/b/investigations/archive/2018/04/04/red-kite-shot-through-the-heart-bedfordshire.aspx,d832e6cb-1d5e-4e34-a5d8-bba47885ed64
5415,99765,East Riding of Yorkshire,England,Poisoning,November,2017,SE74,Species involved: Buzzard x2. Tested positive for: Aldicarb,No Link,533c7563-92d4-4d56-b67d-32186bd8c31a
5416,99766,Norfolk,England,Poisoning,October,2017,TG10,"Species involved: Red Kite x1. Tested positive for: Bendiocarb, Carbofuran",No Link,6ba16673-57f0-46b1-8ff4-78d887a3797e
5417,99774,Somerset & Avon,England,Shooting,September,2017,ST67,Species involved: Sparrowhawk x1,No Link,49ac0436-1afa-46e6-bb03-1fcb4901c7fc
5418,99776,Kent,England,Shooting,June,2017,TR05,Species involved: Little Owl x1,No Link,62e08822-872e-4074-81f7-3453ff66c7ed
5419,99777,Carmarthenshire,Wales,Shooting,November,2017,SN22,Species involved: Red Kite x1,No Link,a37872c0-ad70-485e-9b90-9c5131776806
5420,99791,North Yorkshire,England,Poisoning,December,2017,SE36,Species involved: Red Kite x1. Tested positive for: Alphachloralose,https://raptorpersecutionscotland.wordpress.com/2018/05/02/red-kite-found-poisoned-in-north-yorkshire-yes-another-one/,c468cba4-01e6-4e9e-8fae-5004e332d3dd
5421,99878,Bedfordshire,England,Shooting,November,2017,TL11,Species involved: Red Kite x1,https://community.rspb.org.uk/ourwork/b/investigations/archive/2018/04/04/red-kite-shot-through-the-heart-bedfordshire.aspx,2f7f5f4a-52d8-4171-9b5b-ac26de9fa17b
5422,99885,Antrim,Northern Ireland,Poisoning,July,2017,J29,Species involved: Peregrine Falcon x1. Tested positive for: Carbofuran,No Link,e73d3bd7-3e60-4973-ba66-6830696fdf85
5423,99887,Londonderry,Northern Ireland,Shooting,September,2017,C42,Species involved: Buzzard x1,No Link,72c101c1-8611-44e3-8a3b-7f2c2539f9e7
5424,99967,Tyrone,Northern Ireland,Shooting,January,2017,H74,Species involved: Buzzard x1,No Link,6e9f6855-18c4-4ef5-8d6f-9ce7976ff114
5425,99968,Antrim,Northern Ireland,Shooting,August,2017,J09,Species involved: Peregrine Falcon x1,No Link,fc27652b-85df-44d8-bd16-b93855df4473
5426,100067,East Riding of Yorkshire,England,Shooting,March,2017,SE74,Species involved: Red Kite x1,No Link,998061bb-ced5-4afc-be63-265ff4f31a4f
5427,100082,Tyrone,Northern Ireland,Nest Destruction,May,2017,H44,Species involved: Hen Harrier x1 nest,No Link,ef0b7ba8-4de4-4d63-ac9f-d172ba5b7a3a
5428,100463,Scottish Borders,Scotland,Shooting,May,2017,NT75,Species involved: Goshawk x1,https://www.independent.co.uk/environment/gamekeeper-killed-buzzards-badger-otter-longformacus-estate-a9017051.html,07500cb7-43c2-456b-bbbf-e5a6158823c9
5429,100464,Scottish Borders,Scotland,Shooting,May,2017,NT75,Species involved: Peregrine Falcon x1,https://www.independent.co.uk/environment/gamekeeper-killed-buzzards-badger-otter-longformacus-estate-a9017051.html,9588e754-60d9-436a-857d-692576beab62
5430,100465,Scottish Borders,Scotland,Persecution (Other),June,2017,NT75,Species targeted: Birds of Prey,https://www.independent.co.uk/environment/gamekeeper-killed-buzzards-badger-otter-longformacus-estate-a9017051.html,b729f7ee-0927-439f-ad42-257ad7ad1f76
5431,100466,Scottish Borders,Scotland,Persecution (Other),June,2017,NT75,"Species targeted: Birds of Prey. Possession of: Carbofuran, Carbosulfan",https://www.independent.co.uk/environment/gamekeeper-killed-buzzards-badger-otter-longformacus-estate-a9017051.html,78e447ec-a597-4b01-b522-c34afc696839
5432,100467,Scottish Borders,Scotland,Trapping,May,2017,NT75,Species targeted: Birds of Prey. Species involved: Mouse (Unspecified) x1,https://www.independent.co.uk/environment/gamekeeper-killed-buzzards-badger-otter-longformacus-estate-a9017051.html,40595306-da83-43ee-9ccd-d7144e9606ab
5433,100484,Highland,Scotland,Trapping,June,2017,NH72,Species involved: Buzzard x1,https://raptorpersecutionscotland.wordpress.com/2017/07/04/buzzard-caught-in-illegally-set-trap-on-monadhliaths-grouse-moor/,41ed472e-fee4-4232-be33-95185a8a9ca0
5434,100485,Scottish Borders,Scotland,Trapping,May,2017,NT75,Species targeted: Goshawk,https://www.independent.co.uk/environment/gamekeeper-killed-buzzards-badger-otter-longformacus-estate-a9017051.html,96ef580c-0175-4dbd-9734-250732d22a46
5435,100640,Herefordshire,England,Shooting,January,2017,SO54,Species involved: Buzzard x1,No Link,fdf3bad5-2beb-4e6d-b08e-9a3be0cd80db
5436,100641,Herefordshire,England,Shooting,January,2017,SO46,Species involved: Buzzard x1,No Link,ffe79cc6-1e47-48ad-84f6-eaa1bec2f502
5437,100708,Scottish Borders,Scotland,Shooting,May,2017,NT75,Species involved: Goshawk x1,No Link,1264a1d3-4d7f-4700-bee6-e5db107db66e
5438,100709,Scottish Borders,Scotland,Shooting,May,2017,NT75,Species involved: Buzzard x1,No Link,b544b21b-0330-44f6-8a3d-6d11be4d1029
5439,100710,Scottish Borders,Scotland,Shooting,May,2017,NT75,Species involved: Buzzard x1,No Link,e4b883bf-05e3-4c7c-be56-30b14133934e
5440,100711,Scottish Borders,Scotland,Shooting,May,2017,NT75,Species involved: Buzzard x1,No Link,0d6230ee-f581-4de8-a243-e2329d7de61c
5441,100712,Scottish Borders,Scotland,Shooting,May,2017,NT75,Species involved: Buzzard x1,No Link,364d189f-5f21-49b3-882c-18b184351967
5442,100718,Londonderry,Northern Ireland,Shooting,September,2017,C42,Species involved: Sparrowhawk x1,No Link,ee6c8e1b-0515-4959-9053-3708156ca888
5443,100719,Londonderry,Northern Ireland,Shooting,September,2017,C42,Species involved: Buzzard x1,No Link,349ab66d-c314-4b2d-91ea-18b0fc8fc051
5444,99592,North Yorkshire,England,Trapping,February,2018,SE87,Species involved: Barn Owl x1,https://raptorpersecutionscotland.wordpress.com/2018/02/06/barn-owl-with-horrific-injuries-found-in-north-yorkshire/,c8c61a61-7ef9-4a1e-b76a-070348e3dd0d
5445,99611,Powys,Wales,Shooting,February,2018,SJ12,Species involved: Buzzard x1,https://www.birdguides.com/news/buzzard-found-shot-in-powys/,6d954a2c-efe0-4203-9308-90b537ee0826
5446,99631,North Yorkshire,England,Shooting,February,2018,SE36,Species involved: Sparrowhawk x1,https://northyorkshire.police.uk/news/appeal-information-sparrowhawk-found-shot-near-knaresborough/,be5583dd-bcac-4b94-901c-6f5d4bc7880d
5447,99676,Warwickshire,England,Shooting,March,2018,SP57,Species involved: Peregrine Falcon x1,https://rugbyobserver.co.uk/news/falcon-which-nested-at-town-centre-church-found-shot/,b1840059-c0c2-4a2d-9409-b07e6e9ce939
5448,99690,South Lanarkshire,Scotland,Shooting,February,2018,NS81,Species involved: Buzzard x1,https://www.carlukegazette.co.uk/news/crime/police-need-info-on-buzzard-that-was-shot-1-4723237,36ea975b-462c-47d3-9d50-fa668f7208c4
5449,99725,South Yorkshire,England,Poisoning,March,2018,SK19,Species targeted: Birds of Prey. Species involved: Raven x1. Tested positive for: Aldicarb,https://community.rspb.org.uk/ourwork/b/investigations/posts/poisoned-raven-found-in-peak-district-national-park,699196b9-7517-4e58-8cb5-7d4a348fb524
5450,99756,Dorset,England,Shooting,May,2018,SY49,Species involved: Buzzard x1,https://www.itv.com/news/westcountry/2018-07-23/appeal-after-birds-of-prey-found-dead-in-dorset/,f9c9b4de-11d1-4a54-9e55-c2a343d0b315
5451,99768,Cornwall,England,Shooting,May,2018,SW94,Species involved: Buzzard x1,https://ww2.rspb.org.uk/Images/Legal%20Eagle%2085_tcm9-457397.pdf,b9e8924e-b659-4127-bf93-4079b3458545
5452,99780,County Durham,England,Shooting,April,2018,NZ04,Species involved: Red Kite x1,https://www.rspb.org.uk/about-the-rspb/about-us/media-centre/press-releases/seventh-red-kite-persecuted-in-north-pennines-problem-area/,15f8a447-59f6-416d-bde9-79d27bc5df42
5453,99912,Cleveland,England,Shooting,May,2018,NZ61,Species involved: Buzzard x1,https://raptorpersecutionscotland.wordpress.com/2018/05/17/police-appeal-after-buzzard-found-shot-in-north-york-moors-national-park/,ada96748-df08-4ed6-bec9-0542568b4778
5454,99920,Greater Manchester,England,Shooting,June,2018,SE00,Species involved: Red Kite x1,https://www.rspb.org.uk/our-work/rspb-news/news/stories/shot-red-kite-like-balloon-bursting/,34901d0f-fcaa-4cf4-8cbc-e59adda67f1e
5455,99925,North Yorkshire,England,Poisoning,January,2018,NZ60,Species involved: Buzzard x1. Tested positive for: Alphachloralose,https://www.rspb.org.uk/about-the-rspb/about-us/media-centre/press-releases/buzzard-found-poisoned-on-north-york-moors/,ecc57868-b053-4537-aa32-22a18d516215
5456,99927,West Yorkshire,England,Shooting,May,2018,SE34,Species involved: Red Kite x1,https://raptorpersecutionscotland.wordpress.com/2018/05/19/police-appeal-after-red-kite-found-shot-on-harewood-estate-yorkshire/,d46eedf8-a637-4f66-a7b5-b5677a6bc080
5457,99928,North Yorkshire,England,Shooting,May,2018,SE26,Species involved: Buzzard x1,No Link,7bbda30d-11e6-4b60-b3e1-ccb1f235a2e1
5458,99929,South Yorkshire,England,Shooting,May,2018,SK29,Species involved: Goshawk x1,No Link,606c4f9e-b85b-4594-963c-ce6aef4e2d83
5459,99936,Northumberland,England,Trapping,July,2018,NT92,Species involved: Merlin x1,https://community.rspb.org.uk/ourwork/b/investigations/posts/birds-and-other-wildlife-caught-in-spring-traps-on-grouse-moors,45307cc1-3836-4ff7-897a-9433a4d40706
5460,99937,Ceredigion,Wales,Trapping,May,2018,SN67,Species involved: Red Kite x1,http://www.cambrian-news.co.uk/article.cfm?id=120835&headline=RSPCA%20appeal%20after%20red%20kite%20caught%20in%20illegal%20trap&sectionIs=news&searchyear=2018,722455eb-a387-4fe3-b904-4f2afba449de
5461,99938,Cumbria,England,Shooting,January,2018,NY45,Species involved: Peregrine Falcon x1,No Link,8493e6ba-4a95-48f0-9216-2dd17c566fbb
5462,99939,North Yorkshire,England,Shooting,July,2018,SE05,Species involved: Red Kite x1,https://northyorkshire.police.uk/news/appeal-for-information-after-red-kite-found-dead-in-the-yorkshire-dales/,1db33356-3f99-4e8c-a63e-f7c47352c857
5463,99942,Vale of Glamorgan,Wales,Poisoning,March,2018,SS97,"Species involved: Buzzard x2, Peregrine Falcon x1. Tested positive for: Carbofuran, Carbofuran, Carbofuran, Carbofuran, Carbofuran, Other",https://raptorpersecutionscotland.wordpress.com/2018/06/30/peregrine-two-buzzards-found-poisoned-police-appeal-for-info/,d76e172b-15a6-40ac-9e8b-7388314c8782
5464,99947,Kent,England,Shooting,April,2018,TR07,Species involved: Barn Owl x1,http://www.kentonline.co.uk/sheerness/news/appeal-after-barn-owl-shot-181312/,acde3828-a0ff-4731-8b9b-3ac46d727f59
5465,99966,Northamptonshire,England,Shooting,July,2018,SP99,Species involved: Red Kite x1,https://community.rspb.org.uk/ourwork/b/investigations/posts/red-kite-shot-illegally-in-corby-northamptonshire-euthanised,f14b75b8-a1e0-4775-ad33-6e4791a7bfa0
5466,99969,County Durham,England,Shooting,August,2018,NY90,Species involved: Short-eared Owl x1,No Link,327a9825-fd76-4186-98cf-20528422b656
5467,99984,Buckinghamshire,England,Shooting,July,2018,SP61,Species involved: Red Kite x1,No Link,1e1891f4-97f3-496c-806f-61283cf8bd73
5468,99997,West Yorkshire,England,Persecution (Other),April,2018,SD93,Species involved: Hen Harrier x2,No Link,80dcc4ab-8531-4517-9b53-80e43df3766d
5469,100014,West Yorkshire,England,Shooting,September,2018,SE00,Species involved: Short-eared Owl x1,https://www.rspb.org.uk/our-work/rspb-news/news/stories/two-owls-found-shot-in-peak-district/,bc1a72f0-0b44-4108-9f11-aacc68d4e17a
5470,100023,North Yorkshire,England,Trapping,September,2018,SE46,Species involved: Buzzard x1,No Link,3f20ffd3-735f-478d-9580-67472afb50d9
5471,100024,Hertfordshire,England,Shooting,October,2018,TL24,Species involved: Red Kite x1,https://raptorpersecutionscotland.wordpress.com/2018/10/27/red-kite-shot-in-ashwell-hertfordshire-2/,f8a86236-122f-4b00-91e5-a7dd2023dc38
5472,100025,Wiltshire,England,Trapping,September,2018,SU26,Species involved: Tawny Owl x1,No Link,1faac97c-60cc-4b89-8d87-6844e62f31c1
5473,100026,Wiltshire,England,Trapping,October,2018,SU26,Species involved: Tawny Owl x1,No Link,eac8fd44-c88f-4c78-9713-ffe95cbbcfe3
5474,100027,Wiltshire,England,Trapping,October,2018,SU26,Species targeted: Birds of Prey,No Link,ce4a198a-80ea-44cf-a6b5-aabdfdc47fb6
5475,100030,West Yorkshire,England,Shooting,October,2018,SE00,Species involved: Tawny Owl x1,https://www.yorkshirepost.co.uk/news/crime/police-appeal-over-two-protected-owls-shot-dead-on-moorland-near-holmfirth-1-9479405,42f91b09-1017-43ff-8963-9578b5262b6a
5476,100036,Wiltshire,England,Trapping,September,2018,SU26,Species involved: Tawny Owl x1,No Link,9e206173-1362-475f-8c1a-6e7e4156e327
5477,100037,East Riding of Yorkshire,England,Shooting,August,2018,SE85,Species involved: Buzzard x1,https://www.humberside.police.uk/news/buzzard-found-dead-trap-wounds-head,42023004-7060-45b4-badc-69fa2c940086
5478,100038,West Yorkshire,England,Trapping,September,2018,SE04,"Species involved: Tawny Owl x1, Jackdaw x2",No Link,2c2433b7-a6a1-443d-a11d-6f99fa1b83ad
5479,100046,Aberdeenshire,Scotland,Shooting,March,2018,NO76,Species involved: Goshawk x1,https://raptorpersecutionscotland.wordpress.com/2018/10/17/shot-goshawk-found-dead-in-angus/,45a82b64-75a4-44eb-b072-b49200d3c2f6
5480,100047,Down,Northern Ireland,Poisoning,April,2018,J14,Species involved: Red Kite x2. Tested positive for: Carbofuran,https://www.rspb.org.uk/about-the-rspb/about-us/media-centre/press-releases/pair-of-nesting-red-kites-poisoned-in-co-down/,bee02133-e63e-441c-b236-1a94e0374a15
5481,100051,Shropshire,England,Poisoning,April,2018,SO18,"Species targeted: Birds of Prey. Species involved: Carrion Crow x1, Raven x5; poison bait (Lamb). Tested positive for: Diazinon/Dimpylate",https://community.rspb.org.uk/ourwork/b/investigations/posts/ravens-found-poisoned-on-farmland,f26573a4-d73c-489b-bbed-5d50b93bcbd7
5482,100056,Isle of Wight,England,Trapping,March,2018,SZ58,Species involved: Buzzard x1,https://community.rspb.org.uk/ourwork/b/investigations/posts/hobby-and-buzzard-found-with-spring-trap-injuries,6e6c3f14-60b4-4e93-85a3-2bb67c40c63e
5483,100057,Isle of Wight,England,Trapping,September,2018,SZ59,Species involved: Hobby x1,https://community.rspb.org.uk/ourwork/b/investigations/posts/hobby-and-buzzard-found-with-spring-trap-injuries,743c49a7-af21-4c08-aafc-88aee8aa6342
5484,100073,North Yorkshire,England,Shooting,November,2018,SE63,Species involved: Buzzard x1,https://northyorkshire.police.uk/news/double-blow-as-two-more-rare-birds-found-shot-in-north-yorkshire/,e3d76956-fa95-4e9e-b204-d14c6d2ca266
5485,100085,North Yorkshire,England,Persecution (Other),November,2018,SE17,Species targeted: Hen Harrier,https://community.rspb.org.uk/ourwork/b/investigations/posts/man-seen-with-gun-at-hen-harrier-roost-site,f83f923c-d741-4dcb-9bf2-80a4fdece8a1
5486,100109,Kent,England,Shooting,May,2018,TQ93,Species involved: Red Kite x1,https://raptorpersecutionscotland.wordpress.com/2018/07/18/red-kite-shot-dead-in-kent/,d816f704-c4cf-4c42-8fe1-35ee986483b2
5487,100111,North Yorkshire,England,Shooting,October,2018,SE16,Species involved: Red Kite x1,https://raptorpersecutionscotland.wordpress.com/2018/11/30/yet-another-red-kite-shot-killed-in-north-yorkshires-nidderdale-aonb/,24372ce2-1610-4c85-8af2-3ce241657ab0
5488,100126,Northamptonshire,England,Shooting,November,2018,SP86,Species involved: Buzzard x1,https://www.northantstelegraph.co.uk/news/buzzard-hit-with-shotgun-pellet-in-sywell-country-park-was-shot-days-before-it-had-to-be-put-down-vet-report-reveals-1-8746407,29d8c027-593a-48d9-bffa-41107d4a33c4
5489,100128,Suffolk,England,Poisoning,March,2018,TL87,Species involved: Buzzard x1. Tested positive for: Bendiocarb,No Link,68cccfbb-df98-4f81-b136-eef0d27d03d0
5490,100142,Somerset & Avon,England,Trapping,November,2018,ST68,Species involved: Sparrowhawk x1,No Link,fbc7e5de-adf6-41b9-98aa-c92ee5de4e22
5491,100150,Lincolnshire,England,Shooting,September,2018,SE92,Species involved: Marsh Harrier x1,https://community.rspb.org.uk/ourwork/b/investigations/posts/marsh-harrier-found-illegally-shot,a576bfbe-bde2-4f90-b53b-f8b4a5a0ec90
5492,100155,North Yorkshire,England,Shooting,October,2018,SE06,Species involved: Red Kite x1,No Link,397ac6ed-8729-454f-868d-dcb45a7186e7
5493,100182,North Yorkshire,England,Shooting,November,2018,SE17,Species involved: Hen Harrier x1,https://community.rspb.org.uk/ourwork/b/investigations/posts/shot-hen-harrier-found-on-north-yorkshire-grouse-moor,70abb4d5-b58b-4c6f-a7e3-e23abd7c6810
5494,100190,East Riding of Yorkshire,England,Poisoning,August,2018,SE85,Species involved: Buzzard x1. Tested positive for: Aldicarb,https://www.humberside.police.uk/witness-appeals/renewed-appeal-information-buzzard-found-have-been-poisoned,da0a4da6-19c5-4d48-8fb8-1c7286a93adc
5495,100191,Northamptonshire,England,Poisoning,September,2018,SP66,Species involved: Red Kite x1. Tested positive for: Bendiocarb,No Link,a7eb6503-c14c-4962-8ea9-0db52c7d2f5f
5496,100200,Gloucestershire,England,Trapping,October,2018,SP11,Species involved: Buzzard x2,No Link,496834ab-d5ea-4d9f-9aae-19b88256a108
5497,100212,Cambridgeshire,England,Shooting,February,2018,TL39,Species involved: Buzzard x1,No Link,d4628e41-b02f-4aa5-8608-6b1809c4869d
5498,100213,Tyrone,Northern Ireland,Poisoning,July,2018,H27,Species Involved: Peregrine Falcon x1; poison bait (Pigeon Bait (Species Unknown) x1). Tested positive for: Carbofuran,https://www.bbc.co.uk/news/uk-northern-ireland-foyle-west-45024707,e4984ca9-a4cc-4f0a-ae49-0ce3c0c10ab1
5499,100226,Armagh,Northern Ireland,Poisoning,October,2018,H84,Species involved: Buzzard x1. Tested positive for: Carbofuran,http://www.ulstergazette.co.uk/news/2018/11/13/gallery/dead-buzzard-found-in-same-area-others-were-poisoned-1968/,3a384d3f-12f3-4518-b07e-d6114da27c9e
5500,100227,Wrexham,Wales,Poisoning,August,2018,SJ24,Species targeted: Birds of Prey. Species involved: Raven x1. Tested positive for: Bendiocarb,https://www.rspb.org.uk/about-the-rspb/about-us/media-centre/press-releases/raven-found-poisoned-on-ruabon-moor/,e03bc459-dc70-4c11-8cf0-06560badc6bd
5501,100230,Dumfries and Galloway,Scotland,Poisoning,January,2018,NX77,"Species involved: Red Kite x1. Tested positive for: Benfuracarb, Carbofuran",https://raptorpersecutionscotland.wordpress.com/2018/04/05/red-kite-suspected-poisoned-in-south-scotland/,4b047159-30e6-4ed3-a2b0-98c1e5679abd
5502,100232,Midlothian,Scotland,Poisoning,May,2018,NT16,Species involved: Peregrine Falcon x1. Tested positive for: Bendiocarb,https://www.bbc.co.uk/news/uk-scotland-edinburgh-east-fife-45810829,6f0908a4-5a9c-444c-a156-d7fc7356b9bf
5503,100254,Herefordshire,England,Shooting,June,2018,SO52,Species involved: Peregrine Falcon x1,No Link,cab5df92-2b96-4010-841c-9b5a0baaaf5d
5504,100264,Dumfries and Galloway,Scotland,Poisoning,April,2018,NX77,Species involved: Red Kite x1. Tested positive for: Carbofuran,https://www.bbc.co.uk/news/uk-scotland-south-scotland-43974763,c6306178-a126-4a3d-a52a-d821030819a8
5505,100265,Dumfries and Galloway,Scotland,Poisoning,April,2018,NX76,Species involved: Red Kite x1. Tested positive for: Aldicarb,https://www.bbc.co.uk/news/uk-scotland-south-scotland-43974763,427ac9a8-8644-4883-9771-9c55b3765e4d
5506,100266,Dumfries and Galloway,Scotland,Poisoning,March,2018,NX67,Species involved: Buzzard x1. Tested positive for: Bendiocarb,https://www.bbc.co.uk/news/uk-scotland-south-scotland-43974763,ae4e0c65-f60e-4ace-bcbe-6bbbd54f18b7
5507,100303,Derbyshire,England,Shooting,November,2018,SK18,Species involved: Goshawk x1,https://pdrmg.wordpress.com/2019/05/09/goshawk-ladybower/,4f00c31d-a64e-4d12-9568-2f849aa109fc
5508,100348,Worcestershire,England,Poisoning,October,2018,SO67,Species Involved: Buzzard x2; poison bait (Pheasant Bait x1). Tested positive for: Bendiocarb,No Link,e66a9844-19f2-4a56-9cc5-70352f743ee3
5509,100349,Cambridgeshire,England,Shooting,January,2018,TF10,Species involved: Buzzard x1,No Link,fa9618b1-04cf-45e0-b2b4-dcb6adcb2c7d
5510,100350,Norfolk,England,Shooting,March,2018,TG32,Species involved: Buzzard x1,No Link,17d780bf-49f4-4d20-81d4-bf03b85e4aab
5511,100355,Gloucestershire,England,Shooting,April,2018,SO81,Species involved: Sparrowhawk x1,No Link,cc7b2295-ff1b-4a82-b417-8b485c84a0f3
5512,100364,Perth and Kinross,Scotland,Trapping,November,2018,NN84,Species involved: Hen Harrier x1,https://www.rspb.org.uk/about-the-rspb/about-us/media-centre/press-releases/young-hen-harrier-killed-by-illegal-trap-on-perthshire-grouse-moor/,f583bc21-9b49-416b-a92a-d794b2770b76
5513,100384,North Yorkshire,England,Poisoning,December,2018,SE86,Species involved: Red Kite x1. Tested positive for: Carbofuran,No Link,984f4d0b-4770-478d-b148-897ac6a768ca
5514,100401,East Ayrshire,Scotland,Poisoning,November,2018,NS42,Species involved: Buzzard x1. Tested positive for: Withheld,https://www.birdguides.com/news/buzzard-found-poisoned-in-ayrshire/,b0ee8c21-8d31-4a14-8dc1-54f18faaeacc
5515,100404,South Lanarkshire,Scotland,Shooting,January,2018,NS81,Species involved: Buzzard x1,https://www.carlukegazette.co.uk/news/crime/police-need-info-on-buzzard-that-was-shot-1-4723237,b20748ae-c9c6-4145-92dd-00811b5db73f
5516,100405,Highland,Scotland,Trapping,October,2018,NH73,Species involved: Buzzard x1,https://raptorpersecutionscotland.wordpress.com/2018/10/25/buzzard-caught-in-illegally-set-trap-near-moy/,7d3fb6bc-2679-44dc-b258-377267ca9827
5517,100406,Perth and Kinross,Scotland,Poisoning,April,2018,NN85,"Species involved: Buzzard x2, Dog x3. Tested positive for: Withheld",https://www.independent.co.uk/news/uk/crime/poisoning-dogs-scotland-buzzards-raptors-gamekeeping-hunting-edradynate-pitnacree-estates-a8341431.html,2e2a76d2-a9b3-40ac-8762-c06757de65f6
5518,100407,Herefordshire,England,Poisoning,April,2018,SO42,Species involved: Red Kite x1. Tested positive for: Carbofuran,No Link,67f1dddf-ff80-4eae-b335-6c9778bd9252
5519,100487,North Yorkshire,England,Poisoning,October,2018,SE16,"Species involved: Red Kite x1. Tested positive for: Alphachloralose, Bendiocarb, Carbofuran, Isofenphos",No Link,29bc0b41-571e-4fb1-9596-f9d9568886e3
5520,100490,North Yorkshire,England,Poisoning,October,2018,SE97,Species targeted: Birds of Prey. Species involved: poison bait (Rabbit Bait x1). Tested positive for: Difenacoum,No Link,dd70d900-9911-4197-8a3a-2b8d8fd9f390
5521,100496,Herefordshire,England,Poisoning,November,2018,SO36,"Species involved: Red Kite x2. Tested positive for: Aldicarb, Aldicarb, Aldicarb",No Link,d64548e6-8bdc-40bd-b4a2-055680f6bbf9
5522,100502,Herefordshire,England,Poisoning,December,2018,SO36,Species involved: Red Kite x1. Tested positive for: Aldicarb,No Link,d61c6955-8ff6-4578-88ae-3a3647ddbd52
5523,100503,Lincolnshire,England,Poisoning,February,2018,TF02,Species involved: Red Kite x1. Tested positive for: Bendiocarb,No Link,85fed603-bb70-42a8-b33e-629ade5b0157
5524,100542,County Durham,England,Shooting,July,2018,NZ23,Species involved: Long-eared Owl x1,No Link,a9007626-a111-4580-aba4-40dc9173121d
5525,100546,Bridgend,Wales,Poisoning,April,2018,SS88,Species involved: Red Kite x1. Tested positive for: Bendiocarb,No Link,01826111-874e-4417-b145-3a9a2e5c2f8e
5526,100550,Herefordshire,England,Poisoning,December,2018,SO42,Species involved: Red Kite x1. Tested positive for: Carbofuran,No Link,4251e3d7-736e-442c-a54a-21dbfbc9ccc2
5527,100551,Down,Northern Ireland,Persecution (Other),February,2018,J58,"Species targeted: Birds of Prey, Corvidae. Possession of: Carbofuran",No Link,8c6d87ad-f0d1-4eb5-a015-457695c263a8
5528,100556,Hampshire,England,Shooting,March,2018,SU72,Species involved: Barn Owl x1,No Link,564d8181-b15f-4d77-9fa2-9759b5ce7481
5529,100557,Devon,England,Shooting,April,2018,SX86,Species involved: Buzzard x1,No Link,241426ce-db8c-4353-ae13-dd0507cbe814
5530,100575,North Yorkshire,England,Shooting,September,2018,SE16,Species involved: Red Kite x1,No Link,46c8599e-b439-49d8-acf8-6b0f8d49d3dd
5531,100678,Staffordshire,England,Poisoning,June,2018,SJ91,Species involved: Peregrine Falcon x1. Tested positive for: Carbofuran,No Link,3fc617fe-9807-4104-bce5-ef6bb388e314
5532,101830,Oxfordshire,England,Shooting,April,2018,SU78,Species involved: Red Kite x1,No Link,e4416afb-e600-47e9-8109-aab5f4274f98
5533,101907,Oxfordshire,England,Trapping,October,2018,SP32,Species targeted: Birds of Prey,No Link,411bf7c5-ac53-4d67-ad6b-85f7fb467fe6
5534,101908,Oxfordshire,England,Trapping,October,2018,SP32,Species targeted: Birds of Prey,No Link,7f0741a0-63de-4302-87f8-3b378220a805
5535,101909,Oxfordshire,England,Trapping,October,2018,SP32,Species targeted: Birds of Prey,No Link,10d944e8-e1e5-4a91-a211-dc795c44d9e2
5536,102914,Derbyshire,England,Shooting,January,2018,SK25,Species involved: Buzzard x1,No Link,11941915-4f18-468b-8d66-6de615c8db6d
5537,104737,North Yorkshire,England,Shooting,March,2018,SE86,Species involved: Kestrel x1,No Link,e0c0d0b8-f559-49eb-a3a5-05f1cafba9b6
5538,106200,Worcestershire,England,Poisoning,September,2018,SO67,Species Involved: Buzzard x1; poison bait (Pheasant Bait x1). Tested positive for: Bendiocarb,#N/A,ef10c3e5-d0c4-4e01-997b-67c3472bb4cc
5539,100157,Moray,Scotland,Trapping,January,2019,NJ12,Species involved: Goshawk x1,No Link,9699cc60-a024-4711-a44d-387abc82e62c
5540,100193,North Yorkshire,England,Shooting,January,2019,SE86,Species involved: Buzzard x1,No Link,1d8b2317-e11c-4b3f-a690-b634ae2000a9
5541,100278,North Yorkshire,England,Shooting,February,2019,SE87,Species involved: Buzzard x1,No Link,469da9f5-7dc5-4238-beea-b40581c54c4d
5542,100313,West Midlands,England,Shooting,January,2019,SP06,Species involved: Buzzard x1,No Link,7d2647a6-1b6b-4e9e-8b5a-b566932ebc2b
5543,100339,Cambridgeshire,England,Shooting,February,2019,TL65,Species involved: Buzzard x1,No Link,ac056a05-6bb7-4257-892b-0bbcb0aa6bea
5544,100353,North Yorkshire,England,Persecution (Other),May,2019,SD97,Species targeted: Birds of Prey,No Link,4a312e9f-3976-4337-84f3-57f1761b2ce2
5545,100359,Stirling,Scotland,Shooting,April,2019,NS88,Species involved: Sparrowhawk x1,https://www.birdguides.com/news/pigeon-fancier-fined-after-killing-sparrowhawk/,3e43791d-46fd-4554-a62b-e7f568af1d66
5546,100372,Northamptonshire,England,Shooting,March,2019,TL06,Species involved: Buzzard x1,https://www.bbc.co.uk/news/uk-england-northamptonshire-47977774,831d0da8-d372-4191-9e2e-30e8dd162e6c
5547,100386,North Yorkshire,England,Poisoning,January,2019,SE86,Species involved: Buzzard x1. Tested positive for: Carbofuran,No Link,1d3d40fe-090f-4421-b1a5-9a31a3d6e720
5548,100392,North Yorkshire,England,Shooting,March,2019,NZ10,Species involved: Buzzard x1,No Link,96352298-d9bb-4dfb-9940-7616cf31db09
5549,100393,Cheshire,England,Shooting,April,2019,SJ45,Species involved: Peregrine Falcon x1,https://www.rspb.org.uk/about-the-rspb/about-us/media-centre/press-releases/young-peregrine-falcon-illegally-shot/,6964a40f-9950-47ae-af51-86c1396ddb80
5550,100397,South Lanarkshire,Scotland,Trapping,January,2019,NS82,Species involved: Buzzard x1,https://community.rspb.org.uk/ourwork/b/investigations/posts/buzzard-crow-cage-trap-grouse-moor-scotland,77bbbe73-66d6-4412-9a50-02de13746198
5551,100409,Northumberland,England,Shooting,April,2019,NY95,Species involved: Buzzard x1,https://community.rspb.org.uk/ourwork/b/investigations/posts/two-shot-buzzards-found-in-northumberland-problem-area,760bfcbf-63e0-4f2c-bf55-c4b65672de95
5552,100410,Northumberland,England,Shooting,May,2019,NY95,Species involved: Buzzard x1,https://community.rspb.org.uk/ourwork/b/investigations/posts/two-shot-buzzards-found-in-northumberland-problem-area,fc8b7273-25f0-4a71-ae5d-b3bab63f0cbb
5553,100415,Scottish Borders,Scotland,Shooting,January,2019,NT76,Species involved: Goshawk x1,https://www.bbc.co.uk/news/uk-scotland-south-scotland-48067517,a5fe11ae-b7f7-49a4-828f-f50e3f9657fe
5554,100433,Northumberland,England,Trapping,April,2019,NU02,Species involved: Buzzard x1,No Link,f90792e4-174c-4904-98e6-5e830351d30d
5555,100446,North Yorkshire,England,Trapping,May,2019,SD99,Species involved: Tawny Owl x1,No Link,d1d38594-6f40-4e93-952c-bf153eb2ed70
5556,100491,Dumfries and Galloway,Scotland,Poisoning,May,2019,NX75,Species involved: Red Kite x1. Tested positive for: Carbofuran,https://raptorpersecutionscotland.wordpress.com/2019/06/13/two-red-kites-poisoned-in-south-scotland-tests-awaited-on-third/,ba515f75-7541-4bb8-bed0-118efd5601a2
5557,100492,Dumfries and Galloway,Scotland,Poisoning,May,2019,NX75,Species involved: Red Kite x1. Tested positive for: Carbofuran,https://raptorpersecutionscotland.wordpress.com/2019/06/13/two-red-kites-poisoned-in-south-scotland-tests-awaited-on-third/,32395650-2acc-4d06-a8b6-cb0460f36a5d
5558,100493,Dumfries and Galloway,Scotland,Poisoning,May,2019,NX75,Species involved: Red Kite x1. Tested positive for: Carbofuran,No Link,dd022a51-06e9-472c-b314-db4c16ffae1b
5559,100494,Dumfries and Galloway,Scotland,Poisoning,May,2019,NX76,Species involved: Red Kite x1. Tested positive for: Aldicarb,https://www.rspb.org.uk/media-centre/dumfries-shire-man-given-community-payback-order-for-serious-bird-poisoning-offences,a552f4b0-a23a-4252-8853-65b96621f68c
5560,100495,Dumfries and Galloway,Scotland,Poisoning,June,2019,NX77,Species Involved: Red Kite x1; poison bait (Duck Bait x1). Tested positive for: Aldicarb,https://www.rspb.org.uk/media-centre/dumfries-shire-man-given-community-payback-order-for-serious-bird-poisoning-offences,81bd72f9-0ccc-4f29-ac56-9efd4f6f3d94
5561,100500,Buckinghamshire,England,Shooting,May,2019,SP84,Species involved: Red Kite x1,No Link,d87b1c9c-979c-429f-8cc3-7fe7bc0c6996
5562,100504,North Yorkshire,England,Shooting,February,2019,SE19,Species involved: Sparrowhawk x1,No Link,da6aaac6-251b-4e65-9d35-de7334ddf9bb
5563,100505,Scottish Borders,Scotland,Shooting,March,2019,NT25,Species involved: Goshawk x1,https://www.bbc.co.uk/news/uk-scotland-south-scotland-48067517,121ef519-c114-48d7-a8a3-5dee3f20937f
5564,100506,South Lanarkshire,Scotland,Persecution (Other),May,2019,NS81,Species targeted: Birds of Prey. Possession of: Carbosulfan,No Link,2479021c-9373-40cc-a6aa-c3b654d1b298
5565,100513,North Yorkshire,England,Shooting,March,2019,NZ10,Species involved: Buzzard x1,No Link,26088f29-f154-4278-b9ac-77e71cd67548
5566,100544,North Yorkshire,England,Poisoning,March,2019,SE16,"Species involved: Red Kite x1. Tested positive for: Bendiocarb, Isofenphos",https://community.rspb.org.uk/ourwork/b/investigations/posts/red-kite-poisoned-in-nidderdale-north-yorkshire,51275ac6-d139-4193-ae77-12aa8254788b
5567,100567,South Lanarkshire,Scotland,Trapping,July,2019,NS92,Species targeted: Birds of Prey,No Link,79f06e29-f6b6-4399-837e-8df9499e567a
5568,100569,South Lanarkshire,Scotland,Trapping,May,2019,NS91,Species involved: Hen Harrier x1,https://www.birdguides.com/news/hen-harrier-dies-after-being-caught-in-illegal-spring-trap/,1f72fa30-fc9a-4605-b21c-92150ec45065
5569,100582,Cambridgeshire,England,Poisoning,January,2019,TF20,Species involved: Red Kite x1. Tested positive for: Bendiocarb,No Link,f8369337-2dc2-41e9-8fc4-d825838d3c88
5570,100597,Dumfries and Galloway,Scotland,Shooting,June,2019,NS81,Species involved: Hen Harrier x1,https://www.bbc.co.uk/news/uk-scotland-south-scotland-50712476,ba1112b1-d1a3-4d53-8a78-cba142b689d5
5571,100599,Greater Manchester,England,Shooting,May,2019,SD70,Species involved: Peregrine Falcon x1,https://raptorpersecutionscotland.wordpress.com/2019/05/16/peregrine-found-suspected-shot-at-elton-reservoir-in-bury/,39f1ab72-9963-4a94-874b-3d884f97ea61
5572,100606,Buckinghamshire,England,Shooting,August,2019,TQ09,Species involved: Merlin x1,No Link,295c7d23-bb10-4e42-b647-77d98c6697e2
5573,100607,Gloucestershire,England,Poisoning,May,2019,SP20,Species involved: Red Kite x1. Tested positive for: Bendiocarb,No Link,7bd2031a-754c-4015-880d-b7702682c762
5574,100634,North Yorkshire,England,Shooting,August,2019,SE98,Species involved: Marsh Harrier x1,https://raptorpersecutionscotland.wordpress.com/2019/10/09/north-yorkshire-police-appeal-for-info-after-marsh-harrier-found-shot-nr-scarborough/,8ea071df-235d-454a-8313-2e00742ecbb6
5575,100642,Derbyshire,England,Poisoning,April,2019,SK09,Species Involved: Buzzard x1; poison bait (Red-Legged Partridge x1). Tested positive for: Alphachloralose,https://community.rspb.org.uk/ourwork/b/investigations/posts/buzzard-poisoned-in-peak-district-national-park,c65b3194-bacf-4bad-9f04-43d7cb1e8c96
5576,100687,North Yorkshire,England,Shooting,October,2019,SE53,Species involved: Buzzard x1,https://raptorpersecutionscotland.wordpress.com/2019/10/11/buzzard-shot-dead-in-north-yorkshire-2/,e902581b-ecae-4d61-83d3-55751b01776a
5577,100744,Aberdeenshire,Scotland,Trapping,August,2019,NO29,Species involved: Golden Eagle x1,https://www.birdguides.com/news/photo-of-golden-eagle-with-illegal-trap-on-its-leg-shocks-public/,5e05ac83-0e14-45f4-ab5a-18f32dcca0c2
5578,100817,Hampshire,England,Persecution (Other),December,2019,SU60,Species involved: Sparrowhawk x1,https://community.rspb.org.uk/ourwork/b/investigations/posts/portsmouth-sparrowhawk-killer-fined,104dba33-9d8b-404a-b583-a11b98a938e9
5579,100868,East Riding of Yorkshire,England,Shooting,August,2019,SE85,Species involved: Buzzard x1,https://raptorpersecutionscotland.wordpress.com/2019/09/12/buzzard-shot-injured-humberside-police-appeal-for-info/,366fbd3c-7029-40db-9dce-003945aa393a
5580,100886,North Yorkshire,England,Shooting,December,2019,SE25,Species involved: Kestrel x1,https://northyorkshire.police.uk/news/appeal-for-information-after-kestrel-found-shot-near-harrogate/,a11f6c8d-65b6-41b4-ae6a-d7b1358f0fbc
5581,100895,Staffordshire,England,Persecution (Other),December,2019,SK10,Species involved: Peregrine Falcon x1,No Link,6da8f292-df5c-4962-98cb-d4af9ef71613
5582,100921,Herefordshire,England,Shooting,December,2019,SO46,Species involved: Red Kite x1,https://community.rspb.org.uk/ourwork/b/investigations/posts/red-kite-buzzard-illegally-shot-worcestershire-herefordshire,45f88e1c-a7c1-4ec2-b6bc-30eed5175bc6
5583,100922,Northamptonshire,England,Poisoning,September,2019,SP97,"Species Involved: Red Kite x5, Buzzard x2, Carrion Crow x2; poison bait (Pheasant Bait x1). Tested positive for: Bendiocarb, Carbofuran",No Link,f049a499-4577-4528-9a66-16bf604fdfe1
5584,100957,Wiltshire,England,Poisoning,January,2019,SU13,"Species involved: Red Kite x1, Raven x3, Fox x1. Tested positive for: Bendiocarb",No Link,990b1864-37b7-4548-8d33-606e151d53b0
5585,100971,Angus,Scotland,Trapping,April,2019,NO53,Species involved: Sparrowhawk x1,https://www.scottishspca.org/news/scottish-spca-appeal-for-information-after-sparrowhawk-found-tethered-in-carnoustie,22a78ad4-71b7-4490-be4b-7ed561055cd8
5586,100975,Cambridgeshire,England,Shooting,October,2019,TL49,Species involved: Peregrine Falcon x1,No Link,4a7a6d09-1a6f-4f67-ac1b-c768b901d9ab
5587,101044,North Yorkshire,England,Shooting,May,2019,SE69,Species involved: Buzzard x1,No Link,7c661474-91f1-47c2-b933-97758edb4b34
5588,101073,North Yorkshire,England,Shooting,December,2019,SE85,Species involved: Barn Owl x1,No Link,6e23b836-bc3b-41b9-984b-8bc285c6fc24
5589,101085,Aberdeenshire,Scotland,Shooting,Withheld,2019,NJ61,Species involved: Goshawk x1,No Link,a0f71ed0-ea1e-4488-8591-267b576191ba
5590,101209,Tyrone,Northern Ireland,Shooting,November,2019,H48,Species involved: Buzzard x1,https://www.belfasttelegraph.co.uk/news/northern-ireland/bird-of-prey-found-shot-three-times-on-mend-say-omagh-vets-38693468.html,1edc4c0a-a5a9-4a70-b8bc-054eaa8fb155
5591,101211,Conwy,Wales,Poisoning,November,2019,SH77,Species involved: Red Kite x1. Tested positive for: Diazinon/Dimpylate,No Link,00a95a0a-314b-4e35-90c5-64675b1cf396
5592,101241,West Midlands,England,Shooting,May,2019,SP28,Species involved: Peregrine Falcon x1,https://raptorpersecutionscotland.wordpress.com/2019/05/17/peregrine-found-injured-at-a-west-midlands-quarry-had-been-shot/,35fc6dcf-67a1-4c37-9cb4-1094df0e56e9
5593,101258,Staffordshire,England,Shooting,October,2019,SJ94,Species involved: Barn Owl x1,No Link,bac2b417-7cdd-4537-a77f-b534af1c6500
5594,101259,Worcestershire,England,Shooting,August,2019,SO94,Species involved: Sparrowhawk x1,No Link,f536a7fb-a268-4e66-9222-68563459bf9d
5595,101261,Suffolk,England,Shooting,August,2019,TM15,Species involved: Barn Owl x1,No Link,de3ff600-37eb-42cd-afa7-9b9451dd9b0b
5596,101262,North Yorkshire,England,Shooting,May,2019,SE69,Species involved: Buzzard x1,No Link,00361b0e-6ec9-4aa0-b3f8-b923f3a70b65
5597,101273,Dorset,England,Shooting,September,2019,SY78,Species involved: Sparrowhawk x1,No Link,2f60b7ae-8b8e-47b4-9f7e-341c62bccb7b
5598,101277,Suffolk,England,Poisoning,January,2019,TM15,Species involved: Buzzard x1. Tested positive for: Alphachloralose,No Link,da8fa259-37b8-479c-b7e1-8574def29d13
5599,101278,Suffolk,England,Shooting,February,2019,TL96,Species involved: Buzzard x1,No Link,1b1a08c2-ad77-4f4f-9a23-c834747501d8
5600,101283,Down,Northern Ireland,Poisoning,April,2019,J45,Species involved: Buzzard x1. Tested positive for: Carbofuran,No Link,6de51487-b035-44dd-b7f7-c48db824dc2e
5601,101284,Antrim,Northern Ireland,Poisoning,June,2019,D10,"Species involved: Peregrine Falcon x2. Tested positive for: Aldicarb, Carbofuran",No Link,907b1d67-d7cd-4000-8295-c4ffec4a79f3
5602,101285,Lincolnshire,England,Poisoning,April,2019,SK91,"Species involved: Red Kite x1. Tested positive for: Bendiocarb, Carbofuran, Difenacoum",No Link,e32841ee-4d17-4507-a2fe-25283d24bede
5603,101287,Worcestershire,England,Poisoning,August,2019,SO67,"Species Involved: Buzzard x1; poison bait (Pheasant Bait x1). Tested positive for: Bendiocarb, Carbofuran",No Link,bda0ac15-8752-49a7-8a70-762aaf64a663
5604,101288,East Riding of Yorkshire,England,Poisoning,September,2019,SE85,Species Involved: Red Kite x1; poison bait (Rabbit Bait x1). Tested positive for: Aldicarb,No Link,f49b77ef-dca3-443e-a758-c9b5974a2053
5605,101293,Powys,Wales,Poisoning,December,2019,SN93,Species targeted: Birds of Prey. Species involved: poison bait (Other x1). Tested positive for: Diazinon/Dimpylate,No Link,5e981a2b-17fa-4090-9bfe-9e72d99f15ca
5606,101295,Denbighshire,Wales,Poisoning,September,2019,SJ04,Species targeted: Birds of Prey. Species involved: poison bait (Rabbit Bait x1). Tested positive for: Oxamyl,No Link,84dc3329-c9bf-4bd4-8c96-22eb07cce522
5607,101296,Denbighshire,Wales,Poisoning,September,2019,SJ15,"Species involved: Red Kite x1. Tested positive for: Carbofuran, Carbosulfan",No Link,497d7379-8ad2-4d64-918c-50d6cfd53046
5608,101297,Wrexham,Wales,Poisoning,April,2019,SJ13,"Species targeted: Birds of Prey. Species involved: Raven x1; poison bait (Lamb x1). Tested positive for: Diazinon/Dimpylate, Diazinon/Dimpylate",No Link,76541df6-673e-4dc7-8802-ac194df7220d
5609,101302,Worcestershire,England,Shooting,May,2019,SO66,Species involved: Red Kite x1,No Link,8c634f6b-e5df-4eaf-83ac-c54ffa32753e
5610,101309,Worcestershire,England,Poisoning,November,2019,SO67,Species targeted: Birds of Prey. Species involved: Raven x2. Tested positive for: Diazinon/Dimpylate,No Link,62dc0e14-8bd6-4637-a809-f32ab7588e08
5611,101345,Cheshire,England,Trapping,April,2019,SJ77,Species targeted: Birds of Prey. Species involved: Mallard x1,No Link,411d8640-dd7e-4d24-aa23-a019d52dba76
5612,101362,Angus,Scotland,Shooting,October,2019,NO57,Species involved: Buzzard x1,No Link,34036fb9-e203-4eb7-9c69-60066772b962
5613,101363,Angus,Scotland,Persecution (Other),October,2019,NO57,"Species targeted: Goshawk, Sparrowhawk, Buzzard, Peregrine Falcon, Tawny Owl, Long-eared Owl, Short-eared Owl, Carrion Crow, Raven, Hooded Crow",No Link,d4dea706-0252-4076-921a-dbfed756fe79
5614,101364,Angus,Scotland,Shooting,October,2019,NO57,Species involved: Buzzard x1,No Link,72d5ad87-b5c8-4e0c-aaef-0a848c53e2c5
5615,101366,Angus,Scotland,Shooting,October,2019,NO57,Species involved: Buzzard x1,No Link,2d1fc002-a421-4851-9e79-220fe4cd7023
5616,101367,Angus,Scotland,Shooting,October,2019,NO57,Species involved: Buzzard x1,No Link,abad7329-da66-40d8-81eb-e8821fb206db
5617,101368,Angus,Scotland,Shooting,October,2019,NO57,Species involved: Buzzard x1,No Link,f4d95481-6119-4b6f-8ac2-bbb6cfbbd5ab
5618,101369,Angus,Scotland,Shooting,October,2019,NO57,Species involved: Buzzard x1,No Link,502d4276-8050-4ff3-9bf5-e965bb33db58
5619,101370,Angus,Scotland,Shooting,October,2019,NO57,Species involved: Buzzard x1,No Link,fac97968-e936-432a-b164-5e5f347abd7b
5620,101371,Angus,Scotland,Shooting,October,2019,NO57,Species involved: Buzzard x1,No Link,d84b18f1-3c46-4654-ab31-28c8be2c5302
5621,101372,Angus,Scotland,Shooting,October,2019,NO57,Species involved: Buzzard x1,No Link,c8cd4108-175c-447e-bf41-9274b148f361
5622,101379,Isle of Anglesey,Wales,Poisoning,February,2019,SH57,"Species targeted: Birds of Prey, Corvidae. Species involved: Fox x1; poison bait (Other x2). Tested positive for: Metaldehyde",No Link,e2f5faec-e5e6-41ba-8469-e67533d02cca
5623,101797,Angus,Scotland,Trapping,October,2019,NO57,Species targeted: Birds of Prey,No Link,3795e9f9-3ecb-4ffd-b52e-99f238b48b2f
5624,101821,Angus,Scotland,Shooting,October,2019,NO57,Species involved: Buzzard x1,No Link,1ee5a2dc-8090-40a5-981d-123c84fae8ef
5625,102637,Dumfries and Galloway,Scotland,Poisoning,December,2019,NX76,Species involved: Red Kite x1. Tested positive for: Bendiocarb,https://www.rspb.org.uk/media-centre/dumfries-shire-man-given-community-payback-order-for-serious-bird-poisoning-offences,368e8d81-358a-46c0-a0a5-997a42433d0c
5626,102639,Dumfries and Galloway,Scotland,Poisoning,December,2019,NX76,Species involved: Red Kite x1. Tested positive for: Aldicarb,https://www.rspb.org.uk/media-centre/dumfries-shire-man-given-community-payback-order-for-serious-bird-poisoning-offences,8f21c304-2c51-4cb4-b919-b358e5c3a8b8
5627,102640,Dumfries and Galloway,Scotland,Poisoning,December,2019,NX76,Species involved: Red Kite x1. Tested positive for: Aldicarb,https://www.rspb.org.uk/media-centre/dumfries-shire-man-given-community-payback-order-for-serious-bird-poisoning-offences,a0820ffc-3907-4f54-95fc-7384519882ab
5628,102697,South Yorkshire,England,Shooting,December,2019,SE40,Species targeted: Birds of Prey. Species involved: Falcons x1,http://avianveterinaryservices.co.uk/projectile-injuries-in-falcons/,1ddbd0a7-0175-4fb9-accc-767d7256fd82
5629,100916,Derbyshire,England,Shooting,January,2020,SK08,Species involved: Buzzard x1,https://raptorpersecutionscotland.wordpress.com/2020/01/30/shot-buzzard-found-in-peak-district-national-park/,5ad5f350-2104-408a-9689-f47f6671a700
5630,100930,West Yorkshire,England,Shooting,January,2020,SE10,Species involved: Kestrel x1,https://www.examinerlive.co.uk/news/west-yorkshire-news/beautiful-kestrel-shot-air-rifle-17605773,eb64c89d-4890-40fd-9d88-e7816b8c5d8a
5631,100931,Gloucestershire,England,Shooting,January,2020,SO72,Species involved: Kestrel x1,https://community.rspb.org.uk/ourwork/b/investigations/posts/police-investigate-deaths-of-three-kestrels,9d9fb617-fad9-4a28-9342-7590eb09755f
5632,100932,Worcestershire,England,Shooting,January,2020,SO76,Species involved: Buzzard x1,https://community.rspb.org.uk/ourwork/b/investigations/posts/red-kite-buzzard-illegally-shot-worcestershire-herefordshire,83bb6b03-d17f-4f14-89d0-2d5a01a50eab
5633,100960,North Yorkshire,England,Shooting,January,2020,SE97,Species involved: Buzzard x1,No Link,1fedfbbd-b3be-4744-9157-72ec79887351
5634,100973,North Yorkshire,England,Shooting,April,2020,SE08,Species involved: Buzzard x1,https://community.rspb.org.uk/ourwork/b/investigations/posts/illegal-eagle-owl-decoy-two-buzzards-shot-on-north-yorkshire-grouse-moor,911fed57-229c-4957-be5f-a50bfdd6721a
5635,101028,Devon,England,Shooting,February,2020,SX46,Species involved: Sparrowhawk x1,https://community.rspb.org.uk/ourwork/b/investigations/posts/sparrowhawk-shot-near-plymouth,d5e00ab1-6e89-4f00-9a46-590fc1890c64
5636,101036,North Yorkshire,England,Poisoning,March,2020,SE16,"Species involved: Buzzard x1. Tested positive for: Alphachloralose, Bendiocarb, Carbofuran, Isofenphos",https://community.rspb.org.uk/ourwork/b/investigations/posts/raptor-persecution-in-pateley-bridge-north-yorkshire,9007878a-06bc-4d77-842a-38245a25fcbb
5637,101083,North Yorkshire,England,Shooting,March,2020,SE55,Species involved: Buzzard x1,https://www.rspb.org.uk/about-the-rspb/about-us/media-centre/press-releases/bird-of-prey-persecution-crimewave-during-lockdown/,ab8d60f2-a054-4b96-9bda-7b0dd21f51ff
5638,101084,Highland,Scotland,Shooting,March,2020,NH94,Species involved: Buzzard x1,https://www.inverness-courier.co.uk/news/dead-buzzard-found-near-nairn-after-being-shot-195002/,46e8297b-a368-417f-ac6a-973869148527
5639,101111,Scottish Borders,Scotland,Nest Destruction,April,2020,NT22,Species targeted: Hen Harrier nest,No Link,fb547246-55d8-4540-9c72-5e019dc7ce13
5640,101138,West Yorkshire,England,Shooting,April,2020,SE24,Species involved: Red Kite x1,https://www.rspb.org.uk/about-the-rspb/about-us/media-centre/press-releases/bird-of-prey-persecution-crimewave-during-lockdown/,da2d4dbf-f910-4c6f-8d1a-f83020438627
5641,101146,Powys,Wales,Shooting,April,2020,SO09,Species involved: Red Kite x1,https://community.rspb.org.uk/ourwork/b/investigations/posts/red-kites-shot-wales,0bf80bf7-176f-4dd2-9a08-e28ba18fb1e5
5642,101151,North Yorkshire,England,Shooting,April,2020,SE69,Species involved: Buzzard x1,https://raptorpersecutionscotland.wordpress.com/2020/05/29/shot-buzzards-found-concealed-on-a-bransdale-grouse-shooting-estate-in-north-york-moors-national-park/,9eb07201-903c-4740-aa29-a2c5320cb5f2
5643,101152,North Yorkshire,England,Shooting,April,2020,SE69,Species involved: Buzzard x1,https://raptorpersecutionscotland.wordpress.com/2020/05/29/shot-buzzards-found-concealed-on-a-bransdale-grouse-shooting-estate-in-north-york-moors-national-park/,47565b5b-0bb3-47c7-b905-98ef21c1bb3b
5644,101154,North Yorkshire,England,Shooting,April,2020,SE69,Species involved: Buzzard x1,https://raptorpersecutionscotland.wordpress.com/2020/05/29/shot-buzzards-found-concealed-on-a-bransdale-grouse-shooting-estate-in-north-york-moors-national-park/,69662a8c-3c86-46bd-9975-aea232dd9251
5645,101155,North Yorkshire,England,Shooting,April,2020,SE69,Species involved: Buzzard x1,https://raptorpersecutionscotland.wordpress.com/2020/05/29/shot-buzzards-found-concealed-on-a-bransdale-grouse-shooting-estate-in-north-york-moors-national-park/,bea54f75-c5db-442d-904c-2fc3170bb67e
5646,101156,North Yorkshire,England,Persecution (Other),April,2020,SE69,Species involved: Buzzard x1,https://raptorpersecutionscotland.wordpress.com/2020/05/29/shot-buzzards-found-concealed-on-a-bransdale-grouse-shooting-estate-in-north-york-moors-national-park/,734ad075-01f8-4cbe-9487-a46dbd1c20f0
5647,101160,North Yorkshire,England,Poisoning,February,2020,SE17,Species involved: Red Kite x1. Tested positive for: Carbofuran,No Link,8e595dc9-4826-4147-a570-640c0449c293
5648,101163,Norfolk,England,Trapping,May,2020,TL78,Species targeted: Birds of Prey,No Link,4195a535-4543-4ff2-81d6-32c63ec0b19a
5649,101167,North Yorkshire,England,Trapping,April,2020,SE89,Species targeted: Birds of Prey,https://raptorpersecutionscotland.wordpress.com/2020/07/16/police-appeal-after-goshawk-killed-on-grouse-shooting-estate-in-north-york-moors-national-park/,bd05b17a-1fbb-46ed-945e-5763dc0f4087
5650,101168,North Yorkshire,England,Trapping,May,2020,SE89,Species involved: Goshawk x1,https://raptorpersecutionscotland.wordpress.com/2020/07/16/police-appeal-after-goshawk-killed-on-grouse-shooting-estate-in-north-york-moors-national-park/,42600ff3-0d66-466f-a494-b1d00a4714f3
5651,101172,Norfolk,England,Shooting,April,2020,TF50,Species involved: Buzzard x1,https://raptorpersecutionscotland.wordpress.com/2020/06/03/buzzard-found-shot-in-norfolk-during-lockdown/,923662fa-42bf-4ffc-9385-b5ca65377858
5652,101175,Derbyshire,England,Shooting,May,2020,SK09,Species involved: Short-eared Owl x1,https://www.rspb.org.uk/about-the-rspb/about-us/media-centre/press-releases/new-catalogue-of-bird-of-prey-crimes-in-peak-district-national-park/,be16bee3-edad-4df8-a605-9d0683e9bde4
5653,101176,Greater Manchester,England,Shooting,May,2020,SE00,Species involved: Buzzard x1,https://community.rspb.org.uk/ourwork/b/investigations/posts/buzzard-found-shot-twice-in-peak-district-national-park,d035641e-ddf4-44fb-a5a5-9a7cece880da
5654,101179,North Yorkshire,England,Shooting,April,2020,SE08,Species involved: Buzzard x1,https://community.rspb.org.uk/chat/f/hello/276252/two-buzzards-lured-to-their-deaths/1337430,3fd002cb-bedd-4583-b289-78c607781209
5655,101180,North Yorkshire,England,Shooting,April,2020,SE08,Species involved: Buzzard x1,https://community.rspb.org.uk/chat/f/hello/276252/two-buzzards-lured-to-their-deaths/1337430,ef5d3bb5-3507-4603-94c0-797fa3c24900
5656,101181,Northumberland,England,Shooting,January,2020,NU20,Species involved: Buzzard x1,https://raptorpersecutionscotland.wordpress.com/2020/01/27/buzzard-found-shot-in-northumberland/,dfcaff89-603d-4e6b-b6d4-f5ccd26a6822
5657,101182,North Yorkshire,England,Shooting,April,2020,SE27,Species involved: Buzzard x1,https://www.harrogate-news.co.uk/2020/05/07/appeal-for-information-after-injured-buzzard-found-near-kirkby-malzeard/,c98fe77b-831c-436d-8060-e06b4644908f
5658,101184,Cumbria,England,Persecution (Other),April,2020,SD78,"Species targeted: Birds of Prey, Hen Harrier",https://community.rspb.org.uk/ourwork/b/investigations/posts/through-rspb-binoculars-our-summary-of-the-2020-hen-harrier-season-in-england,84c093bf-2619-46d4-84c7-c65dc9c7c73e
5659,101186,Norfolk,England,Poisoning,January,2020,TF81,Species involved: Red Kite x1. Tested positive for: Bendiocarb,No Link,4527de5b-5150-427e-928d-4143d27cbd3b
5660,101193,West Yorkshire,England,Shooting,May,2020,SE12,Species involved: Peregrine Falcon x1,https://raptorpersecutionscotland.wordpress.com/2020/05/24/peregrine-found-shot-dead-in-brighouse-west-yorkshire/,42838aff-a38b-4c69-aa62-78ed07ec3a60
5661,101194,Greater Manchester,England,Shooting,February,2020,SE00,Species involved: Buzzard x1,https://community.rspb.org.uk/ourwork/b/investigations/posts/buzzard-found-shot-twice-in-peak-district-national-park,8b24cfb5-3bee-4f02-8479-7b745e16a64c
5662,101204,Hampshire,England,Nest Destruction,May,2020,SU60,Species targeted: Kestrel nest,No Link,230cacc8-7095-43a4-b266-1bc361031d96
5663,101234,North Yorkshire,England,Poisoning,March,2020,NZ50,Species involved: Buzzard x1. Tested positive for: Alphachloralose,https://raptorpersecutionscotland.wordpress.com/2020/07/25/yet-another-poisoned-buzzard-found-dead-on-a-grouse-moor-in-north-york-moors-national-park/,8c777561-3822-48c7-8ffe-5c52fb1be3f0
5664,101236,North Yorkshire,England,Poisoning,April,2020,SE16,"Species targeted: Birds of Prey. Species involved: Dog x1. Tested positive for: Alphachloralose, Bendiocarb, Carbofuran, Isofenphos",https://community.rspb.org.uk/ourwork/b/investigations/posts/two-spaniels-poisoned-by-nidderdale-cocktail-in-bird-of-prey-crime-hotspot,40994504-909f-4755-a7a9-048621432a82
5665,101238,North Yorkshire,England,Poisoning,April,2020,SE44,"Species involved: Peregrine Falcon x1. Tested positive for: Alphachloralose, Bendiocarb, Carbofuran",https://community.rspb.org.uk/ourwork/b/investigations/posts/two-poisoned-peregrines-added-to-lockdown-crime-list,2c738695-eb31-43fa-be8e-1cfcb54e4afd
5666,101239,Shropshire,England,Shooting,March,2020,SJ61,Species involved: Peregrine Falcon x1,https://www.shropshirestar.com/news/crime/2020/03/13/police-investigating-after-falcon-shot/,f77e505b-c452-42a6-8558-c5483c7665d2
5667,101250,North Yorkshire,England,Nest Destruction,May,2020,SE28,Species targeted: Tawny Owl nest,No Link,72d79b57-d0e0-4f7d-b858-d89f881a9787
5668,101268,North Yorkshire,England,Shooting,July,2020,SE78,Species involved: Buzzard x1,https://raptorpersecutionscotland.wordpress.com/2020/07/14/yet-another-buzzard-shot-in-north-york-moors-national-park/,4047ff4f-38be-4677-b2fc-49830e99b3ae
5669,101348,North Yorkshire,England,Persecution (Other),July,2020,SE17,"Species targeted: Marsh Harrier, Hen Harrier, Buzzard, Peregrine Falcon, Tawny Owl, Short-eared Owl, Laridae (Gulls &amp; Terns), Corvidae, Raven",No Link,2e12c0ee-1d09-4e5a-809c-ea306aa23dd0
5670,101357,Derbyshire,England,Poisoning,March,2020,SK46,"Species involved: Buzzard x1, Kestrel x1. Tested positive for: Aldicarb",https://raptorpersecutionscotland.wordpress.com/2020/08/03/buzzard-kestrel-confirmed-illegally-poisoned-in-derbyshire/,aa1b16fd-8782-430a-8f0d-e12c33cb32c4
5671,101373,West Yorkshire,England,Shooting,August,2020,SE13,Species involved: Peregrine Falcon x1,https://raptorpersecutionscotland.wordpress.com/2020/08/12/west-yorkshire-police-appeal-for-information-after-peregrine-shot-in-bingley/,4b1a16df-5d10-4d2a-ba52-6f9dde6dbe4b
5672,101382,Berkshire,England,Trapping,August,2020,SU56,Species involved: Red Kite x1,https://community.rspb.org.uk/ourwork/b/investigations/posts/red-kite-killed-in-illegal-pole-trap-,8308347d-7af3-4eba-be18-c63f012e81c9
5673,101393,Gloucestershire,England,Shooting,August,2020,SP11,Species involved: Peregrine Falcon x1,https://www.nwcu.police.uk/news/wildlife-crime-press-coverage/despicable-killing-of-peregrine-falcon-condemned-by-gloucestershire-police/,0904b53b-da32-4397-9f8a-911b5c6ae71f
5674,101398,North Yorkshire,England,Poisoning,June,2020,NZ61,Species targeted: Birds of Prey. Species involved: poison bait (Rabbit Bait x1). Tested positive for: Bendiocarb,No Link,141a9308-0827-41f0-b0e6-7877ad26c106
5675,101399,Staffordshire,England,Poisoning,June,2020,SK04,Species Involved: Peregrine Falcon x1; poison bait (Pigeon Bait (Species Unknown) x1). Tested positive for: Bendiocarb,https://community.rspb.org.uk/ourwork/b/investigations/posts/peak-district-national-park-peregrines-poisoned-staffordshire,bef7e099-9734-4e4d-8afb-2c6542677664
5676,101400,Staffordshire,England,Poisoning,May,2020,SK06,"Species Involved: Buzzard x1, Peregrine Falcon x1; poison bait (Pigeon Bait (Species Unknown) x1). Tested positive for: Bendiocarb",https://community.rspb.org.uk/ourwork/b/investigations/posts/peak-district-national-park-peregrines-poisoned-staffordshire,0c386422-2432-4fd3-86db-18da644c7093
5677,101401,Staffordshire,England,Poisoning,May,2020,SK15,Species involved: Peregrine Falcon x1. Tested positive for: Bendiocarb,https://community.rspb.org.uk/ourwork/b/investigations/posts/peak-district-national-park-peregrines-poisoned-staffordshire,8560711b-b888-4aeb-b4ee-6847db6e9fe9
5678,101427,North Yorkshire,England,Persecution (Other),September,2020,SE08,Species targeted: Birds of Prey,https://community.rspb.org.uk/ourwork/b/investigations/posts/illegal-eagle-owl-decoy-two-buzzards-shot-on-north-yorkshire-grouse-moor,b55b44ef-a53b-486c-bca3-cd64f0e2ae78
5679,101466,Merseyside,England,Shooting,April,2020,SJ38,Species involved: Buzzard x1,https://raptorpersecutionscotland.wordpress.com/2020/09/07/police-investigate-shot-buzzard-remains-found-on-wirral-pheasant-shooting-estate/,814fae20-7217-4e27-8f4a-b41a0717e876
5680,101500,Kent,England,Shooting,October,2020,TQ77,Species involved: Buzzard x1,https://community.rspb.org.uk/ourwork/b/investigations/posts/horror-as-buzzard-is-shot-on-kent-nature-reserve-boundary,0e1b36d4-3f6f-4b3b-ac3b-161668e4b140
5681,101512,Wiltshire,England,Shooting,October,2020,SU16,Species involved: Red Kite x1,No Link,d59c7abc-bd35-4675-af8b-d31aea8d1024
5682,101539,Aberdeenshire,Scotland,Trapping,August,2020,NJ73,Species involved: Goshawk x1,https://raptorpersecutionscotland.wordpress.com/2020/10/06/man-charged-for-wildlife-offences-relating-to-illegal-trapping-of-a-bird-of-prey/,472811a2-367f-4312-92bd-9f749a3eb363
5683,101561,Lincolnshire,England,Poisoning,April,2020,TF21,Species involved: Red Kite x1. Tested positive for: Bendiocarb,https://raptorpersecutionuk.org/2021/04/20/lincolnshire-police-provide-update-on-investigation-into-poisoned-red-kite/,fb9cc6d3-7617-4f4c-bd3c-941bab2eed03
5684,101564,South Yorkshire,England,Poisoning,July,2020,SE30,"Species involved: Peregrine Falcon x1. Tested positive for: Alphachloralose, Bendiocarb, Carbofuran",https://community.rspb.org.uk/ourwork/b/investigations/posts/peregrine-illegally-poisoned-in-barnsley,280b0acf-dbde-42e8-8d8d-c4d0368081a1
5685,101588,Derbyshire,England,Shooting,September,2020,SK08,Species involved: Buzzard x1,https://community.rspb.org.uk/ourwork/b/investigations/posts/dead-buzzard-had-been-illegally-shot-in-peak-district-sheffield-manchester-2020,4a9651ef-cfa3-40a2-a5e8-c256917c334a
5686,101605,Perth and Kinross,Scotland,Trapping,October,2020,NN82,Species involved: Long-eared Owl x1,https://raptorpersecutionscotland.wordpress.com/2021/09/21/long-eared-owl-illegally-held-in-trap-on-same-strathbraan-grouse-moor-where-shot-peregrine-found/,e2ac56aa-43df-4008-9c56-781c42c4c90d
5687,101609,Highland,Scotland,Trapping,July,2020,NH92,Species involved: Merlin x1,No Link,d5107ed8-62da-4dd5-a6a6-85d56184a600
5688,101611,Highland,Scotland,Shooting,August,2020,NH92,Species involved: Buzzard x1,No Link,2c2ae658-9a2c-4c4c-a591-b857d1162954
5689,101613,Renfrewshire,Scotland,Shooting,August,2020,NS46,Species involved: Peregrine Falcon x1,No Link,e27bfa13-876f-4792-a627-420754b975a5
5690,101619,Perth and Kinross,Scotland,Trapping,October,2020,NO14,Species involved: Owls x1,No Link,75c00987-4a15-48d6-98a4-158798d6a290
5691,101630,Powys,Wales,Shooting,July,2020,SN85,Species involved: Golden Eagle x1,https://raptorpersecutionscotland.wordpress.com/2020/12/14/post-mortem-reveals-welsh-golden-eagle-had-suffered-gunshot-injury/,23228b8d-22d3-402b-97f4-c4b2a080cf15
5692,101636,North Yorkshire,England,Shooting,December,2020,SE29,Species involved: Buzzard x1,No Link,874f0e2e-6877-409a-b9f1-1b37022c8c8e
5693,101647,South Lanarkshire,Scotland,Shooting,May,2020,NS81,Species involved: Hen Harrier x1,https://theferret.scot/police-bird-of-prey-incidents-sporting-estate/,0ed0f108-2ac5-4fd7-840d-b67f76b7f787
5694,101660,East Riding of Yorkshire,England,Shooting,December,2020,TA23,Species involved: Buzzard x1,https://raptorpersecutionscotland.wordpress.com/2020/12/31/buzzard-with-shotgun-injuries-found-in-localised-persecution-hotspot-east-yorkshire/,7291c439-f925-4b50-8963-2d6ed52c59d8
5695,101661,Norfolk,England,Trapping,May,2020,TF72,Species involved: Little Owl x1,https://www.birdguides.com/news/little-owl-killed-by-trap-at-sandringham-estate/,9724d493-30cd-438a-9efc-1bba471d2e56
5696,101670,Perth and Kinross,Scotland,Trapping,October,2020,NN82,Species involved: Red Kite x1,No Link,cdc885e7-966f-41e9-9719-5466c6e427bc
5697,101676,North Yorkshire,England,Shooting,December,2020,SE54,Species involved: Buzzard x1,https://raptorpersecutionuk.org/2021/01/19/buzzard-found-with-shotgun-injuries-near-askham-richard-north-yorkshire/,4c799091-6e7e-490a-8bee-96d97248c075
5698,101686,Leicestershire,England,Trapping,November,2020,SK50,Species involved: Sparrowhawk x1,No Link,225f9d0c-8aa1-4978-8bf1-162b55c0ed0d
5699,101687,Nottinghamshire,England,Trapping,December,2020,SK74,Species involved: Buzzard x1,https://www.nwcu.police.uk/news/wildlife-crime-press-coverage/nottinghamshire-police-begin-investigation-into-killing-of-wild-birds/,0a7a878c-f4aa-4acb-9e88-0ebe833db745
5700,101691,Derbyshire,England,Poisoning,May,2020,SK19,"Species involved: Peregrine Falcon x1. Tested positive for: Bendiocarb, Carbofuran",https://community.rspb.org.uk/ourwork/b/investigations/posts/peregrine-poisoned-in-peak-district-national-park,2a7cc4c5-f0e7-447d-b138-a3388eb9ebb7
5701,101705,Wiltshire,England,Persecution (Other),August,2020,SU06,Species involved: Red Kite x1,https://community.rspb.org.uk/ourwork/b/investigations/posts/community-order-for-gamekeeper-after-birds-of-prey-found-down-wiltshire-well,50c944ba-e3cb-4bde-b66f-92025dd669be
5702,101706,Wiltshire,England,Persecution (Other),August,2020,SU06,Species involved: Buzzard x1,https://community.rspb.org.uk/ourwork/b/investigations/posts/community-order-for-gamekeeper-after-birds-of-prey-found-down-wiltshire-well,b70af06c-ea69-4ba2-91a6-db7eb936897b
5703,101708,Wiltshire,England,Persecution (Other),August,2020,SU06,Species involved: Buzzard x1,https://community.rspb.org.uk/ourwork/b/investigations/posts/community-order-for-gamekeeper-after-birds-of-prey-found-down-wiltshire-well,73f48767-98d1-4e34-bdbf-2d339c747c57
5704,101709,Wiltshire,England,Persecution (Other),August,2020,SU06,Species involved: Buzzard x1,https://community.rspb.org.uk/ourwork/b/investigations/posts/community-order-for-gamekeeper-after-birds-of-prey-found-down-wiltshire-well,7dda4061-56ac-495a-b3ba-48c819502762
5705,101710,Wiltshire,England,Persecution (Other),August,2020,SU06,Species involved: Buzzard x1,https://community.rspb.org.uk/ourwork/b/investigations/posts/community-order-for-gamekeeper-after-birds-of-prey-found-down-wiltshire-well,d225e5a9-e99d-499c-b8a2-bdc42eb6f454
5706,101711,Wiltshire,England,Persecution (Other),August,2020,SU06,Species involved: Buzzard x1,https://community.rspb.org.uk/ourwork/b/investigations/posts/community-order-for-gamekeeper-after-birds-of-prey-found-down-wiltshire-well,8ece88b0-2128-43fb-ac04-a2f98d36e9d3
5707,101712,Wiltshire,England,Persecution (Other),August,2020,SU06,Species involved: Buzzard x1,https://community.rspb.org.uk/ourwork/b/investigations/posts/community-order-for-gamekeeper-after-birds-of-prey-found-down-wiltshire-well,bfeee291-f14c-4292-9ece-86db584d5e15
5708,101713,Wiltshire,England,Persecution (Other),August,2020,SU06,Species involved: Buzzard x1,https://community.rspb.org.uk/ourwork/b/investigations/posts/community-order-for-gamekeeper-after-birds-of-prey-found-down-wiltshire-well,74e25b88-a2ec-4804-b4f4-da6dd596fe55
5709,101714,Wiltshire,England,Persecution (Other),August,2020,SU06,Species involved: Red Kite x1,https://community.rspb.org.uk/ourwork/b/investigations/posts/community-order-for-gamekeeper-after-birds-of-prey-found-down-wiltshire-well,663a7086-d909-4dbb-ba46-a9d804a43bb8
5710,101715,Wiltshire,England,Persecution (Other),August,2020,SU06,Species involved: Buzzard x1,https://community.rspb.org.uk/ourwork/b/investigations/posts/community-order-for-gamekeeper-after-birds-of-prey-found-down-wiltshire-well,af671c96-1937-46e4-9b3b-db92515318b0
5711,101716,Wiltshire,England,Persecution (Other),August,2020,SU06,Species involved: Buzzard x1,https://community.rspb.org.uk/ourwork/b/investigations/posts/community-order-for-gamekeeper-after-birds-of-prey-found-down-wiltshire-well,49f52319-35df-4c95-8e41-fa875a24858e
5712,101717,Wiltshire,England,Persecution (Other),August,2020,SU06,Species involved: Buzzard x1,https://community.rspb.org.uk/ourwork/b/investigations/posts/community-order-for-gamekeeper-after-birds-of-prey-found-down-wiltshire-well,6cd7bb87-8903-40f0-828a-8c929b1bd62f
5713,101718,Wiltshire,England,Persecution (Other),August,2020,SU06,Species involved: Buzzard x1,https://community.rspb.org.uk/ourwork/b/investigations/posts/community-order-for-gamekeeper-after-birds-of-prey-found-down-wiltshire-well,1a5b002d-eef6-4b43-9af8-9d5239c150d7
5714,101726,Highland,Scotland,Shooting,August,2020,NH92,Species involved: Buzzard x1,No Link,29d9aa88-8405-4779-ba40-98ff6f76bd8a
5715,101733,Powys,Wales,Poisoning,September,2020,SJ20,"Species targeted: Birds of Prey. Species involved: Raven x1. Tested positive for: Carbofuran, Isofenphos, Other",No Link,1305de25-645a-4a82-aba1-49723eaf574c
5716,101752,Essex,England,Shooting,August,2020,TQ89,Species involved: Hobby x1,https://raptorpersecutionscotland.wordpress.com/2020/08/18/hobby-dies-after-suspected-shooting-in-essex/,e80c5977-9fe7-429e-97df-fa9e930cf660
5717,101754,Suffolk,England,Poisoning,September,2020,TL68,Species Involved: Buzzard x1; poison bait (Pigeon (Woodpigeon) Bait). Tested positive for: Bendiocarb,https://www.eadt.co.uk/news/crime/guns-seized-after-suspected-poisoning-of-buzzard-6914922,69467e5c-7e5b-4d86-8a9d-19403fece322
5718,101756,Powys,Wales,Poisoning,July,2020,SO08,Species involved: Goshawk x1. Tested positive for: Isofenphos,No Link,59589aaf-7d40-4764-b5ad-62062d62bdd1
5719,101779,Hampshire,England,Poisoning,July,2020,SU42,"Species targeted: Birds of Prey. Species involved: Carrion Crow x1. Tested positive for: Brodifacoum, Bendiocarb, Carbofuran",No Link,c4a991c4-e4a1-4cb9-bcc2-ec18a041d744
5720,101783,Suffolk,England,Shooting,January,2020,TM24,Species involved: Sparrowhawk x1,https://www.ipswichstar.co.uk/news/suffolk-police-sparrowhawk-dies-in-kesgrave-2874874,035ddec6-dff8-4379-821f-0df976036568
5721,101784,West Yorkshire,England,Persecution (Other),August,2020,SE12,Species involved: Sparrowhawk x1,https://www.examinerlive.co.uk/news/local-news/police-probing-barbaric-act-animal-18833101,22042c6c-a30c-4346-a60e-b4087774ff37
5722,101802,Dorset,England,Poisoning,November,2020,SU01,Species Involved: Red Kite x1; poison bait (Rat x1). Tested positive for: Bendiocarb,No Link,9419e8a6-c550-49da-bc32-70f6c2c59258
5723,101838,Devon,England,Poisoning,October,2020,SS61,"Species Involved: Buzzard x1; poison bait (Pheasant Bait x2). Tested positive for: Carbofuran, Isofenphos",No Link,97e96139-d9ff-4d97-9c12-037765822bd8
5724,101842,County Durham,England,Poisoning,September,2020,NZ01,Species involved: Buzzard x2. Tested positive for: Carbofuran,https://www.durham.police.uk/News/News-Articles/2021/April/Operation-targets-raptor-persecution.aspx,1aa5ea5f-86c7-4d41-a577-a090f949a335
5725,101843,Dorset,England,Shooting,September,2020,ST91,Species involved: Buzzard x1,No Link,59afcd80-8dd6-4510-aed9-c77b74d48abf
5726,101844,Dorset,England,Shooting,August,2020,SU01,Species involved: Buzzard x1,No Link,f68fbbf0-3667-47aa-a5e4-af68750996b2
5727,101846,Dorset,England,Shooting,September,2020,SU01,Species involved: Buzzard x1,No Link,dfcf4a5d-767e-441c-94a8-1554eb2a0572
5728,101874,Fife,Scotland,Poisoning,February,2020,Unknown/Withheld,Species involved: Buzzard x1. Tested positive for: Diazinon/Dimpylate,No Link,4e70698d-5ab1-447b-af09-9bb43162a7d9
5729,101889,South Lanarkshire,Scotland,Shooting,July,2020,NS81,Species involved: Short-eared Owl x1,https://theferret.scot/police-bird-of-prey-incidents-sporting-estate/,d3527f80-ed95-4993-b711-af89ac90ca0e
5730,101892,South Lanarkshire,Scotland,Persecution (Other),July,2020,NS81,Species targeted: Birds of Prey. Possession of: Carbofuran,https://www.dailyrecord.co.uk/news/scottish-news/illegal-toxic-poison-discovered-scots-23523011,bb5e3bc0-8790-40f6-aa49-af82e9b715b9
5731,101893,Aberdeenshire,Scotland,Poisoning,April,2020,NJ31,Species involved: White-tailed Eagle x1. Tested positive for: Carbofuran,https://www.scotland.police.uk/what-s-happening/news/2020/july/rare-white-tailed-sea-eagle-poisoned/,19158d76-9d72-4a2f-a222-ea0ad90b4dbd
5732,101894,Midlothian,Scotland,Trapping,April,2020,NT36,Species targeted: Birds of Prey. Species involved: Carrion Crow x1,https://www.midlothianadvertiser.co.uk/news/crime/crow-caught-illegal-trap-easthouses-park-2850056,3b6474d7-8b3b-4ac6-8d80-3f13c8da22c4
5733,101914,Hertfordshire,England,Shooting,December,2020,TL23,Species involved: Red Kite x1,No Link,4f16dd22-d257-4b8b-b094-52bab7e705ce
5734,101915,Derbyshire,England,Trapping,September,2020,SK34,Species targeted: Birds of Prey,No Link,0719045e-a9f3-4cca-be8f-bbe5ddc257d3
5735,101931,South Yorkshire,England,Shooting,October,2020,SE61,Species involved: Sparrowhawk x1,No Link,b5c64189-59b5-4bee-b685-242e4d5a57bf
5736,101933,Norfolk,England,Shooting,November,2020,TG12,Species involved: Red Kite x1,No Link,080e7c2e-240d-4fab-915f-371c43ba894c
5737,101934,Derbyshire,England,Shooting,March,2020,SK34,Species involved: Peregrine Falcon x1,https://raptorpersecutionscotland.wordpress.com/2020/03/06/peregrine-shot-killed-in-belper-derbyshire-again/,766c4f5c-c81a-44ad-9029-66e0aedff180
5738,101935,Kent,England,Shooting,July,2020,TR16,Species involved: Peregrine Falcon x1,No Link,144a0761-50df-47a8-97f3-51489f19dafe
5739,101942,Kent,England,Shooting,September,2020,TQ77,Species involved: Buzzard x1,https://community.rspb.org.uk/ourwork/b/investigations/posts/horror-as-buzzard-is-shot-on-kent-nature-reserve-boundary,6e6aae52-c000-4006-acd7-d43d6257f6b4
5740,101946,Wiltshire,England,Persecution (Other),September,2020,SU06,Species targeted: Birds of Prey. Possession of: Bendiocarb,https://community.rspb.org.uk/ourwork/b/investigations/posts/community-order-for-gamekeeper-after-birds-of-prey-found-down-wiltshire-well,28f56a38-f916-4e31-bc18-c6d0f42d66d4
5741,101947,Wiltshire,England,Persecution (Other),September,2020,SU06,Species involved: Red Kite x1,https://community.rspb.org.uk/ourwork/b/investigations/posts/community-order-for-gamekeeper-after-birds-of-prey-found-down-wiltshire-well,614d0a14-f13d-4f34-80e4-f9e1bc7a8cc9
5742,101948,Wiltshire,England,Persecution (Other),September,2020,SU06,Species involved: Red Kite x1,https://community.rspb.org.uk/ourwork/b/investigations/posts/community-order-for-gamekeeper-after-birds-of-prey-found-down-wiltshire-well,cd4ca228-613b-417e-aa51-aecd67e453c1
5743,101963,Perth and Kinross,Scotland,Shooting,November,2020,NN82,Species involved: Peregrine Falcon x1,https://raptorpersecutionscotland.wordpress.com/2021/09/20/peregrine-found-shot-dead-on-grouse-moor-in-strathbraan-police-scotland-refuse-to-publicise/ ; https://www.birdguides.com/news/shot-peregrine-found-during-investigation-on-scottish-estate/,bc72419c-1ef1-429a-8897-2786810303d8
5744,101988,Dumfries and Galloway,Scotland,Persecution (Other),February,2020,NX86,"Species targeted: Birds of Prey. Possession of: Aldicarb, Al Phosphide (Phostoxin), Bendiocarb",https://www.heraldscotland.com/news/18371138.man-charged-deaths-birds-prey-dumfries-galloway/,ba31de61-5957-45d2-aecd-26e20dfe63fb
5745,101990,Dumfries and Galloway,Scotland,Trapping,February,2020,NX86,Species targeted: Birds of Prey,https://www.heraldscotland.com/news/18371138.man-charged-deaths-birds-prey-dumfries-galloway/,a6f5cd9b-e328-424b-b9c5-627606de5fc1
5746,101992,Dumfries and Galloway,Scotland,Poisoning,February,2020,NX86,Species targeted: Birds of Prey. Species involved: poison bait (Duck Bait x1). Tested positive for: Aldicarb,https://www.heraldscotland.com/news/18371138.man-charged-deaths-birds-prey-dumfries-galloway/,4e94212b-7653-4015-8747-a6584cfe21ed
5747,101994,Dumfries and Galloway,Scotland,Poisoning,February,2020,NX86,"Species involved: Buzzard x1. Tested positive for: Aldicarb, Bendiocarb",https://www.heraldscotland.com/news/18371138.man-charged-deaths-birds-prey-dumfries-galloway/,0509e944-9090-491f-9cb6-bdafcc69db92
5748,101995,Dumfries and Galloway,Scotland,Poisoning,February,2020,NX86,"Species targeted: Birds of Prey, Non-bird. Species involved: poison bait (Bread x3). Tested positive for: Aldicarb",#N/A,e3641835-6bdf-4840-be70-d2115f028981
5749,101996,Dumfries and Galloway,Scotland,Poisoning,February,2020,NX86,"Species targeted: Birds of Prey, Bird. Species involved: poison bait (Bread x5). Tested positive for: Aldicarb",https://www.heraldscotland.com/news/18371138.man-charged-deaths-birds-prey-dumfries-galloway/,cb2631e7-17b7-4c68-a488-6696a683a08c
5750,102027,North Yorkshire,England,Poisoning,November,2020,SE17,"Species involved: Red Kite x1. Tested positive for: Bendiocarb, Carbofuran, Isofenphos",No Link,1c40a261-e4e1-4f0a-ac8a-ff7a84bb850e
5751,102088,Antrim,Northern Ireland,Poisoning,January,2020,C90,Species involved: Buzzard x1. Tested positive for: Alphachloralose,No Link,ee6692b8-3163-44d5-9601-06003a5b2999
5752,102090,Tyrone,Northern Ireland,Poisoning,April,2020,H87,Species involved: Buzzard x1. Tested positive for: Alphachloralose,No Link,c6dd2466-6c63-4b4d-a249-43c56a7e5f8c
5753,102091,Armagh,Northern Ireland,Poisoning,November,2020,H74,"Species targeted: Birds of Prey, Peregrine Falcon. Species involved: poison bait (Pigeon Bait (Species Unknown) x1). Tested positive for: Alphachloralose, Bendiocarb, Other",https://www.armaghi.com/news/armagh-news/police-investigate-reports-men-may-have-been-trying-to-harm-birds-of-prey-at-armagh-quarry/124086,b3a18f2f-dea5-4849-9d83-75427f959c77
5754,102096,Armagh,Northern Ireland,Shooting,September,2020,J03,Species involved: Buzzard x1,No Link,75b5aceb-21f2-4134-816e-cf5b84f826ba
5755,102098,Bedfordshire,England,Poisoning,January,2020,SP92,Species involved: Red Kite x1. Tested positive for: Alphachloralose,No Link,e98b85d4-14d4-4b7f-b9da-1e9d1e0fe25b
5756,102099,Lincolnshire,England,Poisoning,March,2020,TF27,Species involved: Buzzard x1. Tested positive for: Aldicarb,No Link,6c12f547-12fd-46cd-a1fa-73994e3446e8
5757,102100,Buckinghamshire,England,Poisoning,April,2020,SU78,Species targeted: Birds of Prey. Species involved: Raven x1. Tested positive for: Bendiocarb,No Link,4d644cfa-2148-4e99-a6d5-46259cfbfade
5758,102146,Devon,England,Poisoning,April,2020,SX39,"Species targeted: Birds of Prey. Species involved: poison bait (Lamb x1, Meat x1). Tested positive for: Lindane (Gamma HCH)",No Link,d01279f1-5345-4806-bd36-5f3d107b2d87
5759,102160,Tyrone,Northern Ireland,Poisoning,May,2020,H58,Species targeted: Birds of Prey. Species involved: poison bait (Lamb x1). Tested positive for: Nitroxynil (Trodax),https://raptorpersecutionscotland.wordpress.com/2020/05/16/police-warn-public-as-suspected-poisoned-bait-found-in-co-tyrone/,48668f56-7cab-4c52-bec7-d30dccffc684
5760,102176,Scottish Borders,Scotland,Trapping,September,2020,NT44,Species involved: Goshawk x1,https://raptorpersecutionscotland.wordpress.com/2021/11/30/gamekeeper-convicted-as-birds-of-prey-die-in-trap/,45dfde98-167d-4c3b-9525-18ebe842f1cc
5761,102179,Highland,Scotland,Poisoning,October,2020,NH83,Species involved: Red Kite x1. Tested positive for: Carbofuran,https://www.scotland.police.uk/what-s-happening/news/2020/december/appeal-for-information-poisoned-bird-of-prey-ruthven-moy/,b7611fab-ccdc-4e15-88fe-07d3769750de
5762,102188,Argyll and Bute,Scotland,Persecution (Other),June,2020,NM80,Species targeted: Golden Eagle,No Link,866a9a79-c538-4e6e-8170-07d9a1d24cd1
5763,102217,Down,Northern Ireland,Shooting,September,2020,J25,Species involved: Peregrine Falcon x1,No Link,8a34167b-4580-4ebb-869e-9e202b261402
5764,102320,Armagh,Northern Ireland,Persecution (Other),May,2020,H74,Species targeted: Peregrine Falcon,No Link,b9e9154d-d054-4b5d-bd06-c82576440d72
5765,102330,North Yorkshire,England,Shooting,February,2020,SE99,Species involved: Goshawk x1,No Link,2f1ffebc-2b17-4194-a1b3-1e4d16bd4986
5766,102355,Scottish Borders,Scotland,Trapping,September,2020,NT44,Species involved: Barn Owl x1,https://raptorpersecutionscotland.wordpress.com/2021/11/30/gamekeeper-convicted-as-birds-of-prey-die-in-trap/,d24d1532-35fa-4f2c-99bd-aacbd60bcf89
5767,102389,West Sussex,England,Poisoning,December,2020,TQ00,Species involved: Red Kite x1. Tested positive for: Bendiocarb,No Link,64bf9b9f-d119-4ece-92da-65a17dbfbb8e
5768,102642,Dumfries and Galloway,Scotland,Poisoning,January,2020,NX86,"Species involved: Buzzard x1, Rook x10. Tested positive for: Bendiocarb",https://www.heraldscotland.com/news/18371138.man-charged-deaths-birds-prey-dumfries-galloway/,587054b4-3d38-4b95-ba4e-c7c7a0cec492
5769,102643,Dumfries and Galloway,Scotland,Poisoning,January,2020,NX86,Species targeted: Birds of Prey. Species involved: Rook x2. Tested positive for: Bendiocarb,#N/A,c7fffb1c-3a5c-45e6-820a-0b111340d751
5770,102644,Dumfries and Galloway,Scotland,Poisoning,January,2020,NX86,Species targeted: Birds of Prey. Species involved: Rook x1. Tested positive for: Bendiocarb,#N/A,df82f865-ae09-4ea4-9650-5f80e6e3801c
5771,102698,Merseyside,England,Shooting,April,2020,SJ38,Species targeted: Birds of Prey. Species involved: Falcons x1,http://avianveterinaryservices.co.uk/projectile-injuries-in-falcons/,d2c9ae1e-6e6e-408b-af89-7f4dd0d5920c
5772,102700,,United Kingdom,Shooting,Withheld,2020,Unknown/Withheld,Species involved: Peregrine Falcon x1,http://avianveterinaryservices.co.uk/projectile-injuries-in-falcons/,06778fb1-9e52-4e71-9d06-78a951407786
5773,102858,Norfolk,England,Shooting,March,2020,TF63,Species involved: Red Kite x1,No Link,8ae3b704-b60b-437f-808b-72e1fa93b4ea
5774,103102,Surrey,England,Poisoning,July,2020,TQ05,Species involved: Peregrine Falcon x1. Tested positive for: Bendiocarb,No Link,8a59a565-f540-4b68-8cc9-247a3af82c45
5775,103120,Norfolk,England,Trapping,January,2020,TG22,Species involved: Buzzard x1,No Link,97cdc80a-11bf-4adf-9f30-b7f856818385
5776,105852,Dumfries and Galloway,Scotland,Poisoning,February,2020,NX86,"Species targeted: Birds of Prey. Species involved: Blackbird x1, Rook x1. Tested positive for: Bendiocarb",#N/A,47d5873e-092f-4977-b936-86c720cfa46e
5777,105853,Dumfries and Galloway,Scotland,Poisoning,February,2020,NX86,Species targeted: Birds of Prey. Species involved: Blackbird x2. Tested positive for: Bendiocarb,#N/A,9c55ced7-0cd4-437a-b010-5198f96eafaf
5778,106201,West Yorkshire,England,Shooting,Withheld,2020,SE41,Species involved: Buzzard x1,#N/A,b0bd9a78-4547-4215-828b-862bf8f4fa0e
5779,101688,Nottinghamshire,England,Trapping,January,2021,SK74,Species involved: Buzzard x1,https://www.bbc.co.uk/news/uk-england-nottinghamshire-60156311,e63e4940-1941-4f9d-ad0c-b0dd7215ba86
5780,101701,Nottinghamshire,England,Trapping,January,2021,SK74,Species involved: Buzzard x1,https://www.bbc.co.uk/news/uk-england-nottinghamshire-60156311,21f0f275-5880-4e1d-bffc-d34bb5531806
5781,101702,Nottinghamshire,England,Trapping,January,2021,SK74,Species involved: Buzzard x1,https://www.bbc.co.uk/news/uk-england-nottinghamshire-60156311,4279fd9e-c95a-4dc4-b788-0d2dd01c8729
5782,101757,Suffolk,England,Persecution (Other),January,2021,TL78,Species targeted: Birds of Prey. Possession of: Bendiocarb,https://community.rspb.org.uk/ourwork/b/investigations/posts/suffolk-gamekeeper-gets-community-order-for-firearms-and-pesticide-offences-after-buzzard-found-poisoned,fa49645c-005e-4db7-8f59-2389b490a90f
5783,101804,Bedfordshire,England,Shooting,February,2021,TL13,Species involved: Buzzard x1,https://raptorpersecutionscotland.wordpress.com/2021/02/08/buzzard-shot-critically-injured-in-bedfordshire/,2733e07c-a37e-4d13-be51-1aa1bb2e820c
5784,101811,Somerset & Avon,England,Trapping,January,2021,ST67,Species targeted: Birds of Prey,No Link,0f162112-0019-4ccb-b77a-4fd65f3535ba
5785,101823,Cheshire,England,Trapping,February,2021,SJ96,"Species involved: Sparrowhawk x1, Blackbird x1",https://community.rspb.org.uk/ourwork/b/investigations/posts/man-fined-after-sparrowhawk-starves-to-death-in-trap,8331da51-88c6-4192-ba4d-9c949687472c
5786,101841,Staffordshire,England,Trapping,February,2021,SJ74,Species targeted: Birds of Prey,No Link,2d430959-5fed-417e-8832-e02672b4e976
5787,101884,Perth and Kinross,Scotland,Persecution (Other),February,2021,NN83,Species targeted: Birds of Prey,No Link,95c16587-c9e3-4a8f-bf16-b37bfb1f05d4
5788,101885,Perth and Kinross,Scotland,Persecution (Other),January,2021,NN83,Species targeted: Birds of Prey,No Link,e32da570-7293-4d33-9906-b8ac4fa51b02
5789,101896,Lincolnshire,England,Persecution (Other),March,2021,TF22,Species targeted: Birds of Prey. Possession of: Bendiocarb,https://raptorpersecutionuk.org/2021/04/20/lincolnshire-police-provide-update-on-investigation-into-poisoned-red-kite/,216dae1e-fa4b-443f-acfa-36877df80b0e
5790,101899,Dorset,England,Persecution (Other),March,2021,SU01,Species targeted: Birds of Prey. Possession of: Bendiocarb,No Link,de774708-101d-42bf-addc-57b7bb94c8bb
5791,101949,Norfolk,England,Shooting,April,2021,TF70,Species involved: Red Kite x1,https://www.nwcu.police.uk/uncategorized/endangered-red-kite-shot-dead-and-hung-from-tree/,2cc8ff2a-fb55-4f35-b9b4-daefd860b60f
5792,101953,Gloucestershire,England,Shooting,March,2021,SP01,Species involved: Red Kite x1,https://www.wiltsglosstandard.co.uk/news/19238010.protected-red-kite-bird-prey-shot-north-cirencester/,e793efee-be30-4f03-b0b7-ae7cc5c30042
5793,101970,Conwy,Wales,Nest Destruction,April,2021,SH95,Species targeted: Osprey nest,https://www.bbc.co.uk/news/uk-wales-56955084,5198fc74-ca63-47e8-8be1-e72a0e7e2163
5794,101972,Conwy,Wales,Trapping,April,2021,SH85,Species involved: Buzzard x1,No Link,1d738344-3ca6-402f-8946-fdaafe5fa406
5795,101979,Shropshire,England,Poisoning,May,2021,SO57,"Species Involved: Peregrine Falcon x1, Fox x1; poison bait (Pigeon Bait (Species Unknown) x1). Tested positive for: Aldicarb",https://www.birdguides.com/news/peregrine-suspected-as-poisoned-in-shropshire/,751f1dce-bf29-48db-86c5-ef9eda012623
5796,102009,Derbyshire,England,Shooting,May,2021,SK32,Species involved: Buzzard x1,No Link,97a363cd-67f9-46d0-ba89-238250075b2c
5797,102035,Gloucestershire,England,Nest Destruction,June,2021,SO91,Species targeted: Goshawk nest,"https://www.nwcu.police.uk/news/nwcu-police-press-releases/restorative-justice-used-following-tree-felling-incident-which-led-to-destruction-of-bird-nest/#:~:text=A%20man%20who%20unknowingly%20destroyed,a%20successful%20restorative%20justice%20outcome.&text=A%20spokesperson%20for%20the%20RSPB,contained%20an%20active%20goshawk%20nest.",d8ff2acc-72df-4626-a5d0-741041cf0fd2
5798,102038,Dorset,England,Shooting,March,2021,SU01,Species involved: Buzzard x1,No Link,0e099b45-8f17-45db-b341-97e25dc87522
5799,102039,Dorset,England,Shooting,February,2021,SU01,Species involved: Buzzard x1,No Link,f04d37c8-11b7-4485-bd66-082368f83a3b
5800,102040,Dorset,England,Shooting,February,2021,SU01,Species involved: Buzzard x1,No Link,3854e55a-2e53-4d92-beae-f4151bda847f
5801,102041,Dorset,England,Shooting,February,2021,SU01,Species involved: Buzzard x1,No Link,7777faae-8724-4630-a177-788d0c38adaf
5802,102042,Dorset,England,Shooting,March,2021,SU01,Species involved: Buzzard x1,No Link,e0bbafed-82b6-4d1d-8dac-53408f0c72f7
5803,102043,Dorset,England,Shooting,February,2021,SU01,Species involved: Buzzard x1,No Link,b590126d-0e31-4b7b-9122-c50ffa6a67b4
5804,102044,Dorset,England,Shooting,March,2021,SU01,Species involved: Buzzard x1,No Link,728ba26b-3284-4c50-b3da-fd1be3d6c24d
5805,102045,Dorset,England,Shooting,March,2021,SU01,Species involved: Buzzard x1,No Link,8699fc80-3f92-4bd2-bd0b-858b299e16d0
5806,102050,North Yorkshire,England,Persecution (Other),May,2021,SE19,Species targeted: Birds of Prey. Possession of: Carbofuran,No Link,3742a445-9edf-4ab4-8818-de526acf89ca
5807,102053,Powys,Wales,Shooting,March,2021,SO05,Species involved: Red Kite x1,https://www.rspca.org.uk/-/news-red-kite-released-after-shot-bird-was-rescued,05b6f5e7-da9a-4794-b842-8aa6fd6e9e8b
5808,102058,County Durham,England,Persecution (Other),March,2021,NY91,Species involved: Hen Harrier x1,https://raptorpersecutionuk.org/2022/08/25/hen-harriers-wings-removed-its-satellite-tag-fitted-to-a-crow-in-sick-ploy-to-disguise-the-crime/,1cc6daaa-31c6-4384-b5a8-89fff486aaa6
5809,102070,Angus,Scotland,Trapping,March,2021,NO26,Species targeted: Birds of Prey,No Link,78f7d69e-2b1a-46ae-a3f0-0f5e72407ea3
5810,102071,Aberdeenshire,Scotland,Poisoning,March,2021,NO29,Species targeted: Birds of Prey. Species involved: poison bait (Rabbit Bait x1). Tested positive for: Withheld,No Link,5c825ae8-dd45-403c-89f1-8673f4f74ebf
5811,102073,Aberdeenshire,Scotland,Poisoning,March,2021,NO29,Species Involved: Golden Eagle x1; poison bait (Hare Bait). Tested positive for: Withheld,https://www.scotland.police.uk/what-s-happening/news/2021/may/officers-are-continuing-enquiries-into-the-poisoning-of-a-bird-of-prey-found-dead-near-to-crathie-in-aberdeenshire/,17d42f1d-c2d4-4fa9-81bf-443423da6f1c
5812,102104,Wrexham,Wales,Poisoning,February,2021,SJ13,Species involved: Red Kite x1. Tested positive for: Bendiocarb,https://community.rspb.org.uk/ourwork/b/investigations/posts/gamekeeper-fined-for-pesticide-offences-after-shot-and-poisoned-birds-of-prey-found-on-pheasant-shooting-estate-in-llanarmon-dyffryn-ceiriog-,ba22c26c-9032-473c-b67c-e14d38b65d79
5813,102172,Gloucestershire,England,Poisoning,January,2021,ST79,"Species involved: Buzzard x4, Raven x11. Tested positive for: Bendiocarb",No Link,cf774439-727f-451f-b6b2-fd082772450c
5814,102173,Belfast County Borough,Northern Ireland,Poisoning,March,2021,J37,"Species involved: Peregrine Falcon x1. Tested positive for: Aldicarb, Carbofuran",https://www.nwcu.police.uk/news/wildlife-crime-press-coverage/police-confirm-peregrine-falcon-poisoned-in-belfast/,7e58931b-4679-444e-ab89-8b65330568c9
5815,102222,Angus,Scotland,Shooting,May,2021,NO25,Species involved: Buzzard x1,No Link,1ed760a3-513d-4fbe-b7b0-618de80bf294
5816,102252,Highland,Scotland,Shooting,July,2021,NH63,Species involved: Goshawk x1,https://raptorpersecutionuk.org/2021/07/23/goshawk-found-shot-dead-in-notorious-persecution-hotspot-in-scotland/,bcdba725-1793-4899-afd2-c38af52130f0
5817,102253,Fife,Scotland,Shooting,July,2021,NT28,Species involved: Peregrine Falcon x1,https://www.scottishspca.org/news/peregrine-falcon-shot-near-kirkcaldy,b5d93709-fea7-4ba1-9e39-841cf2d1eb6f
5818,102256,Norfolk,England,Poisoning,August,2021,TL78,Species targeted: Birds of Prey. Species involved: poison bait (Pheasant Bait x1). Tested positive for: Strychnine,https://www.rspb.org.uk/about-the-rspb/about-us/media-centre/press-releases/gamekeeper-escapes-jail-after-killing-birds-of-prey/,6ce20ed6-093e-4d09-8543-3c643b0a80ef
5819,102264,Highland,Scotland,Trapping,Withheld,2021,NH92,Species targeted: Birds of Prey,No Link,ca1ab5df-3a8c-4cde-b348-f4700898d746
5820,102306,North Yorkshire,England,Poisoning,March,2021,SE17,"Species involved: Red Kite x1. Tested positive for: Bendiocarb, Carbofuran, Isofenphos",No Link,5dd80599-e713-4a79-980d-8d6b1da464df
5821,102316,North Yorkshire,England,Poisoning,March,2021,SE16,"Species involved: Red Kite x1. Tested positive for: Alphachloralose, Brodifacoum, Bendiocarb, Carbofuran, Isofenphos",No Link,eb281d63-ad92-42f6-be52-593f751ad293
5822,102369,Leicestershire,England,Shooting,May,2021,SP69,Species involved: Peregrine Falcon x1,https://www.bbc.co.uk/news/uk-england-leicestershire-57029705,dbc6e963-3952-444b-bea8-c2aa559703c3
5823,102386,County Durham,England,Shooting,February,2021,NZ44,Species involved: Tawny Owl x1,No Link,0bf96f7c-819e-42fb-9fcf-18a82b211f24
5824,102477,Norfolk,England,Persecution (Other),September,2021,TL78,Species targeted: Birds of Prey. Possession of: Strychnine,https://www.rspb.org.uk/about-the-rspb/about-us/media-centre/press-releases/gamekeeper-escapes-jail-after-killing-birds-of-prey/,0da2b43c-b46e-4c86-8c18-6bd77c4b9542
5825,102479,Norfolk,England,Shooting,August,2021,TL78,Species involved: Goshawk x1,https://www.rspb.org.uk/about-the-rspb/about-us/media-centre/press-releases/gamekeeper-escapes-jail-after-killing-birds-of-prey/,a782f300-d24c-4643-a1d5-71eb25437174
5826,102480,Norfolk,England,Shooting,August,2021,TL78,Species involved: Buzzard x1,https://www.rspb.org.uk/about-the-rspb/about-us/media-centre/press-releases/gamekeeper-escapes-jail-after-killing-birds-of-prey/,013e625b-0d17-428b-9be0-21870073cc19
5827,102481,Norfolk,England,Shooting,August,2021,TL78,Species involved: Buzzard x1,https://www.rspb.org.uk/about-the-rspb/about-us/media-centre/press-releases/gamekeeper-escapes-jail-after-killing-birds-of-prey/,531fd4e2-2fd6-4d69-b40c-65ca9f8e4b1a
5828,102482,Norfolk,England,Shooting,August,2021,TL78,Species involved: Buzzard x1,https://www.rspb.org.uk/about-the-rspb/about-us/media-centre/press-releases/gamekeeper-escapes-jail-after-killing-birds-of-prey/,11b84f50-bbe1-4457-8ee6-c7485b6e9895
5829,102483,Norfolk,England,Shooting,August,2021,TL78,Species involved: Buzzard x1,https://www.rspb.org.uk/about-the-rspb/about-us/media-centre/press-releases/gamekeeper-escapes-jail-after-killing-birds-of-prey/,648daaff-3f2b-4682-810b-8970b33eb02f
5830,102484,Norfolk,England,Shooting,August,2021,TL78,Species involved: Buzzard x1,https://www.rspb.org.uk/about-the-rspb/about-us/media-centre/press-releases/gamekeeper-escapes-jail-after-killing-birds-of-prey/,fbeb1cac-b9e6-4729-acf0-03b36e854e9b
5831,102518,Somerset & Avon,England,Nest Destruction,April,2021,ST75,Species targeted: Kestrel nest,No Link,036c2fc2-94cf-4c70-9e11-f038c99a569f
5832,102527,Cambridgeshire,England,Shooting,January,2021,TL64,Species involved: Buzzard x1,https://www.nwcu.police.uk/news/wildlife-crime-press-coverage/buzzard-found-shot-in-horseheath-cambridgeshire/,9e1ff057-9312-480d-8a39-784ec7c8119b
5833,102539,Highland,Scotland,Shooting,September,2021,NH83,Species involved: Sparrowhawk x1,No Link,dd33d244-15e8-45ee-9e7a-db766f66da7a
5834,102544,North Yorkshire,England,Shooting,May,2021,SE63,Species involved: Peregrine Falcon x1,https://raptorpersecutionscotland.wordpress.com/2021/05/20/peregrine-found-critically-injured-with-shotgun-injuries-in-north-yorkshire/,fe73488b-fb9f-4082-8190-409c1c82219c
5835,102582,Kent,England,Trapping,June,2021,TR06,Species involved: Barn Owl x1,No Link,3acc0086-c5f7-49d9-a4c6-dab9a8143129
5836,102614,West Sussex,England,Poisoning,October,2021,SU91,Species targeted: Birds of Prey. Species involved: White-tailed Eagle x1. Tested positive for: Bendiocarb,No Link,c00565b7-7c46-4709-aa78-98f0e4f0abd1
5837,102622,County Durham,England,Shooting,April,2021,NY82,Species involved: Short-eared Owl x1,https://raptorpersecutionscotland.wordpress.com/2021/10/20/short-eared-owl-confirmed-shot-in-teesdale-grouse-moor-area-where-two-short-eared-owls-previously-found-shot/ ; https://www.thenorthernecho.co.uk/news/19658654.short-eared-owl-shot-killed-teesdale/,47bcf91f-4b26-4068-9963-f2114d12a9e3
5838,102623,North Yorkshire,England,Poisoning,January,2021,SE17,"Species involved: Red Kite x1. Tested positive for: Alphachloralose, Brodifacoum, Bendiocarb, Carbofuran, Isofenphos",No Link,62502ffe-99e5-4836-8ac3-fcf301810de2
5839,102624,North Yorkshire,England,Poisoning,January,2021,SE17,"Species targeted: Birds of Prey. Species involved: Buzzard x1. Tested positive for: Alphachloralose, Bendiocarb, Carbofuran",No Link,042b84f2-8975-40a7-8b05-4a773bec2388
5840,102635,Cleveland,England,Poisoning,February,2021,NZ61,Species involved: Buzzard x1. Tested positive for: Aldicarb,No Link,69089fd3-80b6-417f-87c0-180e5f19b70e
5841,102661,Buckinghamshire,England,Shooting,August,2021,SP72,Species involved: Peregrine Falcon x1,https://www.birdguides.com/news/peregrine-shot-in-buckinghamshire/,f7e38009-dffb-4b66-a269-8b64f271dcae
5842,102687,West Sussex,England,Poisoning,October,2021,SU91,Species targeted: Birds of Prey. Species involved: Dog x1. Tested positive for: Bendiocarb,No Link,0de11778-3ffd-4c8f-9d25-1a7999150463
5843,102719,Highland,Scotland,Poisoning,May,2021,NJ03,Species Involved: Red Kite x1; poison bait (Other x1). Tested positive for: Bendiocarb,No Link,3ab8265e-5111-4baa-a9c8-1de1537dedbc
5844,102730,Perth and Kinross,Scotland,Trapping,April,2021,NN82,Species targeted: Birds of Prey,No Link,d1b1f948-a2b1-4bc3-91a1-b9dc49800520
5845,102731,Wrexham,Wales,Shooting,September,2021,SJ13,Species involved: Buzzard x1,https://community.rspb.org.uk/ourwork/b/investigations/posts/gamekeeper-fined-for-pesticide-offences-after-shot-and-poisoned-birds-of-prey-found-on-pheasant-shooting-estate-in-llanarmon-dyffryn-ceiriog-,86b04156-360b-47ea-9dfb-652d70de597a
5846,102733,Wrexham,Wales,Poisoning,October,2021,SJ13,Species targeted: Birds of Prey. Species involved: poison bait (Pheasant Bait x1). Tested positive for: Bendiocarb,https://community.rspb.org.uk/ourwork/b/investigations/posts/gamekeeper-fined-for-pesticide-offences-after-shot-and-poisoned-birds-of-prey-found-on-pheasant-shooting-estate-in-llanarmon-dyffryn-ceiriog-,b9c89cfc-9212-453d-82d7-a5ba734a6deb
5847,102783,Essex,England,Shooting,November,2021,TL70,Species involved: Red Kite x1,https://raptorpersecutionscotland.wordpress.com/2021/11/21/update-on-shot-red-kite-in-essex/,afa6bc4b-7964-4513-8818-154e07261a48
5848,102890,Shropshire,England,Trapping,September,2021,SO78,Species involved: Buzzard x1,https://raptorpersecutionuk.org/2021/10/04/buzzard-caught-in-primitive-illegal-trap-set-inside-pheasant-pen-in-shropshire/,58abe647-199d-41b6-a0b3-2407b99f7a70
5849,102892,Northumberland,England,Poisoning,February,2021,NZ06,Species involved: Red Kite x1. Tested positive for: Carbofuran,No Link,812f35e8-1a11-49f5-be6a-e24a33f6bcda
5850,102893,County Durham,England,Poisoning,February,2021,NZ05,"Species involved: Red Kite x1. Tested positive for: Bendiocarb, Carbofuran",No Link,828d0f9d-a7ff-453b-8b08-bd4a71f83420
5851,102911,County Durham,England,Persecution (Other),November,2021,NZ04,Species involved: Red Kite x1,No Link,4a6b2474-d5de-4558-bdc4-f86014505088
5852,102925,North Yorkshire,England,Shooting,November,2021,SE06,Species involved: Red Kite x1,No Link,2552dd93-8b6d-4a52-93c7-9fc614fa316f
5853,102962,East Lothian,Scotland,Poisoning,April,2021,NT46,"Species targeted: Birds of Prey. Species involved: Raven x1. Tested positive for: Carbofuran, Isofenphos",No Link,fb871664-ab71-4f1f-bd4b-dda02816d289
5854,102974,South Yorkshire,England,Shooting,March,2021,SE10,Species involved: Buzzard x1,No Link,a485affc-b712-48f8-9fff-3b59eb409f1a
5855,102985,Flintshire,Wales,Poisoning,September,2021,SJ26,"Species Involved: Buzzard x1; poison bait (Pheasant Bait x1). Tested positive for: Bendiocarb, Bendiocarb",No Link,01def767-3297-4753-9075-8550dcd8958c
5856,103011,Derbyshire,England,Poisoning,January,2021,SK26,"Species targeted: Birds of Prey. Species involved: Dog x1, Non-bird x1; poison bait (Rabbit Bait x1). Tested positive for: Aldicarb",No Link,be06ca27-5dc9-421a-b810-c9fbc0a9b0c6
5857,103030,Edinburgh City,Scotland,Shooting,December,2021,NT17,Species involved: Buzzard x1,No Link,51cdcac0-3daa-4b72-9f91-80fee2cf825f
5858,103072,Derbyshire,England,Poisoning,March,2021,SK46,Species involved: Buzzard x2. Tested positive for: Alphachloralose,No Link,b116c3f7-0f81-4d72-a0ac-606b227a5f3b
5859,103078,South Yorkshire,England,Shooting,March,2021,SE51,Species involved: Buzzard x1,No Link,3a955d2d-0f50-4f23-9d08-3dbe6b32f740
5860,103129,Wiltshire,England,Shooting,July,2021,SU08,Species involved: Peregrine Falcon x1,No Link,3bac9b1a-512d-4a83-a0f9-75cf78953677
5861,103211,Shropshire,England,Trapping,October,2021,SJ20,Species involved: Buzzard x1,No Link,06fe7228-ee35-4c31-b54f-e6cc520bb81d
5862,103212,Shropshire,England,Trapping,October,2021,SO29,Species involved: Buzzard x3,No Link,00c03c79-0121-4497-880b-5021978d9d9e
5863,103213,Shropshire,England,Trapping,October,2021,SJ20,Species involved: Buzzard x2,No Link,14864b64-83a0-47e0-b215-489a8d4aa5b3
5864,103214,Shropshire,England,Trapping,October,2021,SO29,Species involved: Buzzard x1,No Link,41286d59-b76d-46e1-9499-a636e714b861
5865,103215,Shropshire,England,Trapping,October,2021,SO29,Species involved: Buzzard x1,No Link,229d991c-9fb0-4b47-99c3-d0c67bd105f3
5866,103306,Hampshire,England,Shooting,March,2021,SU46,Species involved: Barn Owl x1,No Link,01aa72ea-8c1c-48b6-b116-1ebddb1809c9
5867,103320,Bedfordshire,England,Poisoning,January,2021,SP92,Species targeted: Birds of Prey. Species involved: Dog x1. Tested positive for: Strychnine,https://www.bedfordshirelive.co.uk/news/bedfordshire-news/dog-dies-owners-arms-after-4984919,2541202e-d626-406c-8301-0731883a86ea
5868,103344,Ceredigion,Wales,Poisoning,April,2021,SN69,Species involved: Red Kite x1. Tested positive for: Fenthion,No Link,fa32c84d-a11f-41d0-a599-9ddefcef1d22
5869,103451,Kent,England,Shooting,November,2021,TQ46,Species involved: Falcons x1,No Link,9e4aaa47-0ceb-4d23-9d12-4eb414323a8b
5870,103528,Wrexham,Wales,Trapping,August,2021,SJ24,Species targeted: Birds of Prey,No Link,9828d997-87cc-4c4a-877b-1e71e2f5ef0e
5871,103577,North Yorkshire,England,Poisoning,November,2021,SE17,"Species targeted: Birds of Prey. Species involved: Red Kite x1. Tested positive for: Alphachloralose, Bendiocarb, Carbofuran, Isofenphos",No Link,dbd82d56-c30c-40f8-96b6-f2cf4a454628
5872,103580,Herefordshire,England,Poisoning,August,2021,SO42,"Species Involved: Buzzard x1; poison bait (Rabbit Bait x2). Tested positive for: Bendiocarb, Carbofuran",No Link,465dc874-0b4f-4b2a-b5de-78f88b5deac3
5873,103594,Staffordshire,England,Shooting,July,2021,SK12,Species involved: Goshawk x1,https://www.birdguides.com/news/goshawk-shot-in-staffordshire/,b56e0d20-0e73-4efb-bf3e-3a548cc59cd9
5874,103613,Norfolk,England,Shooting,September,2021,TL78,Species involved: Buzzard x1,https://www.rspb.org.uk/about-the-rspb/about-us/media-centre/press-releases/gamekeeper-escapes-jail-after-killing-birds-of-prey/,a2ca1ed3-644a-4ecc-9912-dfc1e80cd848
5875,103614,Norfolk,England,Poisoning,September,2021,TL78,Species involved: Buzzard x1. Tested positive for: Strychnine,https://www.rspb.org.uk/about-the-rspb/about-us/media-centre/press-releases/gamekeeper-escapes-jail-after-killing-birds-of-prey/,e028de4b-ea7c-461c-bbaa-4ea55dddd98e
5876,103615,Norfolk,England,Poisoning,September,2021,TL78,Species targeted: Birds of Prey. Species involved: poison bait (Pheasant Bait x1). Tested positive for: Strychnine,https://www.rspb.org.uk/about-the-rspb/about-us/media-centre/press-releases/gamekeeper-escapes-jail-after-killing-birds-of-prey/,3d6faca5-b01e-4ea1-b770-e35c140d122d
5877,103616,Norfolk,England,Poisoning,September,2021,TL78,Species targeted: Birds of Prey. Species involved: poison bait (Pheasant Bait x1). Tested positive for: Strychnine,https://www.rspb.org.uk/about-the-rspb/about-us/media-centre/press-releases/gamekeeper-escapes-jail-after-killing-birds-of-prey/,e91d6a10-bfa3-48fc-8b1e-1c2369f23616
5878,103617,Herefordshire,England,Persecution (Other),August,2021,SO42,"Species targeted: Birds of Prey, Goshawk",No Link,81117780-3ca1-47d8-a2bf-aa80ea230848
5879,103663,North Yorkshire,England,Poisoning,November,2021,SE06,Species involved: Red Kite x1. Tested positive for: Bendiocarb,No Link,0efabd22-36d5-49bc-af27-479b23bfd164
5880,103664,Herefordshire,England,Poisoning,August,2021,SO42,Species targeted: Birds of Prey. Species involved: poison bait (Pheasant Bait x1). Tested positive for: Bendiocarb,No Link,d7b5a79e-8aa6-49d7-829b-314ffcc23c2c
5881,103727,Dumfries and Galloway,Scotland,Shooting,May,2021,NX77,Species involved: Red Kite x1,No Link,88d32113-6913-4c6b-8d4d-762c89f7267c
5882,103728,Western Isles,Scotland,Poisoning,August,2021,NB11,"Species Involved: White-tailed Eagle x1, Golden Eagle x2; poison bait (Sheep x1). Tested positive for: Withheld",No Link,9fa2fb27-d53f-4c6f-a602-91a4ad2df28a
5883,103729,Western Isles,Scotland,Poisoning,August,2021,NB24,Species involved: Golden Eagle x2. Tested positive for: Withheld,No Link,f0f32ad1-cf2d-4524-b462-8b6a207b949b
5884,103759,Dorset,England,Persecution (Other),March,2021,SU01,Species involved: Buzzard x1,No Link,e86e255a-7d8d-4e63-9650-4f377e08810f
5885,103761,Dorset,England,Persecution (Other),March,2021,SU01,Species involved: Buzzard x1,No Link,62dc0596-fe3e-4f63-94d5-d0a1ea543456
5886,103762,Dorset,England,Persecution (Other),Withheld,2021,SU01,Species involved: Buzzard x1,No Link,1b04ee8d-5c18-4639-9f0c-c98daf07757e
5887,103765,Powys,Wales,Poisoning,May,2021,SO06,Species involved: Buzzard x1. Tested positive for: Alphachloralose,No Link,d10f1ab4-acd0-4823-8eff-274ed34dec5d
5888,103854,Lincolnshire,England,Trapping,Withheld,2021,TF27,Species targeted: Birds of Prey,No Link,c2f6b171-a128-41b3-ae2e-50cc27218988
5889,106247,East Riding of Yorkshire,England,Shooting,November,2021,TA32,Species involved: Buzzard x1,#N/A,0b393b65-fb3c-4c2c-a7a1-fda2f33eb8e4
5890,103150,South Yorkshire,England,Persecution (Other),February,2022,SK29,Species involved: Hen Harrier x1,No Link,14729bc9-d9a1-4244-8dbe-62cd156d4783
5891,103189,Dorset,England,Poisoning,January,2022,SU01,Species involved: White-tailed Eagle x1. Tested positive for: Brodifacoum,#N/A,fad96e06-1c21-4130-a8e9-081b8665cfe3
5892,103241,Denbighshire,Wales,Trapping,March,2022,SJ24,Species targeted: Goshawk,No Link,7bd2a543-cd6f-4b27-b254-a08488051508
5893,103244,Aberdeenshire,Scotland,Shooting,February,2022,NJ70,Species involved: Red Kite x1,No Link,41f56a36-71dd-49fa-975d-0e5d3352b6ef
5894,103274,Merthyr Tydfil,Wales,Trapping,March,2022,ST09,Species targeted: Birds of Prey,No Link,604bc938-7892-4337-98da-e10c45c4f141
5895,103280,Norfolk,England,Trapping,March,2022,TG04,Species involved: Buzzard x1,No Link,ff31de86-87f7-4921-b6d8-ecece4cd4b16
5896,103294,Perth and Kinross,Scotland,Persecution (Other),April,2022,NN93,"Species targeted: Birds of Prey, Hen Harrier, Goshawk, Sparrowhawk, Buzzard, Peregrine Falcon, Carrion Crow, Raven",No Link,25c3c440-6297-4f04-9caf-cab057cb7c5e
5897,103355,Wiltshire,England,Shooting,April,2022,SU26,Species involved: Red Kite x1,https://raptorpersecutionuk.org/2022/06/18/red-kite-shot-in-wiltshire-police-appeal-for-information/,84a8e9e6-9170-4876-9f28-0fed6ce7d367
5898,103374,Norfolk,England,Trapping,April,2022,TL89,Species involved: Goshawk x1,https://www.birdguides.com/news/goshawk-trapped-in-suspected-persecution-case-on-norfolk-estate/,11fdd9c5-3a89-4521-90ea-ca4e797d0711
5899,103375,Norfolk,England,Trapping,April,2022,TF70,"Species targeted: Birds of Prey, Goshawk",https://www.birdguides.com/news/goshawk-trapped-in-suspected-persecution-case-on-norfolk-estate/,89969080-4a63-4fb4-b5f2-f1b0de6793c7
5900,103376,Norfolk,England,Trapping,April,2022,TL89,Species targeted: Goshawk,https://www.birdguides.com/news/goshawk-trapped-in-suspected-persecution-case-on-norfolk-estate/,0395353f-5d72-438f-8f54-bdb01bc21d21
5901,103378,Cleveland,England,Shooting,April,2022,NZ52,Species involved: Buzzard x1,No Link,26325b00-8508-420d-918c-c8ef72109c84
5902,103450,Kent,England,Shooting,January,2022,TQ64,Species involved: Peregrine Falcon x1,No Link,61bb6799-e023-4c42-a47f-00dbbf22da2f
5903,103455,North Yorkshire,England,Shooting,January,2022,SE85,Species involved: Buzzard x1,No Link,03149d40-746c-40d6-96a4-fb6da96b492e
5904,103456,North Yorkshire,England,Shooting,February,2022,SE86,Species involved: Buzzard x1,No Link,b31c76ae-fa36-4afa-b959-9b69972b5dd3
5905,103546,County Durham,England,Persecution (Other),May,2022,NZ04,Species targeted: Birds of Prey,No Link,251f7014-160d-47e5-bbc5-13c8bdcb1a69
5906,103634,Suffolk,England,Shooting,March,2022,TM27,Species involved: Peregrine Falcon x1,https://raptorpersecutionuk.org/2022/05/16/peregrine-suffers-appalling-injuries-after-being-being-shot-trapped-in-suffolk/,2dccf64d-a1a3-420a-8979-58fc419b313f
5907,103639,Derbyshire,England,Shooting,March,2022,SK22,"Species involved: Buzzard x1, Magpie x1",https://raptorpersecutionuk.org/2022/05/25/buzzard-shot-injured-in-south-derbyshire-police-appeal-for-information/,c41256d0-3c6d-4f07-9e1c-4109c8fb9779
5908,103654,Cumbria,England,Persecution (Other),April,2022,NY70,Species involved: Hen Harrier x1,https://naturalengland.blog.gov.uk/2023/05/05/the-death-of-free-a-natural-england-tagged-hen-harrier/,36f14603-0d1f-4724-86f5-e567122688cd
5909,103706,Powys,Wales,Shooting,July,2022,SJ01,Species involved: Goshawk x1,No Link,fe60d657-1492-4f2e-8d9e-0faa15aa031a
5910,103739,South Yorkshire,England,Shooting,April,2022,SE61,Species involved: Sparrowhawk x1,https://www.bbc.co.uk/news/uk-england-south-yorkshire-61604042,8547fa98-3255-43ba-b719-cf7e6002e479
5911,103750,Flintshire,Wales,Persecution (Other),February,2022,SJ26,Species targeted: Birds of Prey. Possession of: Bendiocarb,No Link,8ca4908b-6859-4c7f-b0f8-cf59c626a1ed
5912,103763,Lincolnshire,England,Poisoning,January,2022,TF27,Species involved: Buzzard x1. Tested positive for: Alphachloralose,https://www.birdguides.com/news/lincolnshire-police-investigates-suspected-bird-of-prey-poisonings/,787fa683-f63e-4602-a078-250969c3f8ee
5913,103852,Lincolnshire,England,Persecution (Other),October,2022,TF27,Species targeted: Birds of Prey. Possession of: Alphachloralose,No Link,c52fef2c-0db3-407f-a3bb-f827e75bd499
5914,103853,Lincolnshire,England,Trapping,Withheld,2022,TF27,Species targeted: Birds of Prey,No Link,aabc84cc-b8df-4abc-8bb3-9f30968538a9
5915,103862,North Yorkshire,England,Shooting,August,2022,SD96,Species involved: Red Kite x1,No Link,1335b6d1-a490-4b98-a353-cd4b7b155ad3
5916,103997,Shropshire,England,Persecution (Other),October,2022,SJ50,Species targeted: Birds of Prey. Possession of: Bendiocarb,No Link,02df2e51-b4e9-4823-beae-2abf1ddbea7c
5917,104001,County Durham,England,Shooting,October,2022,NY94,Species involved: Red Kite x1,https://www.birdguides.com/news/red-kite-found-shot-and-poisoned-in-co-durham/,21a4918c-47fe-4309-8346-4ba1a104bb3f
5918,104015,Norfolk,England,Persecution (Other),April,2022,TL89,Species targeted: Sparrowhawk,https://raptorpersecutionuk.org/2023/10/13/two-gamekeepers-due-in-court-after-police-investigation-on-van-cutsems-hilborough-estate-in-norfolk/,3ade722d-d81e-422b-9850-164498d3169c
5919,104016,Norfolk,England,Trapping,Withheld,2022,TL78,Species involved: Buzzard x1,No Link,3f23bdbd-96fb-47f8-8512-a3652bb4944e
5920,104041,North Yorkshire,England,Poisoning,April,2022,SE68,Species involved: Red Kite x1. Tested positive for: Bendiocarb,No Link,f57e1e3b-d647-4bb2-ac36-f4285c0e3b54
5921,104056,North Yorkshire,England,Shooting,October,2022,SE66,Species involved: Buzzard x1,No Link,0d06d1ba-5d39-439e-8136-a18f43c1dcab
5922,104059,South Yorkshire,England,Shooting,June,2022,SK29,Species involved: Short-eared Owl x1,https://community.rspb.org.uk/ourwork/b/investigations/posts/short-eared-owl-shot-on-moor-an-eyewitness-account,0495e3ab-7451-4fa5-9dba-a78b2a668bf0
5923,104061,South Yorkshire,England,Poisoning,March,2022,SE10,Species involved: Buzzard x1. Tested positive for: Alphachloralose,No Link,50ba45ff-c3ac-4e93-84eb-1ea3aa0e6020
5924,104070,North Yorkshire,England,Persecution (Other),June,2022,SD78,Species involved: Hen Harrier x1,https://www.northyorkshire.police.uk/news/north-yorkshire/news/appeals/2022/12-december/hen-harrier-nest-investigation---police-appeal-for-information/,c8bf13c2-fc1a-4b6e-bf91-ec695a0bb8b5
5925,104071,Cumbria,England,Shooting,December,2022,NY73,Species involved: Hen Harrier x1,No Link,351404e0-b323-4948-a936-45000e00ec74
5926,104074,West Yorkshire,England,Persecution (Other),March,2022,SE33,"Species targeted: Birds of Prey. Possession of: Bendiocarb, Bromadiolone",No Link,5f120e51-8c1b-4b97-ae57-9a50b5e7ef29
5927,104085,Wrexham,Wales,Poisoning,October,2022,SJ23,Species involved: Buzzard x1. Tested positive for: Bendiocarb,No Link,aa364940-cc4d-4d42-92ca-d025497d9991
5928,104095,Suffolk,England,Shooting,September,2022,TL87,Species involved: Goshawk x1,https://www.bbc.co.uk/news/uk-england-suffolk-66055112,8f378d3c-4103-4ac5-8263-96b1a8408227
5929,104096,Suffolk,England,Shooting,September,2022,TL87,Species involved: Goshawk x1,https://www.bbc.co.uk/news/uk-england-suffolk-66055112,4b1ff589-c160-4ff3-a249-110792367392
5930,104097,Suffolk,England,Shooting,September,2022,TL87,Species involved: Goshawk x1,https://www.bbc.co.uk/news/uk-england-suffolk-66055112,66269add-0738-4b92-97db-2be0b166c107
5931,104098,Suffolk,England,Shooting,September,2022,TL87,Species involved: Goshawk x1,https://www.bbc.co.uk/news/uk-england-suffolk-66055112,f6b4542a-85e5-4f28-8251-e7b92644b2ce
5932,104099,Suffolk,England,Shooting,September,2022,TL87,Species involved: Goshawk x1,https://www.bbc.co.uk/news/uk-england-suffolk-66055112,5e0d5c74-54e0-451f-a3a1-995259f7b5af
5933,104109,Bridgend,Wales,Poisoning,August,2022,SS98,"Species Involved: Buzzard x2; poison bait (Pigeon (Feral) Bait x1). Tested positive for: Bendiocarb, Bendiocarb, Bendiocarb, Carbofuran",https://raptorpersecutionuk.org/2023/03/09/two-poisoned-buzzards-found-dead-next-to-poisoned-bait-in-wales-appeal-for-information-comes-7-months-later/,2bda00b2-a133-4ae8-a1ac-248baa21fb90
5934,104128,East Ayrshire,Scotland,Poisoning,June,2022,NS43,"Species involved: Peregrine Falcon x2. Tested positive for: Carbofuran, Withheld",No Link,6074a82b-6b52-4307-a469-9200cd2eec22
5935,104164,County Durham,England,Poisoning,October,2022,NY94,"Species involved: Red Kite x1. Tested positive for: Bendiocarb, Carbofuran",https://www.birdguides.com/news/red-kite-found-shot-and-poisoned-in-co-durham/,ae83d88c-6b26-4776-90eb-f6447df36c61
5936,104202,Renfrewshire,Scotland,Shooting,April,2022,NS35,Species involved: Sparrowhawk x1,https://www.scottishspca.org/news/appeal-for-information-after-sparrowhawk-shot-in-lochwinnoch,d94d9ff9-3607-48af-8a79-44405e78c3f1
5937,104227,Powys,Wales,Shooting,July,2022,SN98,Species involved: Red Kite x1,No Link,61eb293a-9d82-4275-9a06-4e3122243113
5938,104302,Down,Northern Ireland,Poisoning,July,2022,J46,"Species involved: Peregrine Falcon x1, Laridae (Gulls &amp; Terns) x1. Tested positive for: Carbofuran",No Link,ca8c2406-0daf-44f2-851a-d3d906a6a908
5939,104303,Antrim,Northern Ireland,Poisoning,July,2022,J19,Species involved: Peregrine Falcon x1. Tested positive for: Carbofuran,No Link,a23ccc2e-4345-4e15-8aa5-7c41ba19ff49
5940,104326,Essex,England,Shooting,September,2022,TQ59,Species involved: Red Kite x1,https://raptorpersecutionuk.org/2022/09/07/red-kite-reported-shot-in-essex-police-appeal-for-information/,ac44f1ad-0413-4dca-9b26-b7a58fd5c4a2
5941,104327,Northumberland,England,Shooting,October,2022,NY95,Species involved: Red Kite x1,No Link,53d22e3a-e74c-4610-9831-5faa5f69ae8d
5942,104328,Carmarthenshire,Wales,Poisoning,September,2022,SN61,"Species involved: Buzzard x2. Tested positive for: Bendiocarb, Bendiocarb, Bendiocarb",No Link,ffeef800-700b-4e6a-8233-cf93548879c8
5943,104337,Cumbria,England,Shooting,December,2022,NY74,Species involved: Hen Harrier x1,No Link,35a34c7d-9afb-413f-9ff6-32216e22071d
5944,104341,Gloucestershire,England,Shooting,March,2022,SO60,Species involved: Goshawk x1,https://www.nwcu.police.uk/news/wildlife-crime-press-coverage/two-birds-of-prey-found-dead-in-forest-of-dean/,fdcf33c5-cbb2-4b29-a459-e5132904e0ab
5945,104344,North Yorkshire,England,Shooting,Withheld,2022,SE98,Species involved: Buzzard x1,No Link,2e7723c7-610e-4c25-9dff-df86aaa5f70a
5946,104345,North Yorkshire,England,Trapping,June,2022,SE49,Species involved: Tawny Owl x1,No Link,122884df-2015-4400-a4f6-9dc80fafbdf5
5947,104346,Herefordshire,England,Shooting,June,2022,SO36,Species involved: Peregrine Falcon x1,No Link,970a8c3b-bf91-41e5-ba93-f1879325ce90
5948,104403,Shropshire,England,Poisoning,September,2022,SJ50,Species targeted: Birds of Prey. Species involved: poison bait (Pheasant Bait x2). Tested positive for: Permethrin,https://raptorpersecutionuk.org/2023/08/03/no-prosecution-after-police-investigate-gamekeeper-for-allegations-relating-to-poisoned-baits-at-a-pheasant-release-pen-in-shropshire/,65e2aecc-0c19-4a0e-aede-1a131a0df0b6
5949,104474,Cambridgeshire,England,Shooting,August,2022,TL17,Species involved: Buzzard x1,No Link,6c548841-607f-411b-a7c1-4bd26635fc4d
5950,104478,Oxfordshire,England,Trapping,January,2022,SP50,Species involved: Barn Owl x1,No Link,5ecb460f-291d-4bdf-8638-9e1ca08a2158
5951,104485,North Yorkshire,England,Persecution (Other),June,2022,SD78,Species involved: Hen Harrier x1,https://www.northyorkshire.police.uk/news/north-yorkshire/news/appeals/2022/12-december/hen-harrier-nest-investigation---police-appeal-for-information/,a5dc7cbe-795c-4b12-a783-81b55ad52b9e
5952,104486,North Yorkshire,England,Persecution (Other),June,2022,SD78,Species involved: Hen Harrier x1,https://www.northyorkshire.police.uk/news/north-yorkshire/news/appeals/2022/12-december/hen-harrier-nest-investigation---police-appeal-for-information/,8173c072-93a1-4fb7-8dff-2e5faffbd39b
5953,104487,North Yorkshire,England,Persecution (Other),June,2022,SD78,Species involved: Hen Harrier x1,https://www.northyorkshire.police.uk/news/north-yorkshire/news/appeals/2022/12-december/hen-harrier-nest-investigation---police-appeal-for-information/,2826b307-d4ab-4f75-abe6-e1587326ed1e
5954,104503,Down,Northern Ireland,Poisoning,November,2022,J24,Species involved: Red Kite x1. Tested positive for: Alphachloralose,No link,daeab702-eb6d-4c7a-8e84-263fbe66dd06
5955,104711,Derbyshire,England,Shooting,November,2022,SK26,Species involved: Goshawk x1,No Link,9b8ef4dd-5d45-471d-9f90-85d325da7375
5956,104986,Ceredigion,Wales,Shooting,April,2022,Unknown/Withheld,Species involved: Red Kite x1,No Link,7f7a1a8c-e362-4bb4-ac90-23c3ad2cb83d
5957,105186,Derbyshire,England,Shooting,November,2022,SK26,Species involved: Goshawk x1,No Link,80028d28-41d0-416b-9720-9e01419a36ef
5958,105618,Lincolnshire,England,Trapping,Withheld,2022,TF27,Species involved: Buzzard x1,#N/A,2a59d3b9-44c2-4ba5-b068-a993ad88f769
5959,105619,Lincolnshire,England,Trapping,October,2022,TF27,Species involved: Buzzard x1,#N/A,0b24b925-8a7f-4cf7-bc2d-d174fdde91c9
5960,105620,Lincolnshire,England,Trapping,Withheld,2022,TF27,Species involved: Sparrowhawk x1,#N/A,479adc75-dbf2-4e5b-8bc9-28c59de39efc
5961,105870,North Yorkshire,England,Poisoning,May,2022,SE99,Species targeted: Birds of Prey. Species involved: Dog x2; poison bait (Lamb x1). Tested positive for: Pentobarbital,#N/A,3f567011-8b99-45bf-998a-d8b88bb64f13
5962,106183,Highland,Scotland,Nest Destruction,March,2022,NB33,Species targeted: Golden Eagle nest,#N/A,1367789b-a06b-4dad-9be7-ddcc48bf20f7
5963,106184,Highland,Scotland,Nest Destruction,March,2022,NB32,Species targeted: Golden Eagle nest,#N/A,a3031bd7-4d7e-452c-9c0a-32599c14cdfb
5964,106185,Highland,Scotland,Nest Destruction,March,2022,NB31,Species targeted: Golden Eagle nest,#N/A,d86b1fe3-3541-498e-a4b1-e9bb7f46b344
5965,106186,Highland,Scotland,Nest Destruction,March,2022,NB42,Species targeted: White-tailed Eagle nest,#N/A,8e068a1d-bebe-421c-83f4-a9f0d3a4833c
5966,104084,Northumberland,England,Trapping,January,2023,NZ29,Species involved: Tawny Owl x1,No Link,ad3aae14-bbe9-4503-af97-fa865a046c92
5967,104100,Cumbria,England,Shooting,January,2023,NY74,Species involved: Buzzard x1,No Link,ddda9b46-af4a-4007-b179-b5d1121557dc
5968,104104,Essex,England,Shooting,January,2023,TL92,Species involved: Buzzard x1,https://raptorpersecutionuk.org/2023/01/31/shot-buzzard-in-essex-succumbs-to-its-injuries/,ff068e52-c113-4c60-af1f-d653266d3692
5969,104166,Derbyshire,England,Shooting,February,2023,SK09,Species involved: Buzzard x1,No Link,797bde49-06a1-43b3-b670-0be596ddf4f0
5970,104195,County Durham,England,Shooting,March,2023,NZ04,Species involved: Red Kite x1,"Yes, find and add",4ee0252f-7fb8-471d-8b89-dba67b659042
5971,104239,Moray,Scotland,Persecution (Other),April,2023,NJ11,Species targeted: Golden Eagle,No Link,8bbfec42-67a8-4d19-9789-927608a9fd65
5972,104265,Cambridgeshire,England,Shooting,April,2023,TF51,Species involved: Buzzard x1,https://raptorpersecutionuk.org/2023/04/14/buzzard-found-shot-in-head-in-cambridgeshire-garden/,964934a3-a05a-4a93-8cc8-0ca167a69449
5973,104323,Powys,Wales,Shooting,April,2023,SN81,Species involved: Goshawk x1,No Link,899d4156-d98c-4d0d-a521-51377cbe7bc1
5974,104330,Dumfries and Galloway,Scotland,Shooting,June,2023,NS80,Species involved: Red Kite x1,https://www.bbc.co.uk/news/uk-scotland-south-scotland-66000518,31fdc8f4-29ab-4852-8dc0-0ae098dff0bb
5975,104339,Northumberland,England,Shooting,May,2023,NY64,Species involved: Hen Harrier x1,"https://community.rspb.org.uk/ourwork/b/investigations/posts/investigations2023#:~:text=Dagda%2C%20a%20male%20Hen%20Harrier,being%20shot%20with%20a%20shotgun.",3450f34f-68aa-4e58-81a5-b2589c4b0b8d
5976,104343,Greater London,England,Shooting,June,2023,TQ38,Species involved: Buzzard x1,No Link,fa6f2f34-d5e4-4b17-acab-583833461c48
5977,104390,Highland,Scotland,Shooting,March,2023,NH93,Species involved: Red Kite x1,https://www.bbc.co.uk/news/uk-scotland-highlands-islands-65106936,6260b50e-b522-409a-8cf8-4f9f933845ee
5978,104406,Conwy,Wales,Shooting,February,2023,SH97,Species involved: Buzzard x1,No Link,23fc9d6a-9c3a-443d-9a74-249b3fb36c9c
5979,104431,Gloucestershire,England,Poisoning,March,2023,SP00,Species involved: Red Kite x1. Tested positive for: Bendiocarb,No Link,05757a4b-bcd5-4dee-94f5-74b9a8b09e19
5980,104477,North Yorkshire,England,Shooting,September,2023,SE69,Species involved: Buzzard x1,https://www.bbc.co.uk/news/uk-england-york-north-yorkshire-67046215,96f7d120-21c8-48e2-953c-1fc261bfc442
5981,104513,Powys,Wales,Poisoning,April,2023,SN84,"Species Involved: Red Kite x1, Raven x3; poison bait (Lamb). Tested positive for: Diazinon/Dimpylate, Diazinon/Dimpylate, Diazinon/Dimpylate, Diazinon/Dimpylate, Diazinon/Dimpylate, Diazinon/Dimpylate",No Link,43f257e1-1fbd-4b57-aade-bb7308399479
5982,104537,Antrim,Northern Ireland,Poisoning,May,2023,D20,Species involved: White-tailed Eagle x2. Tested positive for: Bendiocarb,https://www.nirsg.com/eagles-found-dead-at-glenwherry-in-antrim-both-poisoned,64cb4176-138c-4358-a4ef-e781f8618127
5983,104574,Monmouthshire,Wales,Shooting,February,2023,SO20,Species involved: Goshawk x1,No Link,3b561695-5490-43fe-94b2-372fb4704117
5984,104579,North Yorkshire,England,Persecution (Other),April,2023,SD89,Species involved: Hen Harrier x1,No Link,47d46811-458c-4853-8144-dbbb688bc457
5985,104633,Lancashire,England,Shooting,September,2023,SD83,Species involved: Peregrine Falcon x1,No Link,2478548b-4149-4637-ab35-19bf28337141
5986,104634,County Durham,England,Shooting,December,2023,NY83,Species involved: Short-eared Owl x1,No Link,79109d30-26f5-44e4-82c0-1c55f63c4158
5987,104636,Lancashire,England,Shooting,May,2023,SD66,Species involved: Peregrine Falcon x1,No Link,939548ef-3d60-4696-9577-b78f20d26549
5988,104637,Northumberland,England,Shooting,January,2023,NY76,Species involved: Buzzard x1,No Link,24788b60-e92d-46fe-adec-a1683a3a2a6d
5989,104640,North Yorkshire,England,Poisoning,April,2023,NZ10,Species involved: Buzzard x1. Tested positive for: Bendiocarb,No Link,e40be10a-2b15-4f3d-8f7b-031aa045f1e0
5990,104641,Lincolnshire,England,Poisoning,February,2023,TF47,Species involved: Buzzard x1. Tested positive for: Alphachloralose,No Link,5a6c83ad-e365-421c-9a4b-a7521d23ea8f
5991,104642,Lincolnshire,England,Persecution (Other),April,2023,SK92,Species targeted: Birds of Prey. Possession of: Aldicarb,#N/A,37d1c39e-eb23-4800-8190-033615bc432d
5992,104643,Lincolnshire,England,Trapping,April,2023,SK92,Species involved: Tawny Owl x1,#N/A,7973134b-c633-4ccd-a42d-dbb7b0d01b42
5993,104655,South Yorkshire,England,Shooting,December,2023,SE51,Species involved: Peregrine Falcon x1,https://group.rspb.org.uk/doncaster/news-blogs/news/police-seek-any-information-the-public-can-give-on-this-incident/,da6715a3-2c55-4c79-b100-7f5232881b36
5994,104668,Northumberland,England,Shooting,May,2023,NY64,Species involved: Hen Harrier x1,No Link,2637b1a1-2b16-4207-9f00-515bbacbd357
5995,104683,West Yorkshire,England,Shooting,March,2023,SE14,Species involved: Red Kite x1,No Link,f5ae5906-0fb8-4bc7-8783-bcc20bcfa15c
5996,104685,Northumberland,England,Shooting,January,2023,NY66,Species involved: Buzzard x1,No Link,b02857ae-f42c-44ef-b6cc-cd088568df67
5997,104688,North Yorkshire,England,Shooting,June,2023,NZ60,Species involved: Red Kite x1,https://www.bbc.co.uk/news/articles/c0dpee0dw1yo,671d0bef-e4a9-4c43-8a24-27959b20fb6f
5998,104689,North Yorkshire,England,Shooting,June,2023,NZ60,Species involved: Red Kite x1,https://www.bbc.co.uk/news/articles/c0dpee0dw1yo,ecb9c4be-0779-48c1-a1d6-3a19a583ff0c
5999,104695,West Yorkshire,England,Shooting,October,2023,SE23,Species involved: Buzzard x1,No Link,34de6f47-4aa9-4874-91d4-962eef25d552
6000,104715,Essex,England,Shooting,December,2023,TL91,Species involved: Buzzard x1,https://raptorpersecutionuk.org/2024/01/06/buzzard-suffers-shotgun-injuries-in-essex-the-8th-known-raptor-persecution-victim-in-this-county-in-recent-years/,6664a2e5-07e3-4694-8c75-7214396118c4
6001,104743,Scottish Borders,Scotland,Shooting,October,2023,NT44,Species involved: Golden Eagle x1,https://www.bbc.co.uk/news/articles/cn0rzl5q7gpo,814634e8-0ef0-4175-bceb-aa3da8df71d7
6002,104778,Edinburgh City,Scotland,Trapping,November,2023,NT16,Species involved: Peregrine Falcon x1,https://raptorpersecutionuk.org/2023/11/28/peregrine-found-dead-in-illegal-pole-trap-in-pentland-hills-police-scotland-appeals-for-information/,1a128283-e86e-4bc3-8eb7-e520944675d2
6003,104787,South Yorkshire,England,Shooting,February,2023,SE31,Species involved: Sparrowhawk x1,https://raptorpersecutionuk.org/2024/01/28/pigeon-fancier-convicted-for-shooting-killing-sparrowhawk-in-barnsley/,177bd706-d6ec-4fff-9847-fe05c751e501
6004,104804,Armagh,Northern Ireland,Poisoning,February,2023,J04,Species involved: Buzzard x1. Tested positive for: Alphachloralose,No Link,d46fb531-d9aa-4d8a-8c25-bdcf675cf8bd
6005,104823,North Yorkshire,England,Persecution (Other),October,2023,NY80,Species involved: Hen Harrier x1,No Link,88d4d647-4bf4-47ec-9e62-e650bae7cfcb
6006,104858,Highland,Scotland,Poisoning,February,2023,NH77,Species involved: Red Kite x1. Tested positive for: Alphachloralose,No Link,cc74266e-405b-4e6c-948f-79c24b3b110b
6007,104979,Kent,England,Shooting,February,2023,TR26,Species involved: Buzzard x1,https://raptorpersecutionuk.org/2023/02/07/buzzard-shot-in-kent-police-appeal-for-information/,21574704-5668-4438-8cc1-8dfbbfdb9b64
6008,104994,Angus,Scotland,Trapping,January,2023,NO58,Species involved: Barn Owl x1,https://www.thecourier.co.uk/fp/news/angus-mearns/4064515/dead-barn-owl-angus-glens/),82f0ecd9-c613-4531-b695-64f31aa7e001
6009,105003,Leicestershire,England,Shooting,August,2023,SK52,Species involved: Red Kite x1,No Link,ff92c553-cb29-484f-913f-219088c1dab1
6010,105020,Gloucestershire,England,Shooting,February,2023,SP01,Species involved: Red Kite x1,No Link,1d844a47-f14d-4541-973b-1e08e2b8f69b
6011,105021,North Yorkshire,England,Trapping,April,2023,TA17,Species involved: Barn Owl x1,https://www.northyorkshire.police.uk/news/north-yorkshire/news/court-results/2023/06-june/man-sentenced-after-death-of-barn-owl-near-scarborough/,75e95124-2563-46e5-9eeb-d1f494bc3f0a
6012,105025,Greater London,England,Shooting,February,2023,TQ37,Species involved: Red Kite x1,https://www.birdguides.com/news/red-kite-shot-in-london/,c3b4f233-6724-4d7d-a2b9-0cdc80d7118d
6013,105026,Norfolk,England,Poisoning,July,2023,TF83,Species involved: Red Kite x1. Tested positive for: Bendiocarb,No Link,b43e66ae-d4b1-4267-98b4-d21f96fe23e4
6014,105027,East Sussex,England,Shooting,July,2023,TQ43,Species involved: Buzzard x1,No Link,80b85c25-d228-4d47-b54c-aa5d76adf8c6
6015,105029,Gloucestershire,England,Poisoning,July,2023,SP11,Species involved: Red Kite x1. Tested positive for: Bendiocarb,No Link,2972edd4-45eb-4570-9939-597963e2688f
6016,105033,Oxfordshire,England,Persecution (Other),January,2023,SU78,Species involved: Buzzard x1,No Link,7f61d210-2f6f-409e-b026-6b4a73ab2d0e
6017,105037,Essex,England,Poisoning,October,2023,TL82,Species Involved: Red Kite x2; poison bait (Meat). Tested positive for: Bendiocarb,No Link,7921f584-9d45-4c3e-a4f6-eb071b6337d8
6018,105041,Tyne and Wear,England,Shooting,May,2023,NZ25,Species involved: Osprey x1,https://www.bbc.co.uk/news/uk-england-tyne-65809658,3915b407-b427-4484-8a1f-cd5ef6f16b12
6019,105051,Herefordshire,England,Shooting,April,2023,SO56,Species involved: Buzzard x1,No Link,89117d79-cf90-44ac-95e5-e1cf2ff3a147
6020,105052,North Yorkshire,England,Trapping,February,2023,SE78,Species involved: Sparrowhawk x1,No Link,af647a2f-6864-42b3-976b-906aa76a26a1
6021,105148,Oxfordshire,England,Shooting,August,2023,Unknown/Withheld,Species involved: Red Kite x1,No Link,15a899e5-a35a-4a17-aee9-ef26c73b741b
6022,105155,Northumberland,England,Shooting,May,2023,NT90,Species involved: Hen Harrier x1,No Link,8f55b561-a80a-44a6-a845-23b7b30c8404
6023,105159,East Riding of Yorkshire,England,Shooting,March,2023,TA41,Species involved: Barn Owl x1,No Link,85d95dd2-e088-4f5c-b3a8-18b0fdde4fb1
6024,105175,Derbyshire,England,Shooting,May,2023,SK09,Species involved: Hen Harrier x1,No Link,010290aa-7ee5-4ce3-bc7e-0725d800b311
6025,105185,Lancashire,England,Shooting,March,2023,SD65,Species involved: Hen Harrier x1,No Link,f1d1346c-4812-4c83-801a-f4a682f7388c
6026,105427,Norfolk,England,Shooting,June,2023,TM19,Species involved: Buzzard x1,#N/A,734d69c6-38db-4b52-9fd6-7183ba5af952
6027,106011,Cambridgeshire,England,Shooting,August,2023,TL38,Species involved: Red Kite x1,#N/A,618d7615-6b59-47a3-991c-3cd33a95f3ea
6028,106173,Lincolnshire,England,Trapping,April,2023,SK92,Species involved: Tawny Owl x1,#N/A,8569e02e-514b-4f7e-ad59-da9d2f7d8d47
6029,106174,Lincolnshire,England,Trapping,April,2023,SK92,Species involved: Tawny Owl x1,#N/A,43d01da8-b8a9-4283-86f0-02b3f92dbdb3
6030,106175,Lincolnshire,England,Trapping,April,2023,SK92,Species involved: Tawny Owl x1,#N/A,19572e66-3759-40d6-ba0c-5aeafe48b25f
6031,104922,Essex,England,Shooting,March,2024,TL53,Species involved: Sparrowhawk x1,https://raptorpersecutionuk.org/2024/03/17/sparrowhawk-shot-in-essex/,ac863611-0d30-49bb-9e5f-6edf03452548
6032,104952,Derbyshire,England,Persecution (Other),March,2024,SK46,Species targeted: Birds of Prey. Possession of: Alphachloralose,https://raptorpersecutionuk.org/2025/11/17/new-independent-report-reveals-locations-of-poisoned-raptors-in-northern-england-2015-2023-information-that-has-been-suppressed-by-government/,a7fb4bc3-016a-40b5-913b-9a1a051bdd56
6033,105014,Wiltshire,England,Shooting,February,2024,SU08,Species involved: Red Kite x1,https://www.nwcu.police.uk/news/wildlife-crime-press-coverage/shot-red-kite-found-in-wiltshire/,4fa7aa10-2020-47e3-b4e2-a3a3e7a1d8b8
6034,105140,Northumberland,England,Shooting,February,2024,NY75,Species involved: Hen Harrier x1,https://raptorpersecutionuk.org/2025/11/14/hen-harrier-susie-whose-chicks-were-stamped-to-death-in-2022-has-been-found-dead-on-a-north-pennines-grouse-moor-with-gunshot-injuries/,10ed4e8e-8eae-4c02-a60a-523b4718830b
6035,105200,Lincolnshire,England,Shooting,July,2024,SK96,Species involved: Buzzard x1,Blank,ef02f6f5-8414-41a6-acf2-c537511174f2
6036,105319,Angus,Scotland,Shooting,August,2024,NO27,Species involved: Osprey x1,https://www.bbc.co.uk/news/articles/czxlpwwx0deo,9ee6314c-a8d2-4f7c-a141-2f8aa62e3c54
6037,105320,Highland,Scotland,Shooting,July,2024,NH70,Species targeted: Goshawk,https://www.strathspey-herald.co.uk/news/appeal-after-goshawk-nest-found-abandoned-on-badenoch-estate-354331/,48f65352-8564-44c2-ab80-4f01788ba663
6038,105371,Essex,England,Shooting,August,2024,TM02,Species involved: Sparrowhawk x1,Blank,6f1192c2-c287-4bb7-a1ca-511e3ffdbac4
6039,105414,Powys,Wales,Shooting,September,2024,SO19,Species involved: Sparrowhawk x1,Blank,00d48f1f-18cd-4213-b55f-2092ecacf50c
6040,105417,North Yorkshire,England,Shooting,October,2024,SE06,Species involved: Hen Harrier x1,https://www.channel4.com/news/exclusive-secret-filming-reveals-the-killing-of-rare-hen-harriers-on-grouse-moors,785b36be-d277-4a79-9431-8022ce27581a
6041,105435,Perth and Kinross,Scotland,Shooting,May,2024,NN82,Species involved: Buzzard x1,https://raptorpersecutionuk.org/2024/11/09/buzzard-found-shot-next-to-grouse-moor-in-strathbraan-perthshire/,7cca1979-e5c8-49a2-93d8-f889db02292b
6042,105446,County Durham,England,Persecution (Other),June,2024,NY93,Species involved: Hen Harrier x1,Blank,a858ab51-ad41-4b93-9733-0d01e3c8b6c0
6043,105448,County Durham,England,Persecution (Other),June,2024,NY93,Species involved: Hen Harrier x1,Blank,15a44c82-6333-4cff-a83f-d5f0de4154cc
6044,105458,Ceredigion,Wales,Shooting,September,2024,SN24,Species involved: Buzzard x1,Blank,802db4e3-4b30-49d4-a2c5-b14e5a26d868
6045,105487,Northumberland,England,Shooting,July,2024,NY89,Species involved: Hen Harrier x1,Blank,07015341-e66f-48a7-9967-139f5abeaa9e
6046,105491,Northumberland,England,Shooting,June,2024,Unknown/Withheld,Species involved: Hen Harrier x1,Blank,c5d6a8d0-5af3-4b4d-960b-62b4aa54de19
6047,105503,County Durham,England,Persecution (Other),June,2024,NY93,Species involved: Hen Harrier x1,Blank,ded83884-dcce-42ef-980d-f36345e49b68
6048,105504,County Durham,England,Persecution (Other),June,2024,NY93,Species involved: Hen Harrier x1,Blank,aa497f9c-9f23-41f0-91da-e531e46490c6
6049,105505,County Durham,England,Persecution (Other),June,2024,NY93,Species involved: Hen Harrier x1,Blank,1b118aa5-2532-4349-84c4-0eea76bbced8
6050,105511,Derbyshire,England,Poisoning,March,2024,SK46,Species involved: Buzzard x1. Tested positive for: Alphachloralose,https://raptorpersecutionuk.org/2025/11/17/new-independent-report-reveals-locations-of-poisoned-raptors-in-northern-england-2015-2023-information-that-has-been-suppressed-by-government/,8cb0ed01-b052-44a3-b9b8-7f92f199ff08
6051,105512,Lincolnshire,England,Poisoning,August,2024,TF04,Species involved: Red Kite x1. Tested positive for: Carbofuran,https://www.bbc.co.uk/news/articles/cn5xl4kwe7qo,a6abffc1-a34a-4ebc-9fb9-738cd5c60582
6052,105513,Norfolk,England,Shooting,July,2024,TF80,Species involved: Red Kite x1,Blank,315690cd-da32-4392-a9e3-ef45a95d9e33
6053,105514,Derbyshire,England,Shooting,April,2024,SE00,Species involved: Peregrine Falcon x1,https://www.bbc.co.uk/news/articles/c8vz02lrnz7o,1bf39165-3203-4104-9de2-2c9d92a62399
6054,105521,Down,Northern Ireland,Shooting,April,2024,J13,Species involved: Red Kite x1,https://www.bbc.co.uk/news/articles/clwwgvz48gdo,0df00c02-133b-4397-b369-7b95691d71bd
6055,105523,Armagh,Northern Ireland,Poisoning,June,2024,J01,Species involved: Peregrine Falcon x2. Tested positive for: Carbofuran,https://raptorpersecutionuk.org/2024/12/15/peregrine-found-poisoned-police-appeal-for-information-six-months-later/,85ac3923-6918-4262-81ad-cbe1560ebb3a
6056,105577,North Yorkshire,England,Shooting,April,2024,SE59,Species involved: Buzzard x1,Blank,d7abaf29-dbf9-46f2-a8b7-b315cf9be773
6057,105582,North Yorkshire,England,Shooting,October,2024,SE06,Species involved: Buzzard x1,https://www.channel4.com/news/exclusive-secret-filming-reveals-the-killing-of-rare-hen-harriers-on-grouse-moors,08f90f90-8a8e-4258-90a1-9021c12624af
6058,105584,North Yorkshire,England,Shooting,December,2024,SE06,Species involved: Hen Harrier x1,https://www.channel4.com/news/exclusive-secret-filming-reveals-the-killing-of-rare-hen-harriers-on-grouse-moors,08a2de04-6b99-4153-b9f6-b76be917b97b
6059,105623,Northumberland,England,Trapping,December,2024,NT93,"Species involved: Buzzard x1, Carrion Crow x2",Blank,4ab7f772-bd87-4fc7-a470-ba75f3b19c80
6060,105638,Highland,Scotland,Poisoning,April,2024,NH69,Species involved: Red Kite x1. Tested positive for: Carbofuran,https://www.rspb.org.uk/media-centre/red-kite-found-poisoned-in-highlands,cdd4b5a7-59f6-4c75-8ce9-476a4824fe77
6061,105645,Angus,Scotland,Shooting,September,2024,NO47,Species involved: Peregrine Falcon x1,https://raptorpersecutionuk.org/2024/10/10/peregrine-found-shot-in-notorious-grouse-moor-area-in-angus-glens/,e5f3d793-d433-4351-b4b9-070b54f5a3b2
6062,105658,Gloucestershire,England,Shooting,March,2024,SO62,Species involved: Goshawk x1,https://www.bbc.co.uk/news/uk-england-gloucestershire-68726655,7c06c928-addd-4abc-89fe-1a18d4103c87
6063,105659,Lancashire,England,Shooting,March,2024,SD84,"Species involved: Tawny Owl x1, Woodpigeon x1",https://raptorpersecutionuk.org/2025/04/29/lancashire-man-convicted-of-shooting-tawny-owl-in-local-park/,63aec126-a52b-4fba-bb0a-44fcfcaf9ef2
6064,105662,Aberdeenshire,Scotland,Nest Destruction,June,2024,NJ40,Species targeted: Goshawk nest,Blank,304204ab-5182-4e45-ad91-4ce94b7e5edd
6065,105802,Angus,Scotland,Shooting,May,2024,NO45,Species involved: Red Kite x1,Blank,db5a5788-beb4-4532-a70e-f2f04bbfc416
6066,105803,Highland,Scotland,Poisoning,June,2024,NG62,Species involved: White-tailed Eagle x1. Tested positive for: Pentobarbital,Blank,dd0b9f81-d38b-4207-851c-c89835c6a092
6067,105863,Norfolk,England,Trapping,October,2024,TF80,Species targeted: Birds of Prey,Blank,73a1b405-756e-4430-8ba2-4ba4fbf2b041
6068,105873,Cambridgeshire,England,Shooting,September,2024,TL18,Species involved: Barn Owl x1,Blank,10cbe97a-c65a-4af8-a773-ac269437bdfc
6069,105888,Lincolnshire,England,Persecution (Other),December,2024,Unknown/Withheld,Species targeted: Birds of Prey. Possession of: Carbofuran,Blank,87eca065-f55e-42c5-85d7-9d877d17d1f4
6070,105891,Northamptonshire,England,Shooting,April,2024,SP87,Species involved: Tawny Owl x1,https://www.bbc.co.uk/news/articles/c3gqe1plgvxo,5ec9850d-122e-4672-80de-9be238d0aa72
6071,105893,Hampshire,England,Shooting,March,2024,SU33,Species involved: Barn Owl x1,https://www.bbc.co.uk/news/articles/cn0ejnwdvvjo,ad434302-fb69-4822-92ce-79f053567cc0
6072,105958,Nottinghamshire,England,Poisoning,December,2024,SK52,"Species involved: Red Kite x1, Buzzard x1. Tested positive for: Mevinphos/Phosdrin, Mevinphos/Phosdrin, Mevinphos/Phosdrin","https://www.bbc.co.uk/news/articles/c0j190ppdp9o#:~:text=Officers%20are%20appealing%20for%20information,of%20Bunny%20on%2010%20December.",c205f1cc-a586-41bc-a260-623db697e273
6073,106021,Kent,England,Persecution (Other),March,2024,TQ97,Species involved: Short-eared Owl x1,Blank,53eae675-c621-44b5-a0dc-7f6c4e1a0128
6074,106022,Worcestershire,England,Shooting,August,2024,SO66,Species involved: Goshawk x1,Blank,09ddd6b7-aca2-466e-a55a-195d6730589c
6075,106030,Dumfries and Galloway,Scotland,Poisoning,April,2024,NX68,Species involved: Red Kite x1. Tested positive for: Alphachloralose,Blank,b8152e12-901f-431a-98e9-e2da2b7ac84f
6076,106031,Scottish Borders,Scotland,Shooting,March,2024,NT54,Species involved: Buzzard x1,Blank,0da4d2ae-9b89-4f8d-953d-a1ea5b0e02e6
6077,106034,Down,Northern Ireland,Poisoning,December,2024,J25,Species involved: Red Kite x1. Tested positive for: Alphachloralose,Blank,528d2b69-6eee-41bc-b299-beddc66f731c
6078,106036,Armagh,Northern Ireland,Poisoning,December,2024,J03,"Species involved: Red Kite x1. Tested positive for: Alphachloralose, Bendiocarb",https://wildlifecrimeni-hawkeyes.com/2025/06/25/red-kite-confirmed-poisoned-outside-newry/,bebdb21d-a804-46e3-9392-2e6d44f8551c
6079,106039,,Scotland,Poisoning,April,2024,Unknown/Withheld,Species involved: Red Kite x1. Tested positive for: Diazinon/Dimpylate,Blank,d19edd22-a5c3-4191-82d7-7c1453e90be1
6080,106040,Dumfries and Galloway,Scotland,Poisoning,September,2024,Unknown/Withheld,Species involved: Buzzard x1. Tested positive for: Pentobarbital,Blank,5a3b276c-5863-41ba-999a-1defb48cb249
6081,106096,Hampshire,England,Shooting,March,2024,SU33,Species involved: Kestrel x1,https://www.bbc.co.uk/news/articles/cn0ejnwdvvjo,8a359fef-ef39-48ab-bbba-1873fd208e24
6082,106162,Fermanagh,Northern Ireland,Nest Destruction,May,2024,H25,Species targeted: Long-eared Owl nest,Blank,0ea6fe14-b287-45da-9479-387c14850f28
6083,106168,North Yorkshire,England,Poisoning,December,2024,Unknown/Withheld,Species involved: Red Kite x1. Tested positive for: Alphachloralose,Blank,ea04bbb8-df90-436c-963e-813ab3fa5aae
4190,100721,Midlothian,Scotland,Shooting,March,2007,NT25,Species involved: Buzzard x1,No Link,3a24d5a0-8cb5-4767-9f32-e49b56fa1535
4191,97028,Midlothian,Scotland,Poisoning,December,2014,NT25,Species targeted: Birds of Prey. Species involved: Cat x1. Tested positive for: Carbofuran,No Link,304ff083-e748-472d-bb31-a681cd145b5e
4192,100505,Scottish Borders,Scotland,Shooting,March,2019,NT25,Species involved: Goshawk x1,https://www.bbc.co.uk/news/uk-scotland-south-scotland-48067517,294fbeaa-2045-40d6-9921-a92efdd0fc89
4193,88330,Fife,Scotland,Shooting,March,2007,NT28,Species involved: Peregrine Falcon x1,No Link,b3d23122-c35a-4e43-b198-fbc05cb68170
4194,102253,Fife,Scotland,Shooting,July,2021,NT28,Species involved: Peregrine Falcon x1,https://www.scottishspca.org/news/peregrine-falcon-shot-near-kirkcaldy,652957f8-8fe1-457a-a19c-228f8fe0abfd
4195,91017,Fife,Scotland,Shooting,April,2008,NT29,Species involved: Buzzard x1,No Link,df4de136-bda2-4b55-b282-3f1ad87fecbc
4196,98109,Fife,Scotland,Persecution (Other),February,2015,NT29,Species involved: Sparrowhawk x1,No Link,46d3bda0-0f57-41c2-9c78-9e2d8726ac38
4197,88389,Scottish Borders,Scotland,Poisoning,January,2007,NT34,"Species involved: Buzzard x1, Raven x1. Tested positive for: Carbofuran",No Link,6e7e00bb-fb63-4277-ac4d-1de031960cb5
4198,96939,Scottish Borders,Scotland,Trapping,May,2014,NT34,Species targeted: Birds of Prey,No Link,c138769e-703c-4e6c-bee9-265cd69da2e7
4199,96940,Scottish Borders,Scotland,Shooting,May,2014,NT34,Species involved: Buzzard x1,No Link,e924c9c1-8a04-4497-9dd7-f98b86e5dbd9
4200,96942,Scottish Borders,Scotland,Trapping,May,2014,NT34,Species targeted: Birds of Prey,No Link,5d74b849-505f-43bf-bf8c-11ae9f74982b
4201,100746,Scottish Borders,Scotland,Shooting,May,2014,NT34,Species involved: Buzzard x1,No Link,5d68a9ac-9799-4649-8163-711214c9021e
4202,100747,Scottish Borders,Scotland,Shooting,May,2014,NT34,Species involved: Buzzard x1,No Link,d339c5dc-ec1a-4ef7-9495-bc8b2b5249a2
4203,91443,Scottish Borders,Scotland,Poisoning,October,2008,NT35,Species involved: Buzzard x1. Tested positive for: Carbofuran,No Link,642f62f4-5275-4950-aa09-98ba6ee351ad
4204,91614,Scottish Borders,Scotland,Poisoning,March,2009,NT35,Species involved: Buzzard x1. Tested positive for: Carbofuran,No Link,4eccc201-9906-4b50-bbf7-07d6d1937d87
4205,92389,Scottish Borders,Scotland,Poisoning,June,2009,NT35,Species involved: Red Kite x1. Tested positive for: Carbofuran,No Link,e15ad816-49e6-4939-a243-4f0b5b34e56e
4206,92390,Scottish Borders,Scotland,Poisoning,June,2009,NT35,"Species targeted: Birds of Prey. Species involved: poison bait (Rabbit Bait x1, Pigeon Bait (Species Unknown) x2). Tested positive for: Carbofuran",No Link,bda83b41-dceb-4658-a036-72d148300564
4207,92392,Scottish Borders,Scotland,Poisoning,June,2009,NT35,Species targeted: Birds of Prey. Species involved: poison bait (Rabbit Bait x1). Tested positive for: Carbofuran,No Link,5ddbe5de-aa11-4f5d-b448-ced2acb86f61
4208,92396,Scottish Borders,Scotland,Poisoning,March,2009,NT35,Species involved: Buzzard x1. Tested positive for: Carbofuran,No Link,43f6fb5c-6f58-40d4-8d48-b69215067dff
4209,93689,Scottish Borders,Scotland,Poisoning,November,2010,NT35,Species involved: Buzzard x1. Tested positive for: Carbofuran,No Link,009b7ed1-655c-4c1d-82df-a37bbaabd002
4210,93820,Scottish Borders,Scotland,Poisoning,January,2011,NT35,Species involved: Buzzard x1. Tested positive for: Carbofuran,No Link,facd4e6d-4122-4be6-82a8-45ffd160cad9
4211,96220,Scottish Borders,Scotland,Shooting,June,2013,NT35,Species involved: Buzzard x1,https://raptorpersecutionscotland.wordpress.com/2013/08/30/dead-buzzard-in-scottish-borders-shot-and-poisoned/,c1fa982b-9a6e-450d-b281-dc0bdbe02dda
4212,96221,Scottish Borders,Scotland,Poisoning,June,2013,NT35,Species involved: Buzzard x1. Tested positive for: Carbofuran,https://raptorpersecutionscotland.wordpress.com/2013/08/30/dead-buzzard-in-scottish-borders-shot-and-poisoned/,a7600078-9dff-47a9-b4a9-352ffd32fbeb
4213,96943,Scottish Borders,Scotland,Persecution (Other),May,2014,NT35,Species targeted: Birds of Prey,No Link,b8d6e575-8f83-436e-aa91-d45c046b3837
4214,98101,Scottish Borders,Scotland,Shooting,July,2015,NT35,Species involved: Buzzard x1,No Link,e7f685aa-219b-4acd-a8ed-7318f43290ef
4215,98102,Scottish Borders,Scotland,Poisoning,September,2015,NT35,Species involved: Buzzard x1. Tested positive for: Carbofuran,No Link,050c41d5-0721-490c-bdf9-3f8513578939
4216,98103,Scottish Borders,Scotland,Poisoning,September,2015,NT35,Species involved: Buzzard x1. Tested positive for: Carbofuran,No Link,369e4a60-649b-40e0-815b-2219788c3448
4217,98112,Scottish Borders,Scotland,Shooting,October,2015,NT35,Species involved: Buzzard x1,No Link,d49e434a-ac27-4bad-ab41-c5fafb1f55dd
4218,98113,Scottish Borders,Scotland,Poisoning,October,2015,NT35,Species involved: Buzzard x1. Tested positive for: Carbofuran,No Link,a425b97c-57a5-4826-b303-2d076308135f
4219,98114,Scottish Borders,Scotland,Poisoning,October,2015,NT35,Species involved: Buzzard x1. Tested positive for: Carbofuran,No Link,b07e7ee4-b843-4fca-bff2-140a65817a6d
4220,89548,Midlothian,Scotland,Poisoning,April,2007,NT36,Species targeted: Birds of Prey. Species involved: Dog x1; poison bait (Rabbit Bait x1). Tested positive for: Aldicarb,No Link,bd6bb696-778a-4777-a643-c21be114ac18
4221,101894,Midlothian,Scotland,Trapping,April,2020,NT36,Species targeted: Birds of Prey. Species involved: Carrion Crow x1,https://www.midlothianadvertiser.co.uk/news/crime/crow-caught-illegal-trap-easthouses-park-2850056,88d041c3-5178-454e-90f2-a1b39c708cf4
4222,91437,Scottish Borders,Scotland,Persecution (Other),March,2008,NT42,"Species targeted: Birds of Prey. Possession of: Alphachloralose, DDT, Other",No Link,43a2a3b0-ede7-4212-b681-42e55cc9cce8
4223,92517,Scottish Borders,Scotland,Poisoning,June,2009,NT44,Species involved: Buzzard x1. Tested positive for: Carbofuran,No Link,41c897ab-053c-4c16-b646-755399aa1d0a
4224,102176,Scottish Borders,Scotland,Trapping,September,2020,NT44,Species involved: Goshawk x1,https://raptorpersecutionscotland.wordpress.com/2021/11/30/gamekeeper-convicted-as-birds-of-prey-die-in-trap/,0b4f3989-7521-4d2d-bbf8-6b63381442bd
4225,102355,Scottish Borders,Scotland,Trapping,September,2020,NT44,Species involved: Barn Owl x1,https://raptorpersecutionscotland.wordpress.com/2021/11/30/gamekeeper-convicted-as-birds-of-prey-die-in-trap/,a4fab634-8168-411f-a04a-b93801c7e1f1
4226,104743,Scottish Borders,Scotland,Shooting,October,2023,NT44,Species involved: Golden Eagle x1,https://www.bbc.co.uk/news/articles/cn0rzl5q7gpo,53883102-d59f-4bfe-b1e4-70466524a7e3
4227,94525,Midlothian,Scotland,Poisoning,September,2011,NT46,"Species involved: Sparrowhawk x1, Buzzard x2. Tested positive for: Carbofuran, Carbofuran",No Link,7fc20cbd-45c5-4491-8103-0e23170c2187
4228,102962,East Lothian,Scotland,Poisoning,April,2021,NT46,"Species targeted: Birds of Prey. Species involved: Raven x1. Tested positive for: Carbofuran, Isofenphos",No Link,0232111c-013b-4f5f-ba86-2c45e8043134
4229,106031,Scottish Borders,Scotland,Shooting,March,2024,NT54,Species involved: Buzzard x1,Blank,65e29fa8-894d-4844-985d-d29c9773bd7d
4230,92516,Scottish Borders,Scotland,Poisoning,September,2009,NT55,Species involved: Buzzard x1. Tested positive for: Carbofuran,No Link,23c5d2f0-a0ba-4d29-ae0d-9885b77a44a8
4231,95589,Scottish Borders,Scotland,Poisoning,May,2012,NT55,Species targeted: Birds of Prey. Species involved: Raven x2; poison bait (Meat x1). Tested positive for: Bendiocarb,No Link,dfac0cca-8899-4393-9734-fe53b17c3bb8
4232,89513,Londonderry,Northern Ireland,Poisoning,December,2007,C41,Species involved: Buzzard x1. Tested positive for: Carbofuran,No Link,dfa31c4a-0799-45a4-83e5-7675c819f79d
4233,95669,Scottish Borders,Scotland,Poisoning,May,2012,NT55,Species targeted: Birds of Prey. Species involved: poison bait (Rabbit Bait x2). Tested positive for: Bendiocarb,No Link,a225092e-9137-409f-9aef-5a3024ffc979
4234,96369,East Lothian,Scotland,Trapping,September,2013,NT58,Species involved: Sparrowhawk x1,No Link,0a1e36e7-2598-4835-9d3f-48094234ea83
4235,90081,Scottish Borders,Scotland,Poisoning,March,2008,NT61,Species involved: Buzzard x2. Tested positive for: Alphachloralose,No Link,5dd2e24a-b572-450a-8276-e98b63837bf8
4236,88254,Scottish Borders,Scotland,Poisoning,April,2007,NT64,Species involved: Buzzard x1. Tested positive for: Carbofuran,No Link,58139e76-12b7-4a8d-a59a-47e53c1b7d1c
4237,89352,Scottish Borders,Scotland,Poisoning,March,2007,NT64,"Species Involved: Buzzard x1, Magpie x1, Carrion Crow x2; poison bait (Rabbit Bait, Hare Bait x13). Tested positive for: Carbofuran",No Link,514f2f1d-be43-4b21-bfd7-007f83cfe9e3
4238,89354,Scottish Borders,Scotland,Poisoning,April,2007,NT64,"Species Involved: Buzzard x3; poison bait (Hare Bait x5, Rabbit Bait x5). Tested positive for: Carbofuran",No Link,fcc1d5c8-cbe5-4faa-ba10-2e569c87b615
4239,89355,Scottish Borders,Scotland,Poisoning,April,2007,NT64,Species involved: Buzzard x1. Tested positive for: Carbofuran,No Link,44ddbcb2-6c2c-49dd-8f14-5f743aeade8b
4240,89357,Scottish Borders,Scotland,Poisoning,May,2007,NT64,"Species targeted: Birds of Prey. Species involved: poison bait (Rabbit Bait x1, Hare Bait x1). Tested positive for: Carbofuran",No Link,7afe46b3-ab4b-4f4c-8e33-0a754b10cfa5
4241,89358,Scottish Borders,Scotland,Poisoning,September,2007,NT64,Species involved: Buzzard x1. Tested positive for: Carbofuran,No Link,b4c488a7-58c6-4844-bc1f-d57e3283b4f2
4242,98093,Scottish Borders,Scotland,Trapping,May,2015,NT64,Species targeted: Birds of Prey,No Link,0b955e40-0625-4774-92cc-dd15979b2240
4243,88641,Scottish Borders,Scotland,Trapping,August,2007,NT65,"Species targeted: Birds of Prey, Goshawk",No Link,9507c82b-688a-42f3-9fb4-d8e45562278d
4244,97484,East Lothian,Scotland,Trapping,March,2015,NT65,Species involved: Buzzard x1,No Link,b59f62bc-a6a4-4432-a643-fe55ff1d78e7
4245,89986,East Lothian,Scotland,Shooting,June,2008,NT66,Species involved: Red Kite x1,No Link,7633657f-75f3-454a-9bd2-189b35a2f5fc
4246,97383,East Lothian,Scotland,Shooting,December,2014,NT66,Species involved: Tawny Owl x1,No Link,9f4874eb-0bd5-4021-8d4d-755425bacfa5
4247,99496,East Lothian,Scotland,Persecution (Other),March,2017,NT66,Species targeted: Birds of Prey,No Link,c9ad9531-c853-4c6b-a4c1-73606a5dfa02
4248,88232,Scottish Borders,Scotland,Trapping,March,2007,NT71,Species targeted: Birds of Prey,No Link,e3dffb66-d525-4284-81f8-d113a089e90b
4249,96842,Scottish Borders,Scotland,Shooting,September,2014,NT74,Species involved: Peregrine Falcon x1,No Link,773b52d4-f8d4-4a18-989c-432619b9a836
4250,94954,Scottish Borders,Scotland,Poisoning,September,2011,NT75,Species targeted: Birds of Prey. Species involved: Raven x1. Tested positive for: Bendiocarb,No Link,033e7783-75fa-4d15-9f26-2e47879d80c6
4251,100463,Scottish Borders,Scotland,Shooting,May,2017,NT75,Species involved: Goshawk x1,https://www.independent.co.uk/environment/gamekeeper-killed-buzzards-badger-otter-longformacus-estate-a9017051.html,7bb133c0-5ea0-4bd3-ad58-377e65e4dc7b
4252,100464,Scottish Borders,Scotland,Shooting,May,2017,NT75,Species involved: Peregrine Falcon x1,https://www.independent.co.uk/environment/gamekeeper-killed-buzzards-badger-otter-longformacus-estate-a9017051.html,343026ee-5dd5-49f4-82c1-6c93069b0abd
4253,100465,Scottish Borders,Scotland,Persecution (Other),June,2017,NT75,Species targeted: Birds of Prey,https://www.independent.co.uk/environment/gamekeeper-killed-buzzards-badger-otter-longformacus-estate-a9017051.html,d495aa57-47f5-4339-a924-a62e02dffc65
4254,100466,Scottish Borders,Scotland,Persecution (Other),June,2017,NT75,"Species targeted: Birds of Prey. Possession of: Carbofuran, Carbosulfan",https://www.independent.co.uk/environment/gamekeeper-killed-buzzards-badger-otter-longformacus-estate-a9017051.html,ce200faf-8fbd-4fee-a247-e85e17452c0f
4255,100467,Scottish Borders,Scotland,Trapping,May,2017,NT75,Species targeted: Birds of Prey. Species involved: Mouse (Unspecified) x1,https://www.independent.co.uk/environment/gamekeeper-killed-buzzards-badger-otter-longformacus-estate-a9017051.html,ea59db2d-4cc2-419f-9a8a-088f31bc002c
4256,100485,Scottish Borders,Scotland,Trapping,May,2017,NT75,Species targeted: Goshawk,https://www.independent.co.uk/environment/gamekeeper-killed-buzzards-badger-otter-longformacus-estate-a9017051.html,fb36ee0c-20ce-49fc-947b-5848521424fd
4257,100708,Scottish Borders,Scotland,Shooting,May,2017,NT75,Species involved: Goshawk x1,No Link,e918951f-fbee-495f-a676-42abe6961e81
4258,100709,Scottish Borders,Scotland,Shooting,May,2017,NT75,Species involved: Buzzard x1,No Link,09bf3c21-b9b1-4eea-961a-869029d32759
4259,100710,Scottish Borders,Scotland,Shooting,May,2017,NT75,Species involved: Buzzard x1,No Link,abd1da10-5c89-4a53-97f0-f5568c195fa4
4260,100711,Scottish Borders,Scotland,Shooting,May,2017,NT75,Species involved: Buzzard x1,No Link,ec995a8a-ac5c-47a6-8625-3f02e17f806a
4261,100712,Scottish Borders,Scotland,Shooting,May,2017,NT75,Species involved: Buzzard x1,No Link,9a120ec3-babd-4734-82a1-9369f47fb47e
4262,100415,Scottish Borders,Scotland,Shooting,January,2019,NT76,Species involved: Goshawk x1,https://www.bbc.co.uk/news/uk-scotland-south-scotland-48067517,aa771fd0-8780-4b40-8d6e-db415ade3ec5
4263,92864,Northumberland,England,Poisoning,March,2010,NT83,Species involved: Buzzard x2. Tested positive for: Carbofuran,No Link,0526686f-41cb-42cc-8e9a-7004e4f33b62
4264,105155,Northumberland,England,Shooting,May,2023,NT90,Species involved: Hen Harrier x1,No Link,79246c7c-48dd-46e2-9b33-9a8a0d8dc285
4265,99936,Northumberland,England,Trapping,July,2018,NT92,Species involved: Merlin x1,https://community.rspb.org.uk/ourwork/b/investigations/posts/birds-and-other-wildlife-caught-in-spring-traps-on-grouse-moors,fef494e0-23c6-4fa1-b3c4-8d633825b9d7
4266,88638,Northumberland,England,Shooting,April,2007,NT93,Species involved: Buzzard x1,No Link,85e9d314-e4c2-4ddb-a5d3-60bfe50021a5
4267,88862,Northumberland,England,Shooting,September,2007,NT93,Species involved: Buzzard x1,No Link,648adbb1-cf97-4217-947a-488a0112f7cb
4268,89557,Northumberland,England,Shooting,April,2008,NT93,Species involved: Kestrel x1,No Link,5477d8ee-0c2c-445e-be73-0b37c2d66409
4269,92859,Northumberland,England,Persecution (Other),March,2010,NT93,Species targeted: Birds of Prey. Possession of: Alphachloralose,No Link,0d0218d3-42d9-4722-bfb8-beaccfd0eea3
4270,105623,Northumberland,England,Trapping,December,2024,NT93,"Species involved: Buzzard x1, Carrion Crow x2",Blank,ee41ee6f-6627-4b49-85bd-3681572f85c8
4271,100433,Northumberland,England,Trapping,April,2019,NU02,Species involved: Buzzard x1,No Link,7b15ccb9-17f5-414c-b1a9-edd6d9306a89
4272,88471,Northumberland,England,Persecution (Other),June,2007,NU04,"Species targeted: Birds of Prey, Corvidae, Non-bird. Possession of: Carbofuran",No Link,39b0c780-ee6c-4d6e-8e97-db851b3e1c71
4273,91988,Northumberland,England,Shooting,September,2009,NU11,Species involved: Buzzard x1,No Link,748635c5-657f-4e28-b879-67a938675bcd
4274,98995,Northumberland,England,Shooting,December,2016,NU11,Species involved: Hen Harrier x1,http://community.rspb.org.uk/ourwork/skydancer/b/skydancer/archive/2017/02/03/carroll-a-northumberland-bird-to-the-very-end.aspx,2d05564c-66bc-4a92-89fb-296fb7d81ed1
4275,101181,Northumberland,England,Shooting,January,2020,NU20,Species involved: Buzzard x1,https://raptorpersecutionscotland.wordpress.com/2020/01/27/buzzard-found-shot-in-northumberland/,27028094-7240-480d-bcca-3b507d8729f8
4276,95592,Dumfries and Galloway,Scotland,Poisoning,December,2012,NX43,Species Involved: Buzzard x1; poison bait (Pheasant Bait x1). Tested positive for: Carbofuran,No Link,1d092db2-6eb1-4397-a55a-3af91db1df56
4277,99303,Dumfries and Galloway,Scotland,Persecution (Other),March,2013,NX43,"Species targeted: Birds of Prey. Possession of: Alphachloralose, Carbofuran, Strychnine",No Link,a69b6e8d-abd5-4e76-a90a-3e62ab5d254b
4278,98983,Dumfries and Galloway,Scotland,Poisoning,September,2016,NX65,Species Involved: Buzzard x1; poison bait (Pheasant Bait x1). Tested positive for: Carbofuran,No Link,2ee78ea0-a02e-4864-be85-fed67eafb9a2
4279,89079,Dumfries and Galloway,Scotland,Poisoning,December,2007,NX66,Species involved: Red Kite x1. Tested positive for: Carbofuran,No Link,3418af88-cf8f-45a6-b449-7ffcbd596fa0
4280,100266,Dumfries and Galloway,Scotland,Poisoning,March,2018,NX67,Species involved: Buzzard x1. Tested positive for: Bendiocarb,https://www.bbc.co.uk/news/uk-scotland-south-scotland-43974763,8b86e08a-5650-4be9-affe-52359cd48e36
4281,106030,Dumfries and Galloway,Scotland,Poisoning,April,2024,NX68,Species involved: Red Kite x1. Tested positive for: Alphachloralose,Blank,2a196bb1-30d8-4845-a5b0-5ab43f21b299
4282,92425,Dumfries and Galloway,Scotland,Poisoning,October,2009,NX75,Species involved: Buzzard x2. Tested positive for: Carbofuran,No Link,4a6f1280-4df4-4f32-a6f5-07793b438f9e
4283,100491,Dumfries and Galloway,Scotland,Poisoning,May,2019,NX75,Species involved: Red Kite x1. Tested positive for: Carbofuran,https://raptorpersecutionscotland.wordpress.com/2019/06/13/two-red-kites-poisoned-in-south-scotland-tests-awaited-on-third/,e6ba5397-1430-469f-8271-714391b1373a
4284,100492,Dumfries and Galloway,Scotland,Poisoning,May,2019,NX75,Species involved: Red Kite x1. Tested positive for: Carbofuran,https://raptorpersecutionscotland.wordpress.com/2019/06/13/two-red-kites-poisoned-in-south-scotland-tests-awaited-on-third/,c04677b2-d14f-49cd-b3a5-6b670e2cc980
4285,100493,Dumfries and Galloway,Scotland,Poisoning,May,2019,NX75,Species involved: Red Kite x1. Tested positive for: Carbofuran,No Link,44f6e257-b866-44b4-aa30-1bac7e8eb0bb
4286,97392,Dumfries and Galloway,Scotland,Poisoning,December,2014,NX76,Species involved: Red Kite x1. Tested positive for: Alphachloralose,No Link,1a886c5f-297f-473f-aa2b-5ed71fb13076
4287,100265,Dumfries and Galloway,Scotland,Poisoning,April,2018,NX76,Species involved: Red Kite x1. Tested positive for: Aldicarb,https://www.bbc.co.uk/news/uk-scotland-south-scotland-43974763,ecb4f399-be46-4a29-b50c-3e4dd3a75dca
4288,100494,Dumfries and Galloway,Scotland,Poisoning,May,2019,NX76,Species involved: Red Kite x1. Tested positive for: Aldicarb,https://www.rspb.org.uk/media-centre/dumfries-shire-man-given-community-payback-order-for-serious-bird-poisoning-offences,ef2650d8-39d8-4a9b-9d48-7b5a400cc22f
4289,102637,Dumfries and Galloway,Scotland,Poisoning,December,2019,NX76,Species involved: Red Kite x1. Tested positive for: Bendiocarb,https://www.rspb.org.uk/media-centre/dumfries-shire-man-given-community-payback-order-for-serious-bird-poisoning-offences,f9228174-e493-4ee1-8337-ec7d17c6bbaa
4290,102639,Dumfries and Galloway,Scotland,Poisoning,December,2019,NX76,Species involved: Red Kite x1. Tested positive for: Aldicarb,https://www.rspb.org.uk/media-centre/dumfries-shire-man-given-community-payback-order-for-serious-bird-poisoning-offences,8bcc156b-d957-4f42-9bd4-3066e8792f87
4291,102640,Dumfries and Galloway,Scotland,Poisoning,December,2019,NX76,Species involved: Red Kite x1. Tested positive for: Aldicarb,https://www.rspb.org.uk/media-centre/dumfries-shire-man-given-community-payback-order-for-serious-bird-poisoning-offences,4f03c474-b107-41e4-9f41-fbcf16a274f8
4292,100230,Dumfries and Galloway,Scotland,Poisoning,January,2018,NX77,"Species involved: Red Kite x1. Tested positive for: Benfuracarb, Carbofuran",https://raptorpersecutionscotland.wordpress.com/2018/04/05/red-kite-suspected-poisoned-in-south-scotland/,1a924a62-78fa-420f-8958-704131edb77c
4293,100264,Dumfries and Galloway,Scotland,Poisoning,April,2018,NX77,Species involved: Red Kite x1. Tested positive for: Carbofuran,https://www.bbc.co.uk/news/uk-scotland-south-scotland-43974763,afc01f6b-721e-400e-b346-ae65a15343cd
4294,100495,Dumfries and Galloway,Scotland,Poisoning,June,2019,NX77,Species Involved: Red Kite x1; poison bait (Duck Bait x1). Tested positive for: Aldicarb,https://www.rspb.org.uk/media-centre/dumfries-shire-man-given-community-payback-order-for-serious-bird-poisoning-offences,4b69b916-6208-455e-b8ab-ae80910de45d
4295,103727,Dumfries and Galloway,Scotland,Shooting,May,2021,NX77,Species involved: Red Kite x1,No Link,c64f1eb3-af77-4358-91b1-9285d4bf956a
4296,101988,Dumfries and Galloway,Scotland,Persecution (Other),February,2020,NX86,"Species targeted: Birds of Prey. Possession of: Aldicarb, Al Phosphide (Phostoxin), Bendiocarb",https://www.heraldscotland.com/news/18371138.man-charged-deaths-birds-prey-dumfries-galloway/,3068b809-2aad-4c77-ad3f-e00903f92148
4297,101990,Dumfries and Galloway,Scotland,Trapping,February,2020,NX86,Species targeted: Birds of Prey,https://www.heraldscotland.com/news/18371138.man-charged-deaths-birds-prey-dumfries-galloway/,5dbe5c8f-51b0-4f2f-8711-695bebdc1ea0
4298,101992,Dumfries and Galloway,Scotland,Poisoning,February,2020,NX86,Species targeted: Birds of Prey. Species involved: poison bait (Duck Bait x1). Tested positive for: Aldicarb,https://www.heraldscotland.com/news/18371138.man-charged-deaths-birds-prey-dumfries-galloway/,d0dc9677-80d2-4ba3-8bc9-82f65283ee18
4299,101994,Dumfries and Galloway,Scotland,Poisoning,February,2020,NX86,"Species involved: Buzzard x1. Tested positive for: Aldicarb, Bendiocarb",https://www.heraldscotland.com/news/18371138.man-charged-deaths-birds-prey-dumfries-galloway/,02536f2e-da3f-4201-9efb-3dd9d181a89d
4300,101995,Dumfries and Galloway,Scotland,Poisoning,February,2020,NX86,"Species targeted: Birds of Prey, Non-bird. Species involved: poison bait (Bread x3). Tested positive for: Aldicarb",#N/A,03bd1097-f4fd-43d2-bbf7-43ab979315f9
4301,101996,Dumfries and Galloway,Scotland,Poisoning,February,2020,NX86,"Species targeted: Birds of Prey, Bird. Species involved: poison bait (Bread x5). Tested positive for: Aldicarb",https://www.heraldscotland.com/news/18371138.man-charged-deaths-birds-prey-dumfries-galloway/,278c8f1c-85f5-42fd-a18d-3d33af3d6844
4302,102642,Dumfries and Galloway,Scotland,Poisoning,January,2020,NX86,"Species involved: Buzzard x1, Rook x10. Tested positive for: Bendiocarb",https://www.heraldscotland.com/news/18371138.man-charged-deaths-birds-prey-dumfries-galloway/,1eb80b14-044f-4e4d-ba59-2e898c0a2cbd
4303,102643,Dumfries and Galloway,Scotland,Poisoning,January,2020,NX86,Species targeted: Birds of Prey. Species involved: Rook x2. Tested positive for: Bendiocarb,#N/A,10b023e4-7f5c-42bb-a632-273aea293311
4304,102644,Dumfries and Galloway,Scotland,Poisoning,January,2020,NX86,Species targeted: Birds of Prey. Species involved: Rook x1. Tested positive for: Bendiocarb,#N/A,ce337243-94da-4e5f-940c-b3d995065d85
4305,105852,Dumfries and Galloway,Scotland,Poisoning,February,2020,NX86,"Species targeted: Birds of Prey. Species involved: Blackbird x1, Rook x1. Tested positive for: Bendiocarb",#N/A,96e7ec37-b6e6-4378-b97b-0c53b31fdad0
4306,105853,Dumfries and Galloway,Scotland,Poisoning,February,2020,NX86,Species targeted: Birds of Prey. Species involved: Blackbird x2. Tested positive for: Bendiocarb,#N/A,f27f8f8b-2a67-42a7-8c94-f7da38cb6307
4307,92479,Dumfries and Galloway,Scotland,Poisoning,January,2010,NX97,"Species involved: Red Kite x1. Tested positive for: Carbofuran, Carbosulfan",No Link,eba02f5b-5084-4872-a329-0eb91ff45aa3
4308,97466,Dumfries and Galloway,Scotland,Shooting,April,2014,NX98,Species involved: Buzzard x1,https://www.dng24.co.uk/gamekeepe-guilty-of-buzzard-death/,7d707b39-b0b6-407c-9b8f-21370b005726
4309,91505,Cumbria,England,Poisoning,June,2009,NY01,Species targeted: Peregrine Falcon. Species involved: poison bait (Pigeon Bait (Species Unknown) x1). Tested positive for: Carbofuran,No Link,09c24ff2-6903-4a72-b5f6-1d6362137d7d
4310,91679,Cumbria,England,Poisoning,April,2009,NY01,"Species targeted: Peregrine Falcon. Species involved: poison bait (Pigeon Bait (Species Unknown) x1). Tested positive for: Aldicarb, Carbofuran, Carbosulfan",No Link,7eeac9e7-e927-4eb9-9513-6b796203eb66
4311,97032,Cumbria,England,Poisoning,February,2015,NY01,Species involved: Peregrine Falcon x1. Tested positive for: Carbofuran,https://www.rspb.org.uk/Images/legal-eagle-79_tcm9-421996.pdf,e8a89690-e638-4b35-8050-5c8dcba81811
4312,98180,Cumbria,England,Poisoning,February,2015,NY01,"Species targeted: Peregrine Falcon. Species involved: poison bait (Pigeon Bait (Species Unknown) x1). Tested positive for: Carbofuran, Methiocarb",https://www.rspb.org.uk/Images/legal-eagle-79_tcm9-421996.pdf,adeafdc8-75c4-4770-b260-6c0c4080864f
4313,98181,Cumbria,England,Poisoning,February,2015,NY01,"Species Involved: Buzzard x1; poison bait (Pigeon Bait (Species Unknown) x1). Tested positive for: Carbofuran, Methiocarb",https://www.rspb.org.uk/Images/legal-eagle-79_tcm9-421996.pdf,988f5f32-d58c-45ad-8dd9-9fbdf258cef6
4314,98182,Cumbria,England,Persecution (Other),April,2015,NY01,Species targeted: Peregrine Falcon. Possession of: Carbofuran,No Link,0571cad7-cbf3-4c61-8e77-565680a28f96
4315,97955,Cumbria,England,Nest Destruction,May,2015,NY02,Species targeted: Tawny Owl nest,No Link,d604deed-fe81-4954-b50e-272d9e35ad62
4316,90146,Dumfries and Galloway,Scotland,Trapping,August,2008,NY07,Species targeted: Birds of Prey,No Link,a1ecca51-54d8-437f-90db-0daace3f2815
4317,97464,Dumfries and Galloway,Scotland,Shooting,June,2014,NY08,Species involved: Peregrine Falcon x2,No Link,e5aae0d6-9503-408a-a44e-93f6026cc9fe
4318,95380,Cumbria,England,Trapping,October,2012,NY12,"Species involved: Sparrowhawk x1, Buzzard x1",No Link,62ee39a8-6203-4539-8357-bde11e13d0ef
4319,94141,Cumbria,England,Shooting,April,2011,NY26,Species involved: Tawny Owl x1,No Link,6787107d-b574-40a4-b2b3-8254219d06be
4320,90080,Dumfries and Galloway,Scotland,Poisoning,April,2008,NY27,Species Involved: Buzzard x4; poison bait (Rabbit Bait x1). Tested positive for: Alphachloralose,No Link,196d4e7d-1dc2-45e9-860c-70941f1150e9
4321,91731,Cumbria,England,Shooting,August,2009,NY35,Species involved: Buzzard x1,No Link,186e3056-025a-417f-ae45-d7d766790eb0
4322,96071,Dumfries and Galloway,Scotland,Trapping,September,2013,NY38,Species involved: Buzzard x1,No Link,96fd51a2-69fe-4cfe-a3ba-b3d23c1360e1
4323,88644,Cumbria,England,Shooting,January,2007,NY45,Species involved: Buzzard x1,No Link,ffd713ed-b1c9-4efd-83e7-d56daa87505e
4324,90664,Cumbria,England,Shooting,January,2009,NY45,Species involved: Buzzard x1,No Link,60f24ca5-936a-42e5-a4c8-50487a7761f5
4325,91538,Cumbria,England,Shooting,March,2009,NY45,Species involved: Buzzard x1,No Link,b18989aa-5fce-45ae-87de-62900cf0f970
4326,99938,Cumbria,England,Shooting,January,2018,NY45,Species involved: Peregrine Falcon x1,No Link,80d33fd4-607c-4e78-8a2a-aa14ffc0d525
4327,95914,Cumbria,England,Trapping,February,2013,NY52,Species involved: Buzzard x1,No Link,d77165a2-3bc3-4366-bb71-994966d385ba
4328,96003,Cumbria,England,Trapping,February,2013,NY52,Species involved: Buzzard x1,No Link,f87c0569-9d9e-400f-ad0a-c1b5e5f53f93
4329,96004,Cumbria,England,Trapping,February,2013,NY52,Species involved: Buzzard x1,No Link,7d04c913-81b0-4115-bc3b-6a62e36c376e
4330,104496,Cumbria,England,Trapping,February,2013,NY52,Species involved: Buzzard x1,No Link,1c3ce0a2-817b-4579-aebc-646704889d98
4331,104497,Cumbria,England,Trapping,February,2013,NY52,Species involved: Buzzard x1,No Link,8371d6f9-0c7b-447b-8700-924047f0298e
4332,104498,Cumbria,England,Trapping,February,2013,NY52,Species involved: Buzzard x1,No Link,560d7268-7585-4bab-8ac4-004588ac5445
4333,104499,Cumbria,England,Trapping,February,2013,NY52,Species involved: Buzzard x1,No Link,12b1c8d0-ea78-40d2-97f1-152028bb9cf1
4334,104500,Cumbria,England,Trapping,February,2013,NY52,Species involved: Buzzard x1,No Link,3df4b228-b1b7-43c8-901c-92cb0a12cebd
4335,104501,Cumbria,England,Trapping,February,2013,NY52,Species involved: Buzzard x1,No Link,e023c9a9-440d-47fc-9b1f-4e2b538d7ea5
4336,104502,Cumbria,England,Trapping,February,2013,NY52,Species involved: Buzzard x1,No Link,9f5e5e3c-6832-4052-ab0d-02820b68f2be
4337,93325,Cumbria,England,Shooting,September,2010,NY54,Species involved: Peregrine Falcon x1,No Link,bb9493f0-7e89-4045-9e35-fa77928f87be
4338,98850,Cumbria,England,Shooting,March,2017,NY54,Species involved: Peregrine Falcon x1,http://ww2.rspb.org.uk/our-work/rspb-news/news/439571-peregrine-falcon-found-dead-reveals-signs-of-shooting,3ee9d3bd-13fb-4979-8b3c-de768e261135
4339,96254,Cumbria,England,Poisoning,May,2013,NY55,Species targeted: Birds of Prey. Species involved: Raven x1. Tested positive for: Carbofuran,No Link,f320d4d4-52fd-40f6-9676-d243d3d89dc0
4340,104339,Northumberland,England,Shooting,May,2023,NY64,Species involved: Hen Harrier x1,"https://community.rspb.org.uk/ourwork/b/investigations/posts/investigations2023#:~:text=Dagda%2C%20a%20male%20Hen%20Harrier,being%20shot%20with%20a%20shotgun.",51eeb83e-53cf-4578-acaf-dae5e02d6131
4341,104668,Northumberland,England,Shooting,May,2023,NY64,Species involved: Hen Harrier x1,No Link,2d561d0a-e698-4526-9e5c-8cf534f38d6e
4342,104685,Northumberland,England,Shooting,January,2023,NY66,Species involved: Buzzard x1,No Link,d733ae31-a5a1-451e-b93e-84cec5986de5
4343,98577,Cumbria,England,Shooting,October,2016,NY70,Species involved: Hen Harrier x1,http://community.rspb.org.uk/ourwork/b/investigations/archive/2016/11/09/rowan-a-personal-reflection.aspx,2804b671-02f4-4675-bb1d-0e2943834b8a
4344,103654,Cumbria,England,Persecution (Other),April,2022,NY70,Species involved: Hen Harrier x1,https://naturalengland.blog.gov.uk/2023/05/05/the-death-of-free-a-natural-england-tagged-hen-harrier/,6d15e6d9-ca79-4a7d-b4a3-8cf796eb525c
4345,88350,Cumbria,England,Shooting,April,2007,NY71,Species involved: Buzzard x2,No Link,87d7b0a7-677a-48bc-8fc7-7b975490c7fe
4346,89053,Cumbria,England,Shooting,April,2007,NY71,Species involved: Buzzard x1,No Link,8314bc86-3f2c-457f-a3b7-1d4c7c67ed32
4347,100720,Cumbria,England,Shooting,April,2007,NY71,Species involved: Buzzard x1,No Link,56e37c1c-69ed-4cd2-92a9-9754c93af5d0
4348,100752,Cumbria,England,Shooting,April,2007,NY71,Species involved: Buzzard x1,No Link,ae3d3b95-efe4-40a1-bb2f-f5a64cb82325
4349,95493,Cumbria,England,Poisoning,September,2012,NY71,Species targeted: Birds of Prey. Species involved: poison bait (Duck Bait x1). Tested positive for: Carbofuran,No Link,64440897-7a60-451b-b9d4-4f3d05f1e47f
4350,95494,Cumbria,England,Poisoning,September,2012,NY71,Species Involved: Buzzard x1; poison bait (Pheasant Bait x1). Tested positive for: Carbofuran,No Link,e57f3dc9-4158-4c78-a397-bc8db1d276b7
4351,95495,Cumbria,England,Poisoning,September,2012,NY71,Species targeted: Birds of Prey. Species involved: poison bait (Duck Bait x1). Tested positive for: Carbofuran,No Link,87766d3f-4003-4859-86dd-148a7547899d
4352,95517,Cumbria,England,Persecution (Other),August,2012,NY71,"Species targeted: Birds of Prey, Corvidae",No Link,095328c2-8dee-4391-b712-bacde0534c1c
4353,104071,Cumbria,England,Shooting,December,2022,NY73,Species involved: Hen Harrier x1,No Link,590af0a3-c0e8-40c3-9543-853355e50d49
4354,104337,Cumbria,England,Shooting,December,2022,NY74,Species involved: Hen Harrier x1,No Link,feeca89c-8c98-405d-ab24-91cfbec57e90
4355,104100,Cumbria,England,Shooting,January,2023,NY74,Species involved: Buzzard x1,No Link,35bf1b1d-8b23-43fc-9b74-e31e478fe3dc
4356,105140,Northumberland,England,Shooting,February,2024,NY75,Species involved: Hen Harrier x1,https://raptorpersecutionuk.org/2025/11/14/hen-harrier-susie-whose-chicks-were-stamped-to-death-in-2022-has-been-found-dead-on-a-north-pennines-grouse-moor-with-gunshot-injuries/,adb5438f-f426-4d92-8192-e436ab524a27
4357,97614,Northumberland,England,Trapping,August,2015,NY76,Species involved: Buzzard x1,No Link,80acfd92-129f-4286-bd25-e242beaec578
4358,104637,Northumberland,England,Shooting,January,2023,NY76,Species involved: Buzzard x1,No Link,661218d1-5cf4-4caa-ba58-6ef4223e2cf4
4359,94324,North Yorkshire,England,Shooting,October,2011,NY80,Species involved: Buzzard x1,No Link,28df8da7-f794-4d76-bb07-5dc75dd75dec
4360,104823,North Yorkshire,England,Persecution (Other),October,2023,NY80,Species involved: Hen Harrier x1,No Link,7548a37d-5008-42b0-86e2-ebb34685e366
4361,97675,County Durham,England,Shooting,February,2015,NY82,Species involved: Short-eared Owl x1,https://www.rspb.org.uk/our-work/rspb-news/news/408763-owls-found-shot-in-county-durham,9cbdf883-028a-4dbd-8385-ed0427826780
4362,100742,County Durham,England,Shooting,February,2015,NY82,Species involved: Short-eared Owl x1,https://www.rspb.org.uk/our-work/rspb-news/news/408763-owls-found-shot-in-county-durham,ec344ac0-5745-4883-8c95-bc861ce6b332
4363,102622,County Durham,England,Shooting,April,2021,NY82,Species involved: Short-eared Owl x1,https://raptorpersecutionscotland.wordpress.com/2021/10/20/short-eared-owl-confirmed-shot-in-teesdale-grouse-moor-area-where-two-short-eared-owls-previously-found-shot/ ; https://www.thenorthernecho.co.uk/news/19658654.short-eared-owl-shot-killed-teesdal,854a8c84-9c0c-4b33-8462-3abe8209f9b3
4364,88892,County Durham,England,Shooting,October,2007,NY83,Species involved: Buzzard x1,No Link,b2282785-0598-41fb-be7c-fc71392e2573
4365,104634,County Durham,England,Shooting,December,2023,NY83,Species involved: Short-eared Owl x1,No Link,48755385-b33c-4db1-a1af-a1790021f1a1
4366,97593,Northumberland,England,Poisoning,March,2015,NY86,Species involved: Buzzard x1. Tested positive for: Alphachloralose,No Link,49cf42fe-1fcc-41bc-af23-ff65234b144c
4367,96682,Northumberland,England,Shooting,April,2013,NY89,Species involved: Buzzard x1,No Link,506ed36d-e7cf-4733-bc32-39cb110a8961
4368,105487,Northumberland,England,Shooting,July,2024,NY89,Species involved: Hen Harrier x1,Blank,ac524af3-0157-4eb8-9a3b-15976865e9eb
4369,99969,County Durham,England,Shooting,August,2018,NY90,Species involved: Short-eared Owl x1,No Link,2273e1f5-5e26-4193-ae47-b6dd6983abcb
4370,94228,County Durham,England,Shooting,August,2011,NY91,Species involved: Marsh Harrier x1,No Link,fd77f35b-c20e-47bb-a8f5-6bdcf0fd9a51
4371,102058,County Durham,England,Persecution (Other),March,2021,NY91,Species involved: Hen Harrier x1,https://raptorpersecutionuk.org/2022/08/25/hen-harriers-wings-removed-its-satellite-tag-fitted-to-a-crow-in-sick-ploy-to-disguise-the-crime/,9d3521d4-2db6-4207-8a5c-778f47a2554e
4372,105446,County Durham,England,Persecution (Other),June,2024,NY93,Species involved: Hen Harrier x1,Blank,cb4d5978-a4d8-46a1-b7f4-ca9ddef43d29
4373,105448,County Durham,England,Persecution (Other),June,2024,NY93,Species involved: Hen Harrier x1,Blank,3bb8cb75-2bea-4e28-82df-2bb8d2a68f0e
4374,105503,County Durham,England,Persecution (Other),June,2024,NY93,Species involved: Hen Harrier x1,Blank,62602fe5-3258-47a4-b8a2-ce62c71615d7
4375,105504,County Durham,England,Persecution (Other),June,2024,NY93,Species involved: Hen Harrier x1,Blank,e986a2fe-f1bd-4069-b630-3254c4e8a767
4376,105505,County Durham,England,Persecution (Other),June,2024,NY93,Species involved: Hen Harrier x1,Blank,87974e6b-5a3c-4172-a599-0e4c16086ab2
4377,88933,County Durham,England,Poisoning,January,2007,NY94,"Species targeted: Birds of Prey, Corvidae, Non-bird. Species involved: poison bait (Rabbit Bait x1). Tested positive for: Alphachloralose",No Link,ee435060-2d86-4b8b-ae7d-2ef6bf777c25
4378,104001,County Durham,England,Shooting,October,2022,NY94,Species involved: Red Kite x1,https://www.birdguides.com/news/red-kite-found-shot-and-poisoned-in-co-durham/,e3f3e19e-fa56-415e-8aa2-814e959eebdb
4379,100868,East Riding of Yorkshire,England,Shooting,August,2019,SE85,Species involved: Buzzard x1,https://raptorpersecutionscotland.wordpress.com/2019/09/12/buzzard-shot-injured-humberside-police-appeal-for-info/,0fe85be5-1757-4e84-adda-ad4be5bd230a
4380,104164,County Durham,England,Poisoning,October,2022,NY94,"Species involved: Red Kite x1. Tested positive for: Bendiocarb, Carbofuran",https://www.birdguides.com/news/red-kite-found-shot-and-poisoned-in-co-durham/,ab47958d-6905-404e-baf4-c1ec93e90f01
4381,92606,Northumberland,England,Poisoning,February,2010,NY95,Species involved: Red Kite x2. Tested positive for: Alphachloralose,No Link,471005ed-77ec-49ee-af33-57d6a5c354a1
4382,96476,Northumberland,England,Shooting,September,2013,NY95,Species involved: Buzzard x1,No Link,70535108-fb22-473b-9b15-8dc305e83c6c
4383,97154,Northumberland,England,Shooting,April,2015,NY95,Species involved: Buzzard x1,No Link,0a370874-544a-4e41-a935-2d952283c560
4384,100409,Northumberland,England,Shooting,April,2019,NY95,Species involved: Buzzard x1,https://community.rspb.org.uk/ourwork/b/investigations/posts/two-shot-buzzards-found-in-northumberland-problem-area,2d455210-f245-47e6-a79d-b9844047a9ff
4385,100410,Northumberland,England,Shooting,May,2019,NY95,Species involved: Buzzard x1,https://community.rspb.org.uk/ourwork/b/investigations/posts/two-shot-buzzards-found-in-northumberland-problem-area,8007288d-d73f-4368-a7d0-6b706e4eaee0
4386,104327,Northumberland,England,Shooting,October,2022,NY95,Species involved: Red Kite x1,No Link,51c38e90-28a9-4a35-be10-3630e4da802d
4387,98238,Northumberland,England,Persecution (Other),April,2016,NY99,Species targeted: Peregrine Falcon,No Link,003cf6cd-c1bb-4078-afa9-e9b9d61b7fa1
4388,88375,North Yorkshire,England,Poisoning,March,2007,NZ00,Species Involved: Buzzard x1; poison bait (Rabbit Bait x1). Tested positive for: Alphachloralose,No Link,d05e8b72-3599-4a75-8334-67bfc3ea27c0
4389,94116,North Yorkshire,England,Shooting,June,2011,NZ00,Species involved: Kestrel x1,No Link,29751e1c-81e1-4694-88cc-4caee5a5d359
4390,96869,North Yorkshire,England,Persecution (Other),December,2014,NZ00,Species targeted: Birds of Prey. Possession of: Alphachloralose,https://community.rspb.org.uk/ourwork/b/investigations/archive/2016/12/09/more-dark-secrets-in-north-yorkshire.aspx,fd2464ad-deae-4edd-8088-694eea95253e
4391,97235,North Yorkshire,England,Persecution (Other),April,2015,NZ00,"Species targeted: Birds of Prey. Possession of: Alphachloralose, Bendiocarb",https://community.rspb.org.uk/ourwork/b/investigations/archive/2016/12/09/more-dark-secrets-in-north-yorkshire.aspx,92801d9b-c86f-4acb-a5fc-7e51d1d6acc9
4392,97687,County Durham,England,Shooting,August,2015,NZ00,Species involved: Peregrine Falcon x1,https://www.rspb.org.uk/our-work/rspb-news/news/402855-shot-peregrine-falcon-found-in-county-durham,a5948185-5508-4faf-9476-ad182b05de4b
4393,98357,North Yorkshire,England,Persecution (Other),April,2015,NZ00,Species targeted: Birds of Prey,http://community.rspb.org.uk/ourwork/b/investigations/archive/2016/12/09/more-dark-secrets-in-north-yorkshire.aspx,b3d5203c-b5a1-48a6-b598-ce16bc6cecee
4394,98358,North Yorkshire,England,Nest Destruction,June,2016,NZ00,Species targeted: Buzzard nest,No Link,82cc34a7-7208-46eb-96e8-62bc3c5b4a6d
4395,99020,North Yorkshire,England,Shooting,April,2017,NZ00,Species involved: Sparrowhawk x1,https://raptorpersecutionscotland.wordpress.com/2017/05/09/sparrowhawk-shot-dead-in-north-yorkshire-police-appeal-for-info/,721702a1-d0d1-4bca-9de5-8627145af9b9
4396,101842,County Durham,England,Poisoning,September,2020,NZ01,Species involved: Buzzard x2. Tested positive for: Carbofuran,https://www.durham.police.uk/News/News-Articles/2021/April/Operation-targets-raptor-persecution.aspx,132087ba-0174-482e-bc9c-b167b1d52191
4397,93157,County Durham,England,Poisoning,April,2010,NZ02,Species involved: Red Kite x1. Tested positive for: Carbofuran,No Link,c2d25153-3806-438c-bc0d-f66e932c34e3
4398,93209,County Durham,England,Shooting,April,2010,NZ02,Species involved: Buzzard x1,No Link,bde4cb00-1204-4a02-8e95-8597836de436
4399,96227,County Durham,England,Trapping,December,2013,NZ04,Species involved: Merlin x1,No Link,dbae9c0e-bdb1-4098-9f1f-eee4cb27b5b6
4400,97171,County Durham,England,Poisoning,December,2014,NZ04,"Species involved: Red Kite x1. Tested positive for: Aldicarb, Carbofuran, Methiocarb",No Link,7ae2e1dc-44e7-4846-86f0-204f7c1df313
4401,99780,County Durham,England,Shooting,April,2018,NZ04,Species involved: Red Kite x1,https://www.rspb.org.uk/about-the-rspb/about-us/media-centre/press-releases/seventh-red-kite-persecuted-in-north-pennines-problem-area/,9a5ccc8f-5445-4ee3-b5b9-b295da01f048
4402,102911,County Durham,England,Persecution (Other),November,2021,NZ04,Species involved: Red Kite x1,No Link,cacc5cc9-bcb2-4550-9696-34a18f3a7002
4403,103546,County Durham,England,Persecution (Other),May,2022,NZ04,Species targeted: Birds of Prey,No Link,4917cadb-85ce-4a6a-ae61-08cb1ba7ef4f
4404,104195,County Durham,England,Shooting,March,2023,NZ04,Species involved: Red Kite x1,"Yes, find and add",dd76a2fb-ad88-405d-8a05-1c2a80fea1c4
4405,93374,Northumberland,England,Poisoning,June,2010,NZ05,Species involved: Red Kite x1. Tested positive for: Carbofuran,No Link,d94531c9-7cb4-4731-9e7f-be0b72587242
4406,95828,Northumberland,England,Trapping,December,2012,NZ05,Species involved: Buzzard x3,No Link,aea7a3f2-723a-4b43-9068-bd8fb315a6a0
4407,102893,County Durham,England,Poisoning,February,2021,NZ05,"Species involved: Red Kite x1. Tested positive for: Bendiocarb, Carbofuran",No Link,20de27fa-9116-4205-a910-4f259e663b47
4408,102892,Northumberland,England,Poisoning,February,2021,NZ06,Species involved: Red Kite x1. Tested positive for: Carbofuran,No Link,a9d4a8db-0f7f-4289-b0b5-3d6ed2d18a73
4409,100392,North Yorkshire,England,Shooting,March,2019,NZ10,Species involved: Buzzard x1,No Link,42db8142-9f61-4c80-88f3-a7ca84ec7aad
4410,100513,North Yorkshire,England,Shooting,March,2019,NZ10,Species involved: Buzzard x1,No Link,282f67db-2ce2-4065-9e39-118f1d70e6fc
4411,104640,North Yorkshire,England,Poisoning,April,2023,NZ10,Species involved: Buzzard x1. Tested positive for: Bendiocarb,No Link,d6926b2e-9ba2-489b-ad55-0236714a32e0
4412,92565,Tyne and Wear,England,Shooting,December,2009,NZ15,Species involved: Red Kite x1,No Link,38272e4b-43e6-4eec-a98a-4037f948bb24
4413,98476,County Durham,England,Shooting,March,2016,NZ15,Species involved: Red Kite x1,http://www.bbc.co.uk/news/uk-england-tyne-36130194,23f9848d-d9bc-451c-93b7-c66384e07663
4414,97172,Northumberland,England,Poisoning,November,2014,NZ16,Species involved: Red Kite x2. Tested positive for: Methiocarb,No Link,5a369c88-ba4f-43ea-8a8d-8781ad64e742
4415,98429,Northumberland,England,Shooting,November,2014,NZ16,Species involved: Red Kite x1,No Link,d8555ae4-d0e4-4787-bd26-fd6f42842846
4416,101226,Northumberland,England,Shooting,November,2014,NZ16,Species involved: Red Kite x1,No Link,803ca978-1aa8-4e85-bd10-f0dbdc79c82c
4417,93781,Northumberland,England,Shooting,March,2009,NZ17,Species involved: Sparrowhawk x1,No Link,3c437d6d-0f3b-4cae-a85f-7723faec1868
4418,98415,North Yorkshire,England,Shooting,August,2016,NZ21,Species involved: Buzzard x1,https://northyorkshire.police.uk/news/police-investigation-following-richmondshire-buzzard-shooting/,1fd2d7d5-bcb8-4a95-a469-54783eba610e
4419,93401,County Durham,England,Shooting,March,2010,NZ22,Species involved: Sparrowhawk x1,No Link,e89e1933-a12d-4a73-b376-c3fdad38c733
4420,97169,County Durham,England,Shooting,January,2014,NZ23,Species involved: Sparrowhawk x1,No Link,afd70d7f-7404-4052-8f53-22a996fe593f
4421,100542,County Durham,England,Shooting,July,2018,NZ23,Species involved: Long-eared Owl x1,No Link,6df36d50-6c45-4260-a856-8e18c2d80ddf
4422,90074,County Durham,England,Shooting,July,2008,NZ25,Species involved: Kestrel x1,No Link,48a814a7-73f2-44ca-ae1b-3bedd9df9981
4423,105041,Tyne and Wear,England,Shooting,May,2023,NZ25,Species involved: Osprey x1,https://www.bbc.co.uk/news/uk-england-tyne-65809658,da6ed735-2676-4be2-9b6f-be91e9f60b09
4424,104084,Northumberland,England,Trapping,January,2023,NZ29,Species involved: Tawny Owl x1,No Link,f1b5aa96-7952-44fc-8051-542206c50bbd
4425,97511,County Durham,England,Shooting,June,2015,NZ33,Species involved: Peregrine Falcon x1,https://www.bbc.co.uk/news/uk-england-tees-33365334,1f28cf87-263b-4967-bd03-99d5c5782904
4426,94667,County Durham,England,Shooting,November,2011,NZ35,Species involved: Barn Owl x1,No Link,ee405cd2-4636-4689-a661-29867d0c5e3e
4427,94630,Tyne and Wear,England,Persecution (Other),February,2012,NZ35,"Species targeted: Birds of Prey, Non-bird. Possession of: Carbofuran",No Link,97e9ddcb-f241-46f6-a981-936af0dad31c
4428,88402,North Yorkshire,England,Trapping,May,2007,NZ40,Species targeted: Birds of Prey,No Link,deb1ead4-d393-431e-85e6-f3d22f9e0612
4429,87895,Cleveland,England,Shooting,February,2007,NZ41,Species involved: Sparrowhawk x1,No Link,d8da023a-e46c-4d37-8b6c-a9a76a86fe8a
4430,93701,Cleveland,England,Trapping,April,2010,NZ41,Species targeted: Sparrowhawk,No Link,6991fa4a-e303-411f-8c2a-af1ce28d4d70
4431,88902,County Durham,England,Trapping,September,2007,NZ44,Species targeted: Sparrowhawk,No Link,02e7ffa1-44e4-4ee1-91ed-6bff20bfde28
4432,88903,County Durham,England,Trapping,September,2007,NZ44,Species targeted: Sparrowhawk,No Link,97e8acb3-eb61-42fd-b053-2292e31e436d
4433,89507,County Durham,England,Poisoning,September,2007,NZ44,Species targeted: Birds of Prey. Species involved: Cat x1. Tested positive for: Aldicarb,No Link,4100df5b-d753-4fb6-a0b5-e2e6f5c1ddac
4434,102386,County Durham,England,Shooting,February,2021,NZ44,Species involved: Tawny Owl x1,No Link,c0e930bf-7e6d-4b29-8d3d-567ee0c3d66b
4435,88403,North Yorkshire,England,Trapping,May,2007,NZ50,Species targeted: Birds of Prey,No Link,14a8b689-7b8d-49de-b737-5785db2300e7
4436,92433,North Yorkshire,England,Shooting,May,2009,NZ50,Species involved: Kestrel x1,No Link,0e6c6502-ab9b-4b61-8328-f5a2e95caef0
4437,93525,North Yorkshire,England,Shooting,October,2009,NZ50,Species involved: Goshawk x1,No Link,1694cfa9-31f3-44c4-a735-a77e6384ac7d
4438,101234,North Yorkshire,England,Poisoning,March,2020,NZ50,Species involved: Buzzard x1. Tested positive for: Alphachloralose,https://raptorpersecutionscotland.wordpress.com/2020/07/25/yet-another-poisoned-buzzard-found-dead-on-a-grouse-moor-in-north-york-moors-national-park/,a33d3de9-b483-4979-a8da-950239cdaacd
4439,103378,Cleveland,England,Shooting,April,2022,NZ52,Species involved: Buzzard x1,No Link,26b61fc7-1d18-4e93-b6c0-b8a71f789dca
4440,98366,North Yorkshire,England,Shooting,July,2016,NZ60,Species involved: Buzzard x1,https://www.birdguides.com/news/buzzard-found-shot-in-national-park/,fc9734c5-d14e-45af-81b9-95ee83a6af98
4441,99925,North Yorkshire,England,Poisoning,January,2018,NZ60,Species involved: Buzzard x1. Tested positive for: Alphachloralose,https://www.rspb.org.uk/about-the-rspb/about-us/media-centre/press-releases/buzzard-found-poisoned-on-north-york-moors/,a74e077f-210a-4451-a2b9-bf13cfe01868
4442,104688,North Yorkshire,England,Shooting,June,2023,NZ60,Species involved: Red Kite x1,https://www.bbc.co.uk/news/articles/c0dpee0dw1yo,7eb8f6c3-43ec-43ce-80ad-3a52e81d1b0e
4443,104689,North Yorkshire,England,Shooting,June,2023,NZ60,Species involved: Red Kite x1,https://www.bbc.co.uk/news/articles/c0dpee0dw1yo,ee529acf-fab2-48bf-8cac-e55f4f6f5db1
4444,99912,Cleveland,England,Shooting,May,2018,NZ61,Species involved: Buzzard x1,https://raptorpersecutionscotland.wordpress.com/2018/05/17/police-appeal-after-buzzard-found-shot-in-north-york-moors-national-park/,503bf912-99c3-494e-ae91-fe57736f2e6c
4445,101398,North Yorkshire,England,Poisoning,June,2020,NZ61,Species targeted: Birds of Prey. Species involved: poison bait (Rabbit Bait x1). Tested positive for: Bendiocarb,No Link,63a65f0d-264b-464a-b1dd-4e8ff7b3fb8d
4446,102635,Cleveland,England,Poisoning,February,2021,NZ61,Species involved: Buzzard x1. Tested positive for: Aldicarb,No Link,cb0ac02c-e42f-47b1-92fc-0869f4fba17c
4447,95023,Merseyside,England,Persecution (Other),February,2012,SD30,Species involved: Barn Owl x6,No Link,b0fe4cfc-5746-472d-b67d-286a8ef3348e
4448,95025,Merseyside,England,Shooting,February,2012,SD30,Species involved: Buzzard x1,No Link,50e9d675-d2a0-47ef-b4ed-6515f1a57449
4449,98829,Lancashire,England,Shooting,February,2017,SD32,Species involved: Peregrine Falcon x1,http://www.bbc.co.uk/news/uk-england-lancashire-39008544,3e4d2f2a-d90d-4722-8863-fe73150f4b0f
4450,94024,Cumbria,England,Shooting,April,2011,SD38,Species involved: Red Kite x1,No Link,42696f55-252a-4d38-9ebc-e99b757c45ad
4451,94011,Cumbria,England,Poisoning,January,2011,SD39,Species involved: Red Kite x1. Tested positive for: Bendiocarb,No Link,4a8e5272-06a5-46d7-8c62-9d4ea9df2ed8
4452,95425,Lancashire,England,Shooting,November,2012,SD41,Species involved: Buzzard x1,http://www.itv.com/news/granada/update/2012-11-12/police-appeal-after-buzzard-is-shot/,eb0a5ab6-c793-4582-aa35-2f077cfdaafe
4453,99478,Lancashire,England,Shooting,December,2017,SD41,Species involved: Marsh Harrier x1,No Link,e05c7f3a-d69a-4fa2-833b-8b0d766e6d96
4454,95576,Lancashire,England,Shooting,January,2013,SD42,Species involved: Peregrine Falcon x1,No Link,0324f00b-cea3-4bcd-a7a9-84ae01c722b2
4455,88528,Cumbria,England,Trapping,July,2007,SD49,Species involved: Buzzard x1,No Link,be9d08dc-3a9b-4dc0-a5c2-8c4a5625c34a
4456,95368,Lancashire,England,Trapping,October,2012,SD52,Species targeted: Birds of Prey,No Link,0f04d7d9-4fac-48b6-93c9-66470f055a76
4457,89458,Lancashire,England,Trapping,April,2008,SD54,Species involved: Buzzard x1,No Link,32d85a25-5769-4856-85ec-1502e09276aa
4458,93313,Lancashire,England,Poisoning,March,2010,SD54,Species involved: Buzzard x2. Tested positive for: Alphachloralose,No Link,8420bf26-eaf6-4032-8fe7-864f3cb149aa
4459,98185,Lancashire,England,Shooting,April,2016,SD54,Species involved: Peregrine Falcon x1,https://community.rspb.org.uk/ourwork/b/investigations/archive/2018/08/08/peregrine_2d00_persecution_2d00_filmed_2d00_bowland.aspx,8a8a2096-c9b5-470d-851a-218b3dde3bf1
4460,98186,Lancashire,England,Trapping,April,2016,SD54,Species involved: Peregrine Falcon x1,https://community.rspb.org.uk/ourwork/b/investigations/archive/2018/08/08/peregrine_2d00_persecution_2d00_filmed_2d00_bowland.aspx,5d39c72d-04a0-4d41-9410-39ef188456e6
4461,88672,Lancashire,England,Shooting,July,2007,SD55,Species involved: Peregrine Falcon x1,No Link,f51e52ad-7a89-4aa4-b2c5-b01cb3f7951c
4462,96192,Lancashire,England,Shooting,October,2013,SD56,Species involved: Buzzard x1,No Link,4ca97f7c-1433-4383-a3b5-ffd8cafcbfc5
4463,96405,Greater Manchester,England,Shooting,June,2013,SD60,Species involved: Buzzard x1,No Link,e7350c8f-4aad-463e-b58d-d017cf7e9ab9
4464,93045,Lancashire,England,Shooting,June,2010,SD62,Species involved: Peregrine Falcon x3,No Link,1c6bde46-7d8b-4891-887a-a71c64e7c8fd
4465,95029,Lancashire,England,Persecution (Other),June,2012,SD64,Species involved: Peregrine Falcon x1,No Link,4e4a3660-020b-4a4a-af0f-60ad5e85a20c
4466,104997,Lancashire,England,Persecution (Other),June,2012,SD64,Species involved: Peregrine Falcon x1,No Link,6e62c160-30df-4f18-ae4f-28a245ad04b3
4467,104999,Lancashire,England,Persecution (Other),June,2012,SD64,Species involved: Peregrine Falcon x1,No Link,8566c159-24f4-47ff-ad42-47c28ee7e8b0
4468,105185,Lancashire,England,Shooting,March,2023,SD65,Species involved: Hen Harrier x1,No Link,73dfb0f9-90d3-4561-892f-dab627ef5377
4469,104636,Lancashire,England,Shooting,May,2023,SD66,Species involved: Peregrine Falcon x1,No Link,5a5cba3e-8360-4047-986c-6d69983f6149
4470,100599,Greater Manchester,England,Shooting,May,2019,SD70,Species involved: Peregrine Falcon x1,https://raptorpersecutionscotland.wordpress.com/2019/05/16/peregrine-found-suspected-shot-at-elton-reservoir-in-bury/,28be3dc3-efd1-4f25-b1e0-9669f079d42c
4471,98746,Lancashire,England,Shooting,September,2016,SD73,Species involved: Kestrel x1,No Link,06b6efef-3afb-4c15-9baa-d8250bedba7c
4472,90273,Lancashire,England,Shooting,September,2008,SD74,Species involved: Peregrine Falcon x1,No Link,aa0bdabe-17d3-46de-b050-f80f501ce53c
4473,93379,Cumbria,England,Shooting,August,2010,SD78,Species involved: Red Kite x1,No Link,976349d3-05c6-4c43-a6eb-8a348f042702
4474,97022,Cumbria,England,Trapping,February,2015,SD78,Species targeted: Birds of Prey,No Link,90175d6d-431b-4d8e-8332-5cf46b499f40
4475,98945,Cumbria,England,Shooting,April,2017,SD78,Species involved: Short-eared Owl x1,https://community.rspb.org.uk/ourwork/b/investigations/archive/2018/08/28/short-eared-owl-shooting-a-tale-of-the-unexpected.aspx,de5a7d03-8e27-489b-b863-62c071165b6e
4476,98946,Cumbria,England,Shooting,April,2017,SD78,Species involved: Short-eared Owl x1,https://community.rspb.org.uk/ourwork/b/investigations/archive/2018/08/28/short-eared-owl-shooting-a-tale-of-the-unexpected.aspx,4fcca463-533b-479f-a300-95f08f450ea6
4477,99015,Cumbria,England,Persecution (Other),April,2017,SD78,"Species targeted: Goshawk, Sparrowhawk, Buzzard, Kestrel, Peregrine Falcon, Herring Gull",No Link,6af215f1-0893-4488-9209-8f30b7ca663d
4478,99017,Cumbria,England,Shooting,May,2017,SD78,Species involved: Buzzard x1,http://www.itv.com/news/border/update/2017-05-10/police-appeal-for-bird-shooter/,646ed2a4-7887-42ae-b4d2-329c29103c07
4479,101184,Cumbria,England,Persecution (Other),April,2020,SD78,"Species targeted: Birds of Prey, Hen Harrier",https://community.rspb.org.uk/ourwork/b/investigations/posts/through-rspb-binoculars-our-summary-of-the-2020-hen-harrier-season-in-england,88139150-651f-4c0a-bce5-e7de7a502039
4480,104070,North Yorkshire,England,Persecution (Other),June,2022,SD78,Species involved: Hen Harrier x1,https://www.northyorkshire.police.uk/news/north-yorkshire/news/appeals/2022/12-december/hen-harrier-nest-investigation---police-appeal-for-information/,487d4002-19f8-4c1a-9580-510dbcc7825e
4481,104485,North Yorkshire,England,Persecution (Other),June,2022,SD78,Species involved: Hen Harrier x1,https://www.northyorkshire.police.uk/news/north-yorkshire/news/appeals/2022/12-december/hen-harrier-nest-investigation---police-appeal-for-information/,c1bff44f-b05e-442a-9ff4-66a011465ba6
4482,104486,North Yorkshire,England,Persecution (Other),June,2022,SD78,Species involved: Hen Harrier x1,https://www.northyorkshire.police.uk/news/north-yorkshire/news/appeals/2022/12-december/hen-harrier-nest-investigation---police-appeal-for-information/,64da655f-7646-48df-a796-968a71f39d01
4483,104487,North Yorkshire,England,Persecution (Other),June,2022,SD78,Species involved: Hen Harrier x1,https://www.northyorkshire.police.uk/news/north-yorkshire/news/appeals/2022/12-december/hen-harrier-nest-investigation---police-appeal-for-information/,4c4420e0-502c-43d2-8ef5-2c33d7a7961c
4484,94970,Lancashire,England,Persecution (Other),March,2011,SD82,Species involved: Owls x1,No Link,c526baaa-7ce6-4138-8eb4-506c4476bbde
4485,104633,Lancashire,England,Shooting,September,2023,SD83,Species involved: Peregrine Falcon x1,No Link,a08aa84a-5c1f-49dc-a860-c55a586e4a41
4486,105659,Lancashire,England,Shooting,March,2024,SD84,"Species involved: Tawny Owl x1, Woodpigeon x1",https://raptorpersecutionuk.org/2025/04/29/lancashire-man-convicted-of-shooting-tawny-owl-in-local-park/,f6595087-075c-4179-995a-c477a405c773
4487,92526,North Yorkshire,England,Poisoning,February,2010,SD88,Species Involved: Buzzard x2; poison bait (Rabbit Bait x2). Tested positive for: Alphachloralose,No Link,6e72fed8-9baa-4e73-a6f4-57fb5870409d
4488,98202,North Yorkshire,England,Trapping,May,2016,SD88,"Species targeted: Birds of Prey, Hen Harrier",http://community.rspb.org.uk/ourwork/b/investigations/archive/2016/06/01/proceed-with-caution.aspx,57c8506d-ca1f-49d4-b3e3-c286b7eb8450
4489,98203,North Yorkshire,England,Trapping,May,2016,SD88,"Species targeted: Birds of Prey, Hen Harrier",http://community.rspb.org.uk/ourwork/b/investigations/archive/2016/06/01/proceed-with-caution.aspx,183584dc-7f08-4968-a780-58b92d04644a
4490,98204,North Yorkshire,England,Trapping,May,2016,SD88,"Species targeted: Birds of Prey, Hen Harrier",http://community.rspb.org.uk/ourwork/b/investigations/archive/2016/06/01/proceed-with-caution.aspx,d4bb3c7d-e93c-4de6-ab57-ca9988b5f350
4491,98756,North Yorkshire,England,Trapping,Withheld,2016,SD88,Species involved: Kestrel x1,http://community.rspb.org.uk/ourwork/b/investigations/archive/2016/06/01/proceed-with-caution.aspx,75eb5a1a-a384-4cea-b2c4-54bb866c944d
4492,98757,North Yorkshire,England,Trapping,Withheld,2016,SD88,Species involved: Falcons x1,http://community.rspb.org.uk/ourwork/b/investigations/archive/2016/06/01/proceed-with-caution.aspx,d99ba949-b3c1-4a12-947b-817d66742928
4493,104579,North Yorkshire,England,Persecution (Other),April,2023,SD89,Species involved: Hen Harrier x1,No Link,9185d6d1-132b-4f2a-9b9c-318b53f1925e
4494,95306,West Yorkshire,England,Shooting,October,2012,SD93,Species involved: Marsh Harrier x1,No Link,42f456aa-a3f7-4e5a-9c67-6c8feb45f80c
4495,99997,West Yorkshire,England,Persecution (Other),April,2018,SD93,Species involved: Hen Harrier x2,No Link,ac14bdc9-7160-4620-b15e-f90007ecb704
4496,98174,North Yorkshire,England,Poisoning,January,2016,SD94,Species targeted: Buzzard. Species involved: Dog x1. Tested positive for: Strychnine,No Link,a688afd7-cbea-4440-b871-202106f53989
4497,93943,North Yorkshire,England,Poisoning,August,2010,SD96,"Species targeted: Birds of Prey. Species involved: Dog x1. Tested positive for: Aldicarb, Aldicarb",No Link,04246ec4-c4e9-40c2-86f0-74195c3c69b9
4498,99092,North Yorkshire,England,Shooting,May,2017,SD96,Species involved: Buzzard x1,https://community.rspb.org.uk/ourwork/b/investigations/archive/2017/05/31/buzzards-yorkshire.aspx,6eb536c8-d073-49cd-bd98-c93ccecfa8a0
4499,103862,North Yorkshire,England,Shooting,August,2022,SD96,Species involved: Red Kite x1,No Link,b0d9a4f7-1e69-4cc6-9335-fb7b384afeb1
4500,100353,North Yorkshire,England,Persecution (Other),May,2019,SD97,Species targeted: Birds of Prey,No Link,d3d0325d-7abc-4749-bfd1-0f4f39b7a6d6
4501,88569,North Yorkshire,England,Poisoning,April,2007,SD98,Species targeted: Birds of Prey. Species involved: Lesser Black-backed Gull x1; poison bait (Rabbit Bait x1). Tested positive for: Alphachloralose,No Link,b0c2b4fc-2e8d-46a8-8bf6-3829191eb4a1
4502,88572,North Yorkshire,England,Poisoning,April,2007,SD98,Species targeted: Birds of Prey. Species involved: poison bait (Rabbit Bait x1). Tested positive for: Alphachloralose,No Link,4b6a55d0-8763-4e3a-966a-2a67bcb318a1
4503,88574,North Yorkshire,England,Poisoning,April,2007,SD98,Species targeted: Birds of Prey. Species involved: poison bait (Rabbit Bait x1). Tested positive for: Alphachloralose,No Link,c1fca117-b8b0-4d5c-b8c0-8645653466ca
4504,98559,North Yorkshire,England,Trapping,August,2016,SD99,"Species targeted: Birds of Prey, Bird",No Link,c83de0bd-f850-4fc5-955b-14a25995fd78
4505,98560,North Yorkshire,England,Trapping,August,2016,SD99,Species involved: Kestrel x1,No Link,c41ecc9d-d27e-4612-ab42-1715691c5829
4506,100446,North Yorkshire,England,Trapping,May,2019,SD99,Species involved: Tawny Owl x1,No Link,e64c5679-5c97-4804-b5e8-9a4a5f02a4bc
4507,88472,West Yorkshire,England,Nest Destruction,April,2007,SE00,Species targeted: Peregrine Falcon nest,No Link,421e3ac6-5e5e-4204-8547-d956585f4e6a
4508,95614,Greater Manchester,England,Shooting,February,2013,SE00,Species involved: Sparrowhawk x1,No Link,46eb0998-aeb6-49ff-84b5-c895beeb72e9
4509,99920,Greater Manchester,England,Shooting,June,2018,SE00,Species involved: Red Kite x1,https://www.rspb.org.uk/our-work/rspb-news/news/stories/shot-red-kite-like-balloon-bursting/,5f72c321-d2a9-472f-838f-76f95c09eab6
4510,100014,West Yorkshire,England,Shooting,September,2018,SE00,Species involved: Short-eared Owl x1,https://www.rspb.org.uk/our-work/rspb-news/news/stories/two-owls-found-shot-in-peak-district/,44948a34-3910-4b67-baef-c428b3996c1a
4511,100030,West Yorkshire,England,Shooting,October,2018,SE00,Species involved: Tawny Owl x1,https://www.yorkshirepost.co.uk/news/crime/police-appeal-over-two-protected-owls-shot-dead-on-moorland-near-holmfirth-1-9479405,8885675c-76be-48e6-a6f9-cb3301a82247
4512,101176,Greater Manchester,England,Shooting,May,2020,SE00,Species involved: Buzzard x1,https://community.rspb.org.uk/ourwork/b/investigations/posts/buzzard-found-shot-twice-in-peak-district-national-park,f11f4704-21b9-4169-8e19-a40a4b4334e7
4513,101194,Greater Manchester,England,Shooting,February,2020,SE00,Species involved: Buzzard x1,https://community.rspb.org.uk/ourwork/b/investigations/posts/buzzard-found-shot-twice-in-peak-district-national-park,eca22d7a-23f9-4c55-9ad9-7bf35b0fac74
4514,105514,Derbyshire,England,Shooting,April,2024,SE00,Species involved: Peregrine Falcon x1,https://www.bbc.co.uk/news/articles/c8vz02lrnz7o,567ff1ac-d8ed-4413-a2fb-cc7037443167
4515,94120,West Yorkshire,England,Poisoning,March,2011,SE01,Species targeted: Peregrine Falcon. Species involved: poison bait (Hen/Chicken Bait x1). Tested positive for: Bendiocarb,No Link,9a649add-d903-459f-b85d-4098026aaae4
4516,97670,West Yorkshire,England,Shooting,March,2015,SE02,Species involved: Peregrine Falcon x1,http://www.bbc.co.uk/news/uk-england-cornwall-34774259,e200ace3-c098-44f3-843c-2614a9c1a7d1
4517,94174,North Yorkshire,England,Poisoning,May,2011,SE04,Species targeted: Birds of Prey. Species involved: Dog x3. Tested positive for: Strychnine,No Link,cb460adc-4697-45a0-8224-8b7730949923
4518,100038,West Yorkshire,England,Trapping,September,2018,SE04,"Species involved: Tawny Owl x1, Jackdaw x2",No Link,9731c697-6ae8-43cb-8f8e-468c0c9fd9b0
4519,88599,North Yorkshire,England,Shooting,May,2007,SE05,Species involved: Red Kite x1,No Link,417e4bca-7b95-4a94-b0bb-ac7717899470
4520,96398,North Yorkshire,England,Poisoning,October,2013,SE05,Species involved: Red Kite x1. Tested positive for: Alphachloralose,No Link,4cef8a90-1d02-49dc-8659-f8a26aa6f8f8
4521,99939,North Yorkshire,England,Shooting,July,2018,SE05,Species involved: Red Kite x1,https://northyorkshire.police.uk/news/appeal-for-information-after-red-kite-found-dead-in-the-yorkshire-dales/,4334c4dc-02ff-43e5-b709-40cf02d0811b
4522,90414,North Yorkshire,England,Poisoning,November,2008,SE06,Species involved: Red Kite x1. Tested positive for: Alphachloralose,No Link,c952d7ac-e23b-4b9b-a028-27e7cb56599a
4523,93416,North Yorkshire,England,Poisoning,May,2010,SE06,"Species targeted: Birds of Prey, Corvidae. Species involved: poison bait (Chick Bait x13). Tested positive for: Mevinphos/Phosdrin",No Link,cdc24e77-ea6a-4711-925d-3139b6511dee
4524,93571,North Yorkshire,England,Poisoning,October,2010,SE06,Species involved: Buzzard x1. Tested positive for: Carbofuran,No Link,5bac0fac-436d-48ff-b253-2206e6f5918e
4525,93941,North Yorkshire,England,Persecution (Other),March,2011,SE06,Species targeted: Birds of Prey. Possession of: Carbofuran,No Link,2355b92e-9494-4147-964d-f3ecee5d4ed9
4526,97953,North Yorkshire,England,Persecution (Other),December,2015,SE06,Species targeted: Birds of Prey,No Link,097844d6-ebd7-4406-a489-6f51981e94a1
4527,98554,North Yorkshire,England,Shooting,October,2016,SE06,Species involved: Peregrine Falcon x1,https://northyorkshire.police.uk/news/peregrine-falcon-found-dead/,173c2144-f349-41f6-abc9-acadd52f75ea
4528,100155,North Yorkshire,England,Shooting,October,2018,SE06,Species involved: Red Kite x1,No Link,ca902599-621c-44c7-857b-3fc5ea4a2db5
4529,102925,North Yorkshire,England,Shooting,November,2021,SE06,Species involved: Red Kite x1,No Link,26376e63-e2aa-4fb0-88a7-97b1373eb86b
4530,103663,North Yorkshire,England,Poisoning,November,2021,SE06,Species involved: Red Kite x1. Tested positive for: Bendiocarb,No Link,5b058962-eed0-4570-9542-84594b73c033
4531,105417,North Yorkshire,England,Shooting,October,2024,SE06,Species involved: Hen Harrier x1,https://www.channel4.com/news/exclusive-secret-filming-reveals-the-killing-of-rare-hen-harriers-on-grouse-moors,33695e22-6540-40c9-8a5d-df5e9f816d0c
4532,105582,North Yorkshire,England,Shooting,October,2024,SE06,Species involved: Buzzard x1,https://www.channel4.com/news/exclusive-secret-filming-reveals-the-killing-of-rare-hen-harriers-on-grouse-moors,dcd3280c-fce6-4c1c-9ea3-2d31ad7903a6
4533,105584,North Yorkshire,England,Shooting,December,2024,SE06,Species involved: Hen Harrier x1,https://www.channel4.com/news/exclusive-secret-filming-reveals-the-killing-of-rare-hen-harriers-on-grouse-moors,336c2100-95e2-409c-ab28-a2872905bd41
4534,88393,North Yorkshire,England,Persecution (Other),May,2007,SE07,"Species targeted: Birds of Prey, Bird, Non-bird. Possession of: Alphachloralose",No Link,0295e13f-f289-420b-9994-3a50b427d3f1
4535,98469,North Yorkshire,England,Persecution (Other),June,2016,SE07,Species targeted: Birds of Prey,No Link,0658f7a2-581b-410a-a2b7-1d191ae3fbd1
4536,100973,North Yorkshire,England,Shooting,April,2020,SE08,Species involved: Buzzard x1,https://community.rspb.org.uk/ourwork/b/investigations/posts/illegal-eagle-owl-decoy-two-buzzards-shot-on-north-yorkshire-grouse-moor,8fb8205e-dac0-44f6-8b70-e9e9197c9dea
4537,101179,North Yorkshire,England,Shooting,April,2020,SE08,Species involved: Buzzard x1,https://community.rspb.org.uk/chat/f/hello/276252/two-buzzards-lured-to-their-deaths/1337430,8600628c-0f1e-4990-bd88-03b3ef50bf0a
4538,101180,North Yorkshire,England,Shooting,April,2020,SE08,Species involved: Buzzard x1,https://community.rspb.org.uk/chat/f/hello/276252/two-buzzards-lured-to-their-deaths/1337430,cb4322f7-d39b-464d-98af-f73a780c5fd3
4539,101427,North Yorkshire,England,Persecution (Other),September,2020,SE08,Species targeted: Birds of Prey,https://community.rspb.org.uk/ourwork/b/investigations/posts/illegal-eagle-owl-decoy-two-buzzards-shot-on-north-yorkshire-grouse-moor,22d0175a-8457-42cd-8ca5-14667730049a
4540,97402,North Yorkshire,England,Shooting,April,2014,SE09,Species involved: Buzzard x1,No Link,2623026d-9a45-4d57-bdfd-3a089ecce4ca
4541,96445,West Yorkshire,England,Trapping,February,2014,SE10,Species involved: Buzzard x1,https://raptorpersecutionscotland.wordpress.com/2014/04/04/fatally-injured-spring-trapped-buzzard-west-yorks-police-appeal-for-info/,6563d1f3-5203-4e59-b35f-98859989c37a
4542,98039,West Yorkshire,England,Shooting,November,2015,SE10,Species involved: Sparrowhawk x1,No Link,ed9e6c26-82bf-4ab2-981c-fd51054df777
4543,100930,West Yorkshire,England,Shooting,January,2020,SE10,Species involved: Kestrel x1,https://www.examinerlive.co.uk/news/west-yorkshire-news/beautiful-kestrel-shot-air-rifle-17605773,303fb7dc-c4d8-457c-806b-3bdf5cd52e9b
4544,102974,South Yorkshire,England,Shooting,March,2021,SE10,Species involved: Buzzard x1,No Link,a330c3e2-07ed-47d5-a851-dc5ee2963844
4545,104061,South Yorkshire,England,Poisoning,March,2022,SE10,Species involved: Buzzard x1. Tested positive for: Alphachloralose,No Link,df9e5b90-248f-4e12-be6a-1ca972862a40
4546,101193,West Yorkshire,England,Shooting,May,2020,SE12,Species involved: Peregrine Falcon x1,https://raptorpersecutionscotland.wordpress.com/2020/05/24/peregrine-found-shot-dead-in-brighouse-west-yorkshire/,19fdaba6-7d5a-42da-b729-423b2b4d1ae7
4547,101784,West Yorkshire,England,Persecution (Other),August,2020,SE12,Species involved: Sparrowhawk x1,https://www.examinerlive.co.uk/news/local-news/police-probing-barbaric-act-animal-18833101,cd5ba388-bc2f-4be7-8aee-0f4999d2b088
4548,101373,West Yorkshire,England,Shooting,August,2020,SE13,Species involved: Peregrine Falcon x1,https://raptorpersecutionscotland.wordpress.com/2020/08/12/west-yorkshire-police-appeal-for-information-after-peregrine-shot-in-bingley/,85b63530-b4b2-4584-9034-c875c500346b
4549,88942,West Yorkshire,England,Poisoning,February,2007,SE14,Species targeted: Birds of Prey. Species involved: Dog x2; poison bait (Other x1). Tested positive for: Strychnine,No Link,61b23c36-3270-49c1-8084-067fa211f625
4550,93382,North Yorkshire,England,Poisoning,March,2010,SE14,Species involved: Red Kite x1. Tested positive for: Alphachloralose,No Link,32a5d11c-ab77-43f5-a87e-fc5cc0218f10
4551,93387,North Yorkshire,England,Poisoning,June,2010,SE14,Species involved: Red Kite x2. Tested positive for: Carbofuran,No Link,3bc43303-992a-4b20-8f06-e34e257c59ac
4552,95127,North Yorkshire,England,Poisoning,December,2011,SE14,Species involved: Red Kite x1. Tested positive for: Alphachloralose,No Link,d4da03f1-6fb8-4477-bc8b-cdaa0e0b6655
4553,99242,West Yorkshire,England,Shooting,April,2016,SE14,Species involved: Sparrowhawk x1,No Link,6e112c95-4945-4d4e-a983-6ba1709b9223
4554,104683,West Yorkshire,England,Shooting,March,2023,SE14,Species involved: Red Kite x1,No Link,367d4847-c321-4c6b-b475-5072165b53e0
4555,93386,North Yorkshire,England,Poisoning,April,2010,SE15,Species involved: Red Kite x1. Tested positive for: Alphachloralose,No Link,3dcd4114-21af-482a-91e5-ad05f734c0dd
4556,95829,North Yorkshire,England,Poisoning,November,2012,SE15,Species involved: Red Kite x1. Tested positive for: Alphachloralose,No Link,c5fd3cf4-b5a7-48ae-ab24-dd88f9da582a
4557,96062,North Yorkshire,England,Poisoning,May,2013,SE15,Species involved: Red Kite x1. Tested positive for: Alphachloralose,No Link,dd6ac41a-508b-41e7-811b-bf5424b12431
4558,97559,North Yorkshire,England,Poisoning,April,2015,SE15,Species involved: Red Kite x1. Tested positive for: Carbofuran,No Link,1344df93-a276-471b-be9a-4196260f01fc
4559,98299,North Yorkshire,England,Shooting,June,2016,SE15,Species involved: Red Kite x1,https://northyorkshire.police.uk/news/red-kite-persecution-nothing-short-disgraceful-another-bird-found-dead/,5f244b79-3a99-474d-b089-45d3da2aca28
4560,98388,North Yorkshire,England,Shooting,May,2016,SE15,Species involved: Red Kite x1,https://northyorkshire.police.uk/news/police-appeal-shocking-extent-red-kite-persecution/,6ddcbd17-965f-4fe0-9d36-7e71d8c9b94b
4561,99013,North Yorkshire,England,Nest Destruction,May,2017,SE15,Species involved: Marsh Harrier x2 nest,https://community.rspb.org.uk/ourwork/b/investigations/archive/2017/08/10/video-footage-shows-failed-marsh-harrier-nest-denton-moor-yorkshire.aspx,9402ad04-4fa2-4048-b433-597931a72118
4562,99284,North Yorkshire,England,Shooting,May,2017,SE15,Species involved: Marsh Harrier x1,https://community.rspb.org.uk/ourwork/b/investigations/archive/2017/08/10/video-footage-shows-failed-marsh-harrier-nest-denton-moor-yorkshire.aspx,b43a2b56-7b6d-4fb8-81ab-161ee75fff08
4563,99291,North Yorkshire,England,Shooting,May,2017,SE15,Species involved: Marsh Harrier x1,https://community.rspb.org.uk/ourwork/b/investigations/archive/2017/08/10/video-footage-shows-failed-marsh-harrier-nest-denton-moor-yorkshire.aspx,e912b790-ef6b-43fe-b96d-ebf89314c4a4
4564,91740,North Yorkshire,England,Trapping,August,2009,SE16,Species involved: Sparrowhawk x1,No Link,9d602a00-adfe-4d89-a4a5-c3e386b2b53d
4565,98557,North Yorkshire,England,Poisoning,March,2016,SE16,"Species involved: Red Kite x1. Tested positive for: Alphachloralose, Aldicarb",https://northyorkshire.police.uk/news/police-warning-following-red-kite-poisoning/,669e652b-5a20-4d78-9a87-2b4183882d4a
4566,99286,North Yorkshire,England,Shooting,March,2017,SE16,Species involved: Red Kite x1,https://community.rspb.org.uk/ourwork/b/investigations/archive/2017/04/07/red-kite-shot-bedfordshire-yorkshire-dales.aspx,09c27f5c-9e0e-4190-a2b5-64735459988c
4567,100111,North Yorkshire,England,Shooting,October,2018,SE16,Species involved: Red Kite x1,https://raptorpersecutionscotland.wordpress.com/2018/11/30/yet-another-red-kite-shot-killed-in-north-yorkshires-nidderdale-aonb/,75c5d995-bf14-442b-ade2-fd5d1ffd0472
4568,100487,North Yorkshire,England,Poisoning,October,2018,SE16,"Species involved: Red Kite x1. Tested positive for: Alphachloralose, Bendiocarb, Carbofuran, Isofenphos",No Link,6aa8a8e2-fb18-4b86-a4f7-57182362e0ae
4569,100575,North Yorkshire,England,Shooting,September,2018,SE16,Species involved: Red Kite x1,No Link,21dfb4fc-4e59-4c7f-9a03-cf2815c5abbf
4570,100544,North Yorkshire,England,Poisoning,March,2019,SE16,"Species involved: Red Kite x1. Tested positive for: Bendiocarb, Isofenphos",https://community.rspb.org.uk/ourwork/b/investigations/posts/red-kite-poisoned-in-nidderdale-north-yorkshire,adb9a563-cab0-4034-8abf-055a4cf1234b
4571,101036,North Yorkshire,England,Poisoning,March,2020,SE16,"Species involved: Buzzard x1. Tested positive for: Alphachloralose, Bendiocarb, Carbofuran, Isofenphos",https://community.rspb.org.uk/ourwork/b/investigations/posts/raptor-persecution-in-pateley-bridge-north-yorkshire,a971ca66-bc1f-4bec-82d5-8a647aca18d9
4572,101236,North Yorkshire,England,Poisoning,April,2020,SE16,"Species targeted: Birds of Prey. Species involved: Dog x1. Tested positive for: Alphachloralose, Bendiocarb, Carbofuran, Isofenphos",https://community.rspb.org.uk/ourwork/b/investigations/posts/two-spaniels-poisoned-by-nidderdale-cocktail-in-bird-of-prey-crime-hotspot,6a96f431-4666-4710-84b1-1a8b16c9519f
4573,102316,North Yorkshire,England,Poisoning,March,2021,SE16,"Species involved: Red Kite x1. Tested positive for: Alphachloralose, Brodifacoum, Bendiocarb, Carbofuran, Isofenphos",No Link,90c5058b-d3e9-4f55-9722-6a1462f1c04b
4574,90287,North Yorkshire,England,Poisoning,May,2008,SE17,"Species involved: Red Kite x1. Tested positive for: Aldicarb, Bendiocarb, Carbofuran",No Link,1de0cd71-93bb-4d37-8b85-296157e6fa62
4575,93213,North Yorkshire,England,Shooting,September,2010,SE17,Species involved: Buzzard x1,No Link,a6770eb5-b19e-4fd9-bdc1-209edab2323d
4576,95116,North Yorkshire,England,Poisoning,May,2012,SE17,"Species Involved: Red Kite x1; poison bait (Rabbit Bait x1). Tested positive for: Bendiocarb, Carbofuran, Isofenphos",No Link,33ca8b97-1279-4980-b608-a55ab7518ee6
4577,95480,North Yorkshire,England,Shooting,June,2012,SE17,Species involved: Hen Harrier x1,http://community.rspb.org.uk/ourwork/b/martinharper/archive/2012/12/10/guest-blog-jude-lane-on-the-death-of-a-hen-harrier.aspx,064716c1-59da-4c65-80c8-e494442aa9c3
4578,95779,North Yorkshire,England,Trapping,June,2013,SE17,"Species targeted: Birds of Prey, Owls",https://community.rspb.org.uk/ourwork/b/investigations/archive/2014/02/13/stuck-in-the-dark-ages.aspx,f80f80c3-125a-49a2-9382-655944314633
4579,98556,North Yorkshire,England,Poisoning,May,2016,SE17,"Species involved: Red Kite x1. Tested positive for: Alphachloralose, Aldicarb, Bendiocarb, Carbofuran, Isofenphos",https://northyorkshire.police.uk/news/police-warning-following-red-kite-poisoning/,3792040f-4850-4544-b740-4b8f614463ec
4580,100085,North Yorkshire,England,Persecution (Other),November,2018,SE17,Species targeted: Hen Harrier,https://community.rspb.org.uk/ourwork/b/investigations/posts/man-seen-with-gun-at-hen-harrier-roost-site,c9d27257-db7d-421f-9787-d35de1b2bfb9
4581,100182,North Yorkshire,England,Shooting,November,2018,SE17,Species involved: Hen Harrier x1,https://community.rspb.org.uk/ourwork/b/investigations/posts/shot-hen-harrier-found-on-north-yorkshire-grouse-moor,adb2d1d2-3f36-404f-94ec-8bd6ce602d92
4582,101160,North Yorkshire,England,Poisoning,February,2020,SE17,Species involved: Red Kite x1. Tested positive for: Carbofuran,No Link,0c53e80e-82e1-48d9-976d-26f5b45f5991
4583,101348,North Yorkshire,England,Persecution (Other),July,2020,SE17,"Species targeted: Marsh Harrier, Hen Harrier, Buzzard, Peregrine Falcon, Tawny Owl, Short-eared Owl, Laridae (Gulls &amp; Terns), Corvidae, Raven",No Link,4a4acd41-575f-45a6-ab78-24160e921314
4584,102027,North Yorkshire,England,Poisoning,November,2020,SE17,"Species involved: Red Kite x1. Tested positive for: Bendiocarb, Carbofuran, Isofenphos",No Link,e007a484-089b-4f15-a75b-e516d9ecda1e
4585,102306,North Yorkshire,England,Poisoning,March,2021,SE17,"Species involved: Red Kite x1. Tested positive for: Bendiocarb, Carbofuran, Isofenphos",No Link,4ed7d9c9-afb2-4362-a56b-a8b14e1aded3
4586,102623,North Yorkshire,England,Poisoning,January,2021,SE17,"Species involved: Red Kite x1. Tested positive for: Alphachloralose, Brodifacoum, Bendiocarb, Carbofuran, Isofenphos",No Link,0b7aef00-cff8-47ec-915f-1814fe736d64
4587,102624,North Yorkshire,England,Poisoning,January,2021,SE17,"Species targeted: Birds of Prey. Species involved: Buzzard x1. Tested positive for: Alphachloralose, Bendiocarb, Carbofuran",No Link,e56ef7e7-6a42-443a-af30-32d4d228089c
4588,103577,North Yorkshire,England,Poisoning,November,2021,SE17,"Species targeted: Birds of Prey. Species involved: Red Kite x1. Tested positive for: Alphachloralose, Bendiocarb, Carbofuran, Isofenphos",No Link,2834549c-0c58-40c1-9272-74f57291105e
4589,100504,North Yorkshire,England,Shooting,February,2019,SE19,Species involved: Sparrowhawk x1,No Link,83d0026a-4dc4-48cc-b164-43719e725dd4
4590,102050,North Yorkshire,England,Persecution (Other),May,2021,SE19,Species targeted: Birds of Prey. Possession of: Carbofuran,No Link,8bbbcf2e-2715-4c7b-8f20-10471bd78abb
4591,104695,West Yorkshire,England,Shooting,October,2023,SE23,Species involved: Buzzard x1,No Link,d804b520-c4d2-4f23-9726-4479c99ad8c1
4592,88740,North Yorkshire,England,Poisoning,September,2007,SE24,"Species Involved: Red Kite x2, Carrion Crow x1, Fox x1; poison bait (Rabbit Bait x1). Tested positive for: Mevinphos/Phosdrin",No Link,6b0ea9cd-2549-4c76-a889-5cb949d10559
4593,89011,West Yorkshire,England,Persecution (Other),December,2007,SE24,"Species targeted: Birds of Prey. Possession of: Aldicarb, Mevinphos/Phosdrin",No Link,e03d2910-bdb0-451d-87bc-c2db4c2a357f
4594,92608,North Yorkshire,England,Shooting,April,2009,SE24,Species involved: Red Kite x1,No Link,8c3b670f-040d-44ca-b260-66b18eda6a44
4595,92609,North Yorkshire,England,Poisoning,April,2009,SE24,Species involved: Red Kite x1. Tested positive for: Carbofuran,No Link,ad6e3f68-1ef4-4c84-a38f-18560597d61b
4596,96659,West Yorkshire,England,Shooting,June,2014,SE24,Species involved: Red Kite x1,No Link,fb579bfb-533a-473c-87f4-2c25066d828e
4597,98199,West Yorkshire,England,Shooting,April,2016,SE24,Species involved: Red Kite x1,https://raptorpersecutionscotland.wordpress.com/2016/05/05/red-kite-shot-killed-on-nest-in-west-yorkshire/,486af881-59fd-449b-901c-c3ce69e928a6
4598,98389,West Yorkshire,England,Shooting,May,2016,SE24,Species involved: Red Kite x1,http://www.yorkshirepost.co.uk/news/crime/beyond-belief-seventh-red-kite-killed-in-yorkshire-in-just-two-months-1-7926447,4ad9003e-f833-4155-919a-282fcb262d88
4599,101138,West Yorkshire,England,Shooting,April,2020,SE24,Species involved: Red Kite x1,https://www.rspb.org.uk/about-the-rspb/about-us/media-centre/press-releases/bird-of-prey-persecution-crimewave-during-lockdown/,9fb5be7e-fad4-4662-ad89-aaecf4ebaa9a
4600,100886,North Yorkshire,England,Shooting,December,2019,SE25,Species involved: Kestrel x1,https://northyorkshire.police.uk/news/appeal-for-information-after-kestrel-found-shot-near-harrogate/,f537cd31-ab3c-46d1-86ac-4d162f634edb
4601,97539,North Yorkshire,England,Poisoning,February,2015,SE26,"Species involved: Buzzard x1. Tested positive for: Aldicarb, Bendiocarb, Carbofuran, Isofenphos",No Link,72580a47-f521-46b1-980f-c2d1f431967c
4602,98797,North Yorkshire,England,Shooting,February,2017,SE26,Species involved: Buzzard x1,https://northyorkshire.police.uk/news/buzzard-shot-in-nidderdale-area-of-outstanding-natural-beauty/,a351d0e3-efb8-495d-9a88-26cfab13dea2
4603,99928,North Yorkshire,England,Shooting,May,2018,SE26,Species involved: Buzzard x1,No Link,9d63d926-fdb2-4c16-9999-28635222f5a3
4604,94480,North Yorkshire,England,Poisoning,September,2011,SE27,"Species involved: Buzzard x1. Tested positive for: Alphachloralose, Carbofuran, Isofenphos",No Link,27907aa9-890b-4ba3-9780-e7ed2f7f64b6
4605,96456,North Yorkshire,England,Shooting,July,2013,SE27,Species involved: Kestrel x1,No Link,aab9fa6f-886f-4177-aad0-e2d1bfaa6da9
4606,101182,North Yorkshire,England,Shooting,April,2020,SE27,Species involved: Buzzard x1,https://www.harrogate-news.co.uk/2020/05/07/appeal-for-information-after-injured-buzzard-found-near-kirkby-malzeard/,994b5b4d-be0c-494e-9496-70bf10b6d0f7
4607,101250,North Yorkshire,England,Nest Destruction,May,2020,SE28,Species targeted: Tawny Owl nest,No Link,39aab422-d9de-4220-ab89-3d81520029dc
4608,91936,North Yorkshire,England,Shooting,September,2009,SE29,Species involved: Peregrine Falcon x1,No Link,c12a7bab-d260-4f3b-9816-0bf5179e81f7
4609,101636,North Yorkshire,England,Shooting,December,2020,SE29,Species involved: Buzzard x1,No Link,94507291-ad81-44e9-bc8d-7f843b989f22
4610,98360,South Yorkshire,England,Shooting,June,2016,SE30,Species involved: Red Kite x1,No Link,53037b49-19e0-4059-9d1f-2c431b292550
4611,99306,South Yorkshire,England,Shooting,August,2017,SE30,Species involved: Buzzard x1,https://www.rspb.org.uk/about-the-rspb/about-us/media-centre/press-releases/buzzard-shot-in-barnsley-sparks-investigation/,d2dad7ca-7dca-4086-8b6b-d98636773dec
4612,101564,South Yorkshire,England,Poisoning,July,2020,SE30,"Species involved: Peregrine Falcon x1. Tested positive for: Alphachloralose, Bendiocarb, Carbofuran",https://community.rspb.org.uk/ourwork/b/investigations/posts/peregrine-illegally-poisoned-in-barnsley,11e349a8-c94a-4968-a4eb-00086efa980d
4613,93875,West Yorkshire,England,Trapping,June,2010,SE31,Species involved: Strigidae (Owls) x1,No Link,f9c44f7b-cba3-49d5-9619-434f84b9dfb9
4614,104787,South Yorkshire,England,Shooting,February,2023,SE31,Species involved: Sparrowhawk x1,https://raptorpersecutionuk.org/2024/01/28/pigeon-fancier-convicted-for-shooting-killing-sparrowhawk-in-barnsley/,1f552d1f-99a1-4e59-823b-c5be913246e3
4615,104074,West Yorkshire,England,Persecution (Other),March,2022,SE33,"Species targeted: Birds of Prey. Possession of: Bendiocarb, Bromadiolone",No Link,f7f84791-861d-4a5d-b5bd-4460828c2b2d
4616,96551,West Yorkshire,England,Poisoning,November,2013,SE34,"Species involved: Red Kite x1. Tested positive for: Bendiocarb, Carbofuran, Isofenphos",No Link,25794688-792b-43f7-ad19-3a11b98ab7a1
4617,96552,West Yorkshire,England,Shooting,November,2013,SE34,Species involved: Red Kite x1,No Link,3e20cbed-8141-4ca4-9019-9070159e4de7
4618,99927,West Yorkshire,England,Shooting,May,2018,SE34,Species involved: Red Kite x1,https://raptorpersecutionscotland.wordpress.com/2018/05/19/police-appeal-after-red-kite-found-shot-on-harewood-estate-yorkshire/,730d630a-1234-49a7-85c2-1f8bcfcda446
4619,90288,North Yorkshire,England,Poisoning,April,2008,SE35,Species involved: Buzzard x1. Tested positive for: Methomyl,No Link,d78d74a4-d06f-4993-b1fc-0af8df0c2b74
4620,98193,North Yorkshire,England,Shooting,April,2016,SE36,Species involved: Red Kite x1,https://northyorkshire.police.uk/news/police-investigate-red-kite-killed-shocking-act-cruelty/,b48613d1-22f7-4a7a-bf80-dfef2432a0fe
4621,99791,North Yorkshire,England,Poisoning,December,2017,SE36,Species involved: Red Kite x1. Tested positive for: Alphachloralose,https://raptorpersecutionscotland.wordpress.com/2018/05/02/red-kite-found-poisoned-in-north-yorkshire-yes-another-one/,1ea18fb2-6577-4b2b-8848-1a1e3f1be3f2
4622,99631,North Yorkshire,England,Shooting,February,2018,SE36,Species involved: Sparrowhawk x1,https://northyorkshire.police.uk/news/appeal-information-sparrowhawk-found-shot-near-knaresborough/,72cb9b24-0cb6-4ee1-99ad-2358214d9004
4623,91323,North Yorkshire,England,Shooting,March,2009,SE38,Species involved: Buzzard x1,No Link,07bcdc22-f16a-482c-9087-80ebb1023e2f
4624,102697,South Yorkshire,England,Shooting,December,2019,SE40,Species targeted: Birds of Prey. Species involved: Falcons x1,http://avianveterinaryservices.co.uk/projectile-injuries-in-falcons/,09f8eef9-edb8-4a51-8070-a93d25384c69
4625,106201,West Yorkshire,England,Shooting,Withheld,2020,SE41,Species involved: Buzzard x1,#N/A,e7d114f2-a48e-4b05-b5e0-2536c0a55b69
4626,97949,West Yorkshire,England,Trapping,August,2013,SE43,Species involved: Little Owl x1,No Link,5d7d3442-6cc0-430f-b116-fcd8f27706da
4627,95876,North Yorkshire,England,Poisoning,October,2012,SE44,Species involved: Red Kite x1. Tested positive for: Carbofuran,No Link,f85566c4-7663-440e-a7ad-89a5bdbb6522
4628,101238,North Yorkshire,England,Poisoning,April,2020,SE44,"Species involved: Peregrine Falcon x1. Tested positive for: Alphachloralose, Bendiocarb, Carbofuran",https://community.rspb.org.uk/ourwork/b/investigations/posts/two-poisoned-peregrines-added-to-lockdown-crime-list,00b834b6-08c8-4f2d-9ac2-4084a7e06c2c
4629,91356,North Yorkshire,England,Shooting,August,2008,SE45,Species involved: Red Kite x1,No Link,e6888a08-8eec-497b-946d-d3808dfc3fd9
4630,100023,North Yorkshire,England,Trapping,September,2018,SE46,Species involved: Buzzard x1,No Link,641255b1-9589-445c-8a1a-74fb03d744d6
4631,98688,North Yorkshire,England,Shooting,October,2016,SE48,Species involved: Buzzard x1,https://raptorpersecutionscotland.wordpress.com/2016/10/28/buzzard-with-shotgun-injuries-found-in-thirsk-north-yorkshire/,0db6b39f-f33c-4ef3-9aca-899c05aaed02
4632,93371,North Yorkshire,England,Poisoning,March,2010,SE49,Species involved: Goshawk x1. Tested positive for: Carbofuran,No Link,ce8832e3-a51d-4268-b967-a185bb620277
4633,97226,North Yorkshire,England,Shooting,November,2014,SE49,Species involved: Little Owl x1,No Link,5ef9a895-c9c9-476a-8d6b-7d6d33209920
4634,104345,North Yorkshire,England,Trapping,June,2022,SE49,Species involved: Tawny Owl x1,No Link,ee7cae98-0a76-4589-9206-b7127525df95
4635,103078,South Yorkshire,England,Shooting,March,2021,SE51,Species involved: Buzzard x1,No Link,2d56aec4-2bb4-4dad-8832-c938535b78df
4636,104655,South Yorkshire,England,Shooting,December,2023,SE51,Species involved: Peregrine Falcon x1,https://group.rspb.org.uk/doncaster/news-blogs/news/police-seek-any-information-the-public-can-give-on-this-incident/,6b2227a9-674c-495e-bf52-c99c0b71889f
4637,100687,North Yorkshire,England,Shooting,October,2019,SE53,Species involved: Buzzard x1,https://raptorpersecutionscotland.wordpress.com/2019/10/11/buzzard-shot-dead-in-north-yorkshire-2/,8b7117ac-6d05-4fe6-aed0-2e23de16425f
4638,92704,North Yorkshire,England,Shooting,February,2009,SE54,Species involved: Buzzard x1,No Link,c1b3501e-3899-4d17-95e4-6ecc43885dba
4639,101676,North Yorkshire,England,Shooting,December,2020,SE54,Species involved: Buzzard x1,https://raptorpersecutionuk.org/2021/01/19/buzzard-found-with-shotgun-injuries-near-askham-richard-north-yorkshire/,e4a1b770-670a-40f8-a9e8-45ef3342623b
4640,101083,North Yorkshire,England,Shooting,March,2020,SE55,Species involved: Buzzard x1,https://www.rspb.org.uk/about-the-rspb/about-us/media-centre/press-releases/bird-of-prey-persecution-crimewave-during-lockdown/,d78df599-2edb-4cd3-8c13-b10982b59448
4641,96609,North Yorkshire,England,Shooting,February,2014,SE56,Species involved: Buzzard x1,No Link,2a6fe1a0-05d1-4dd0-93d9-c0ea0d88c4f9
4642,97669,North Yorkshire,England,Shooting,April,2015,SE58,Species involved: Buzzard x1,No Link,a9974e95-2b12-490f-90f3-cc3119b3a03e
4643,98832,North Yorkshire,England,Shooting,March,2017,SE58,Species involved: Buzzard x1,No Link,1ec66590-950d-4cf7-92c6-3156adf06a73
4644,99255,North Yorkshire,England,Persecution (Other),May,2017,SE58,Species involved: Goshawk x1,http://community.rspb.org.uk/ourwork/b/investigations/archive/2018/03/26/goshawk-and-gunshots-a-grim-easter-story-yorkshire.aspx,e69471b5-9bfa-4497-a513-e0815468fa0a
4645,99256,North Yorkshire,England,Persecution (Other),May,2017,SE58,Species involved: Goshawk x1,http://community.rspb.org.uk/ourwork/b/investigations/archive/2018/03/26/goshawk-and-gunshots-a-grim-easter-story-yorkshire.aspx,bdd5bc0b-78ee-4212-8942-0c64c2fc4c64
4646,88404,North Yorkshire,England,Trapping,May,2007,SE59,Species targeted: Birds of Prey,No Link,46f53320-b2ef-4158-a80f-84e41ba1eae2
4647,88417,North Yorkshire,England,Trapping,May,2007,SE59,Species targeted: Birds of Prey,No Link,3c17b8af-ff15-45ba-8cd8-0162f997002e
4648,88418,North Yorkshire,England,Trapping,May,2007,SE59,Species targeted: Birds of Prey,No Link,4027c944-5953-4f91-b883-ed0d978d821e
4649,88419,North Yorkshire,England,Trapping,May,2007,SE59,Species targeted: Birds of Prey,No Link,de9bd68f-c5bb-49bc-bdd2-d666cca9ea2f
4650,88420,North Yorkshire,England,Trapping,May,2007,SE59,Species involved: Sparrowhawk x1,No Link,5512a2da-b85f-4404-a7af-0f6b857bd805
4651,105577,North Yorkshire,England,Shooting,April,2024,SE59,Species involved: Buzzard x1,Blank,d6f713e4-55dc-445e-adae-46c9514bf6e4
4652,101931,South Yorkshire,England,Shooting,October,2020,SE61,Species involved: Sparrowhawk x1,No Link,a7726997-29e3-4aa5-b154-04a8da2ca3f5
4653,103739,South Yorkshire,England,Shooting,April,2022,SE61,Species involved: Sparrowhawk x1,https://www.bbc.co.uk/news/uk-england-south-yorkshire-61604042,a2fbaf72-f232-4976-8533-ea356271e8c0
4654,97080,North Yorkshire,England,Poisoning,September,2014,SE62,"Species targeted: Birds of Prey, Fox. Species involved: poison bait (Rabbit Bait x1). Tested positive for: Aldicarb, Bendiocarb, Other",No Link,5c4c7d4b-691a-4070-b07a-919c526e0463
4655,100073,North Yorkshire,England,Shooting,November,2018,SE63,Species involved: Buzzard x1,https://northyorkshire.police.uk/news/double-blow-as-two-more-rare-birds-found-shot-in-north-yorkshire/,f96a92e7-e331-42d2-bb65-7c7c46ca2bf6
4656,102544,North Yorkshire,England,Shooting,May,2021,SE63,Species involved: Peregrine Falcon x1,https://raptorpersecutionscotland.wordpress.com/2021/05/20/peregrine-found-critically-injured-with-shotgun-injuries-in-north-yorkshire/,e09e2fd3-9b93-4f56-b61a-a3145436fb49
4657,99372,North Yorkshire,England,Shooting,September,2017,SE65,Species involved: Buzzard x1,No Link,445cd01e-57c5-4d09-a7c3-a9826b4d82f6
4658,96829,North Yorkshire,England,Shooting,October,2014,SE66,Species involved: Buzzard x1,No Link,abb712b6-a393-46d4-8a28-43983f223b75
4659,104056,North Yorkshire,England,Shooting,October,2022,SE66,Species involved: Buzzard x1,No Link,b453d39c-9cd9-4b12-9aae-8a9d43e2b10a
4660,88429,North Yorkshire,England,Poisoning,February,2007,SE68,Species involved: Peregrine Falcon x1. Tested positive for: Carbofuran,No Link,edbd084d-4907-47f8-877c-78592799c6f9
4661,104041,North Yorkshire,England,Poisoning,April,2022,SE68,Species involved: Red Kite x1. Tested positive for: Bendiocarb,No Link,98528a29-1b46-4a1d-97fa-37b7a7c2922a
4662,93094,North Yorkshire,England,Shooting,March,2010,SE69,Species involved: Goshawk x1,No Link,449a710c-d427-4096-92b3-20f3588556cd
4663,95625,North Yorkshire,England,Shooting,May,2012,SE69,Species involved: Sparrowhawk x1,No Link,bfd3a88a-fee4-4810-a36f-91e0b1e69e48
4664,95692,North Yorkshire,England,Shooting,April,2013,SE69,Species involved: Buzzard x1,No Link,9837dbfb-3905-447c-951a-55ac84c74117
4665,101044,North Yorkshire,England,Shooting,May,2019,SE69,Species involved: Buzzard x1,No Link,86be4601-88e9-400c-99c6-e7747efbc240
4666,101262,North Yorkshire,England,Shooting,May,2019,SE69,Species involved: Buzzard x1,No Link,a00628a1-ad44-4170-9ee7-b3d478a34339
4667,101151,North Yorkshire,England,Shooting,April,2020,SE69,Species involved: Buzzard x1,https://raptorpersecutionscotland.wordpress.com/2020/05/29/shot-buzzards-found-concealed-on-a-bransdale-grouse-shooting-estate-in-north-york-moors-national-park/,0885a007-78b0-4f8e-abd0-2067137c75e0
4668,101152,North Yorkshire,England,Shooting,April,2020,SE69,Species involved: Buzzard x1,https://raptorpersecutionscotland.wordpress.com/2020/05/29/shot-buzzards-found-concealed-on-a-bransdale-grouse-shooting-estate-in-north-york-moors-national-park/,2c35feda-6ea9-44c7-8fe2-430101519d94
4669,101154,North Yorkshire,England,Shooting,April,2020,SE69,Species involved: Buzzard x1,https://raptorpersecutionscotland.wordpress.com/2020/05/29/shot-buzzards-found-concealed-on-a-bransdale-grouse-shooting-estate-in-north-york-moors-national-park/,5148ab6c-12eb-4083-ac7e-26fde038d1cd
4670,101155,North Yorkshire,England,Shooting,April,2020,SE69,Species involved: Buzzard x1,https://raptorpersecutionscotland.wordpress.com/2020/05/29/shot-buzzards-found-concealed-on-a-bransdale-grouse-shooting-estate-in-north-york-moors-national-park/,0ab9468a-0698-4813-98d6-0ac12b705195
4671,101156,North Yorkshire,England,Persecution (Other),April,2020,SE69,Species involved: Buzzard x1,https://raptorpersecutionscotland.wordpress.com/2020/05/29/shot-buzzards-found-concealed-on-a-bransdale-grouse-shooting-estate-in-north-york-moors-national-park/,20770bc2-32d3-46cd-84cb-058bb329f166
4672,104477,North Yorkshire,England,Shooting,September,2023,SE69,Species involved: Buzzard x1,https://www.bbc.co.uk/news/uk-england-york-north-yorkshire-67046215,aa9fbac5-cc77-422e-a5d2-21696168d04d
4673,97097,East Riding of Yorkshire,England,Shooting,January,2015,SE74,Species involved: Kestrel x1,No Link,3a6c5bd8-912e-4e83-8355-6603d7a82602
4674,99765,East Riding of Yorkshire,England,Poisoning,November,2017,SE74,Species involved: Buzzard x2. Tested positive for: Aldicarb,No Link,ee21113c-9945-42a1-a452-ca0168fa3ad1
4675,100067,East Riding of Yorkshire,England,Shooting,March,2017,SE74,Species involved: Red Kite x1,No Link,f8825284-351f-4238-8b58-d0f99a7f1110
4676,95974,East Riding of Yorkshire,England,Shooting,August,2013,SE75,Species involved: Kestrel x1,No Link,65804270-0015-4970-9d9d-2b955b01bfff
4677,98024,North Yorkshire,England,Shooting,June,2015,SE76,Species involved: Kestrel x1,No Link,a19f319a-3493-4345-91b1-6bd0af4c282e
4678,97241,North Yorkshire,England,Trapping,October,2014,SE77,Species involved: Buzzard x1,No Link,60bd8801-f626-4f9c-9eb9-7ad9d6f1dfe1
4679,99479,North Yorkshire,England,Shooting,December,2017,SE77,Species involved: Kestrel x1,https://raptorpersecutionscotland.wordpress.com/2017/12/28/kestrel-found-with-shotgun-injuries-in-malton-north-yorkshire/,37e575a6-c00b-4fbb-b53f-b95907f3bbf1
4680,95539,North Yorkshire,England,Shooting,December,2012,SE78,Species involved: Buzzard x1,No Link,ceb637da-a869-4b3f-affb-8cfd3c369faa
4681,95834,North Yorkshire,England,Trapping,July,2013,SE78,Species involved: Tawny Owl x1,No Link,99b2fd0f-6d2a-4317-aef5-f5d538b138b9
4682,95844,North Yorkshire,England,Trapping,July,2013,SE78,"Species targeted: Birds of Prey, Owls",No Link,b7f9d328-9603-4d80-adf3-df9c938cf6fd
4683,96616,North Yorkshire,England,Trapping,June,2014,SE78,"Species targeted: Birds of Prey, Owls",No Link,78402ae8-01a5-4d3f-ac4a-8ce2cc55e20b
4684,96618,North Yorkshire,England,Trapping,June,2014,SE78,"Species targeted: Birds of Prey, Owls",No Link,c37c6580-eba2-4097-b53d-1b289518f657
4685,96619,North Yorkshire,England,Trapping,June,2014,SE78,"Species targeted: Birds of Prey, Owls",No Link,bb362d02-8a9e-4829-9be7-0cc398c385f7
4686,101268,North Yorkshire,England,Shooting,July,2020,SE78,Species involved: Buzzard x1,https://raptorpersecutionscotland.wordpress.com/2020/07/14/yet-another-buzzard-shot-in-north-york-moors-national-park/,7935c58b-f284-448c-b38b-e9e90470f10c
4687,105052,North Yorkshire,England,Trapping,February,2023,SE78,Species involved: Sparrowhawk x1,No Link,c92b2fb8-8e60-4235-97af-f9c4a1a2abc7
4688,88947,East Riding of Yorkshire,England,Poisoning,May,2007,SE82,Species targeted: Birds of Prey. Species involved: Dog x1; poison bait (Unknown x1). Tested positive for: Aldicarb,No Link,d4e5ecfc-adb0-4305-9b9b-337f0a66f00e
4689,91367,East Riding of Yorkshire,England,Shooting,April,2009,SE84,Species involved: Buzzard x1,No Link,47efa829-c4f4-4275-b229-027438fd1373
4690,100037,East Riding of Yorkshire,England,Shooting,August,2018,SE85,Species involved: Buzzard x1,https://www.humberside.police.uk/news/buzzard-found-dead-trap-wounds-head,2ed016b2-6f2c-4958-8a85-28797fb13a96
4691,100190,East Riding of Yorkshire,England,Poisoning,August,2018,SE85,Species involved: Buzzard x1. Tested positive for: Aldicarb,https://www.humberside.police.uk/witness-appeals/renewed-appeal-information-buzzard-found-have-been-poisoned,ff16557e-76d8-4843-be52-f4076669ea04
4692,94567,Wiltshire,England,Shooting,November,2011,SU22,Species involved: Goshawk x1,No Link,eb77b535-d1c8-459c-b3e7-054d8b4bef0b
4693,92536,Wiltshire,England,Poisoning,October,2009,SU25,Species Involved: Red Kite x1; poison bait (Grey Partridge x1). Tested positive for: Alphachloralose,No Link,4784e2fc-3583-4126-a132-96e1496fc28e
4694,100025,Wiltshire,England,Trapping,September,2018,SU26,Species involved: Tawny Owl x1,No Link,ee3c9003-312e-404f-9969-998835df6ca5
4695,101073,North Yorkshire,England,Shooting,December,2019,SE85,Species involved: Barn Owl x1,No Link,36904f6a-811c-47b5-bcff-885458a8e270
4696,100026,Wiltshire,England,Trapping,October,2018,SU26,Species involved: Tawny Owl x1,No Link,d7a7d76f-4c67-4b76-9864-d3fee3280c0b
4697,99887,Londonderry,Northern Ireland,Shooting,September,2017,C42,Species involved: Buzzard x1,No Link,04789d3d-612d-4b15-96d3-217194555b62
4698,101288,East Riding of Yorkshire,England,Poisoning,September,2019,SE85,Species Involved: Red Kite x1; poison bait (Rabbit Bait x1). Tested positive for: Aldicarb,No Link,e2544df7-23c1-408f-a781-67af49d82175
4699,100027,Wiltshire,England,Trapping,October,2018,SU26,Species targeted: Birds of Prey,No Link,aaad3b81-e6d4-451c-8d9f-0b0c69b5698d
4700,100718,Londonderry,Northern Ireland,Shooting,September,2017,C42,Species involved: Sparrowhawk x1,No Link,dcdf3fb2-4a88-4a6d-a62e-f9c3b027978d
4701,103455,North Yorkshire,England,Shooting,January,2022,SE85,Species involved: Buzzard x1,No Link,7e7958b9-cd40-47b0-a330-802fbc963348
4702,100036,Wiltshire,England,Trapping,September,2018,SU26,Species involved: Tawny Owl x1,No Link,65782ffd-15eb-4dff-91e0-35119e59ab70
4703,100719,Londonderry,Northern Ireland,Shooting,September,2017,C42,Species involved: Buzzard x1,No Link,c068fc71-6bb5-420d-a2a5-b1a994677e94
4704,99021,North Yorkshire,England,Shooting,May,2017,SE86,Species involved: Buzzard x1,https://community.rspb.org.uk/ourwork/b/investigations/archive/2017/05/31/buzzards-yorkshire.aspx,7855f80b-50d2-4c9c-a13b-cb04ef76aef6
4705,103355,Wiltshire,England,Shooting,April,2022,SU26,Species involved: Red Kite x1,https://raptorpersecutionuk.org/2022/06/18/red-kite-shot-in-wiltshire-police-appeal-for-information/,e443fa04-3241-4b32-94fb-0f5f2f7b14a3
4706,93938,Londonderry,Northern Ireland,Poisoning,July,2010,C50,"Species involved: Peregrine Falcon x1. Tested positive for: Alphachloralose, Carbofuran",No Link,5bb01258-ced4-478b-9a27-ad3e1e3cfe6a
4707,100384,North Yorkshire,England,Poisoning,December,2018,SE86,Species involved: Red Kite x1. Tested positive for: Carbofuran,No Link,d559ae73-4f2c-42f2-89f6-56055debe6f3
4708,88713,Gloucestershire,England,Shooting,September,2007,SU29,Species involved: Hobby x1,No Link,92a144ad-858a-4279-84d9-f3da892b5db9
4709,94319,Londonderry,Northern Ireland,Persecution (Other),June,2011,C50,Species targeted: Birds of Prey. Possession of: Alphachloralose,No Link,e80fe87a-bc8f-4d5c-9bde-7cad52f67d99
4710,104737,North Yorkshire,England,Shooting,March,2018,SE86,Species involved: Kestrel x1,No Link,3479b106-8a38-4514-a63a-a894ef4a14db
4711,98865,Hampshire,England,Shooting,March,2017,SU33,Species involved: Peregrine Falcon x1,http://www.andoveradvertiser.co.uk/news/crime/15195520.Appeal_made_after_rare_bird_shot_near_Stockbridge/,2f9fa3fc-9ff3-4eec-9c07-3f62f5e3bee3
4712,95053,Londonderry,Northern Ireland,Nest Destruction,June,2012,C83,Species targeted: Sparrowhawk nest,No Link,cb249cc9-ed14-4d60-80a6-2e8e89d020ad
4713,100193,North Yorkshire,England,Shooting,January,2019,SE86,Species involved: Buzzard x1,No Link,c31c1555-c96e-4f24-9f5f-056770ff034e
4714,105893,Hampshire,England,Shooting,March,2024,SU33,Species involved: Barn Owl x1,https://www.bbc.co.uk/news/articles/cn0ejnwdvvjo,9e3d35ed-3172-45a7-b215-a850d378fd8b
4715,102088,Antrim,Northern Ireland,Poisoning,January,2020,C90,Species involved: Buzzard x1. Tested positive for: Alphachloralose,No Link,eac47699-a6f0-4369-b2c6-119e004bf290
4716,100386,North Yorkshire,England,Poisoning,January,2019,SE86,Species involved: Buzzard x1. Tested positive for: Carbofuran,No Link,dc95831c-3203-42e1-9677-40a6285b4047
4717,106096,Hampshire,England,Shooting,March,2024,SU33,Species involved: Kestrel x1,https://www.bbc.co.uk/news/articles/cn0ejnwdvvjo,9b9bcfe6-337d-4a35-89c7-9dc43c1030a3
4718,93935,Antrim,Northern Ireland,Poisoning,March,2010,D02,Species targeted: Birds of Prey. Species involved: poison bait (Pigeon Bait (Species Unknown)). Tested positive for: Carbofuran,No Link,39e863dc-96ea-4b92-9309-0d16aed50bae
4719,103456,North Yorkshire,England,Shooting,February,2022,SE86,Species involved: Buzzard x1,No Link,0f1c70a6-601e-4d7d-bbda-c112403362d6
4720,90305,Wiltshire,England,Shooting,September,2008,SU36,Species involved: Buzzard x1,No Link,1d022f52-ed93-4c2b-a4c7-2aeee0c3117a
4721,101284,Antrim,Northern Ireland,Poisoning,June,2019,D10,"Species involved: Peregrine Falcon x2. Tested positive for: Aldicarb, Carbofuran",No Link,fdf52b38-e297-4df1-92b1-2d1083f15cc9
4722,95895,North Yorkshire,England,Shooting,May,2013,SE87,Species involved: Buzzard x1,No Link,8a660e06-67c5-414f-8563-3523c988bde4
4723,91104,Hampshire,England,Poisoning,May,2008,SU42,Species involved: Red Kite x1. Tested positive for: Carbofuran,No Link,b2737e30-8495-4b8a-839b-53af0d3219e2
4724,95130,Antrim,Northern Ireland,Poisoning,January,2012,D13,Species targeted: Birds of Prey. Species involved: Raven x1. Tested positive for: Carbofuran,No Link,a8dd9530-9928-4413-9c0a-fc4aaf0d66de
4725,97148,North Yorkshire,England,Shooting,April,2015,SE87,Species involved: Tawny Owl x1,No Link,a1bc5367-d75c-4bc5-9ed0-466e2cac8a19
4726,93776,Hampshire,England,Shooting,March,2011,SU42,Species involved: Buzzard x1,No Link,0218be02-3ee7-4bed-8d07-a7149b502a01
4727,96592,Antrim,Northern Ireland,Poisoning,April,2013,D13,Species involved: White-tailed Eagle x1. Tested positive for: Carbofuran,No Link,16c586ef-3fd8-4538-a12e-264f1a9ad6af
4728,98159,North Yorkshire,England,Shooting,March,2016,SE87,Species involved: Red Kite x1,http://www.yorkpress.co.uk/news/14391948.Bird_of_prey_found_with_shotgun_wounds_in_North_Yorkshire/,296adee7-dbfc-4dd1-80e7-ecfa6ba7c412
4729,93778,Hampshire,England,Poisoning,April,2011,SU42,Species involved: Buzzard x1. Tested positive for: Alphachloralose,No Link,2e6b5273-118c-4886-9503-562ececa829f
4730,104537,Antrim,Northern Ireland,Poisoning,May,2023,D20,Species involved: White-tailed Eagle x2. Tested positive for: Bendiocarb,https://www.nirsg.com/eagles-found-dead-at-glenwherry-in-antrim-both-poisoned,b9886394-58cd-46b5-969f-0adb528890a4
4731,98658,North Yorkshire,England,Shooting,November,2016,SE87,Species involved: Buzzard x1,No Link,dd5f60f4-4bcd-415d-8987-ecb48ead2444
4732,94848,Hampshire,England,Poisoning,March,2012,SU42,Species involved: Buzzard x1. Tested positive for: Alphachloralose,No Link,6a733d27-69f7-4942-8fe8-f40437f2fbd1
4733,96593,Antrim,Northern Ireland,Shooting,April,2013,D22,Species involved: Buzzard x1,No Link,7e4a50b7-a62d-45dd-bfa1-fe8fbd21e025
4734,99592,North Yorkshire,England,Trapping,February,2018,SE87,Species involved: Barn Owl x1,https://raptorpersecutionscotland.wordpress.com/2018/02/06/barn-owl-with-horrific-injuries-found-in-north-yorkshire/,9317c9cf-da85-4e94-b77a-928a83b46e5d
4735,95464,Hampshire,England,Poisoning,September,2012,SU42,Species involved: Buzzard x2. Tested positive for: Alphachloralose,No Link,1cac5806-2d3c-4c6a-8b57-a0860c2491e4
4736,94259,Antrim,Northern Ireland,Poisoning,March,2011,D30,Species involved: Buzzard x1. Tested positive for: Carbofuran,No Link,788f0a5a-5486-4cba-8c98-e2de78bf7d6f
4737,100278,North Yorkshire,England,Shooting,February,2019,SE87,Species involved: Buzzard x1,No Link,facb4d38-8e3e-4982-a2f3-4ff0735a06c2
4738,101779,Hampshire,England,Poisoning,July,2020,SU42,"Species targeted: Birds of Prey. Species involved: Carrion Crow x1. Tested positive for: Brodifacoum, Bendiocarb, Carbofuran",No Link,0ddac5d8-eff3-4713-ae13-f8ce154f9382
4739,96427,Antrim,Northern Ireland,Poisoning,August,2013,D30,Species involved: Red Kite x1. Tested positive for: Carbofuran,No Link,e67f7b1e-aba2-452f-9914-a861c740bd43
4740,91073,North Yorkshire,England,Shooting,February,2009,SE88,Species involved: Buzzard x1,No Link,35dd54a7-82b7-4851-bea1-3daacf566b0e
4741,103306,Hampshire,England,Shooting,March,2021,SU46,Species involved: Barn Owl x1,No Link,49d157f4-eef8-4471-ac93-96b7396644c1
4742,98210,Antrim,Northern Ireland,Poisoning,March,2016,D30,Species involved: Buzzard x1. Tested positive for: Alphachloralose,http://www.bbc.co.uk/news/uk-northern-ireland-36213189,2efb95c8-d899-4767-9638-953f6045720a
4743,95303,North Yorkshire,England,Trapping,August,2012,SE88,Species involved: Buzzard x1,No Link,aa55bd03-2b80-4437-bc6c-7704aad7f53e
4744,91145,Antrim,Northern Ireland,Persecution (Other),July,2008,D31,Species targeted: Birds of Prey,No Link,e384b5df-1720-4939-9a62-7ab33d77bb11
4745,95915,Hampshire,England,Trapping,August,2013,SU55,Species involved: Tawny Owl x1,https://community.rspb.org.uk/ourwork/b/investigations/archive/2014/07/31/if-you-go-down-to-the-woods.aspx,5bda4f8b-e346-4f05-abdf-c4857ad77773
4746,95304,North Yorkshire,England,Trapping,September,2012,SE88,Species targeted: Goshawk,No Link,fc79a35b-6339-4644-8b04-094e2fe7254d
4747,101382,Berkshire,England,Trapping,August,2020,SU56,Species involved: Red Kite x1,https://community.rspb.org.uk/ourwork/b/investigations/posts/red-kite-killed-in-illegal-pole-trap-,2e834d61-6006-4052-b4a3-9a4e9d5da18e
4748,98209,Antrim,Northern Ireland,Poisoning,March,2016,D31,Species involved: Buzzard x1. Tested positive for: Carbofuran,http://www.bbc.co.uk/news/uk-northern-ireland-36213189,756a9696-d6c7-4d85-abd7-f30890f42b2f
4749,97114,North Yorkshire,England,Poisoning,January,2014,SE89,"Species targeted: Birds of Prey. Species involved: Dog x1, Bird x1; poison bait (Pheasant Bait x1). Tested positive for: Metaldehyde",No Link,e7213fd2-4c01-497e-bf55-eee7bbb6f060
4750,90676,Berkshire,England,Trapping,May,2008,SU57,Species involved: Red Kite x1,No Link,c4b31b2b-7346-488e-829a-dcfa3b001924
4751,93557,Tyrone,Northern Ireland,Poisoning,November,2010,H17,"Species involved: Golden Eagle x1, Raven x1. Tested positive for: Carbofuran",No Link,093d4d59-3ab4-4129-953b-0b9819feb4ff
4752,101167,North Yorkshire,England,Trapping,April,2020,SE89,Species targeted: Birds of Prey,https://raptorpersecutionscotland.wordpress.com/2020/07/16/police-appeal-after-goshawk-killed-on-grouse-shooting-estate-in-north-york-moors-national-park/,8e33d310-ae4b-4363-a2e2-5d6958560bb3
4753,100817,Hampshire,England,Persecution (Other),December,2019,SU60,Species involved: Sparrowhawk x1,https://community.rspb.org.uk/ourwork/b/investigations/posts/portsmouth-sparrowhawk-killer-fined,22cfefe1-9ad4-41e7-be30-6d5f06d42810
4754,106162,Fermanagh,Northern Ireland,Nest Destruction,May,2024,H25,Species targeted: Long-eared Owl nest,Blank,05ce523b-4378-4028-b662-3e2179d1d798
4755,101168,North Yorkshire,England,Trapping,May,2020,SE89,Species involved: Goshawk x1,https://raptorpersecutionscotland.wordpress.com/2020/07/16/police-appeal-after-goshawk-killed-on-grouse-shooting-estate-in-north-york-moors-national-park/,0d208907-957b-4290-8858-1b1bf58fe054
4756,101204,Hampshire,England,Nest Destruction,May,2020,SU60,Species targeted: Kestrel nest,No Link,f57d231d-40ba-4129-a047-db54b20c6558
4757,100213,Tyrone,Northern Ireland,Poisoning,July,2018,H27,Species Involved: Peregrine Falcon x1; poison bait (Pigeon Bait (Species Unknown) x1). Tested positive for: Carbofuran,https://www.bbc.co.uk/news/uk-northern-ireland-foyle-west-45024707,5b09305d-6b0a-4ff8-b045-7596b3f9b796
4758,94808,Lincolnshire,England,Shooting,March,2012,SE90,Species involved: Buzzard x1,No Link,3cc81322-8f70-44cc-9099-c79dac299800
4759,97006,Hampshire,England,Shooting,January,2015,SU61,Species involved: Buzzard x1,No Link,85d96211-5f64-4e64-83ae-239af0287077
4760,94260,Tyrone,Northern Ireland,Poisoning,April,2011,H37,Species targeted: Peregrine Falcon. Species involved: poison bait (Pigeon Bait (Species Unknown) x1). Tested positive for: Carbofuran,No Link,2edece46-5e87-44e1-b466-8ea714dc1afb
4761,94389,Lincolnshire,England,Persecution (Other),October,2011,SE91,"Species targeted: Birds of Prey, Buzzard. Possession of: Carbofuran",No Link,0afefa35-37c6-409d-a61d-5cc31833f609
4762,98465,Hampshire,England,Shooting,March,2015,SU63,Species involved: Buzzard x1,No Link,8f5581f1-828d-494c-9f12-9debb1f88cb3
4763,100082,Tyrone,Northern Ireland,Nest Destruction,May,2017,H44,Species involved: Hen Harrier x1 nest,No Link,c5e49a1f-f7e6-4759-87ca-e2af2125912a
4764,100150,Lincolnshire,England,Shooting,September,2018,SE92,Species involved: Marsh Harrier x1,https://community.rspb.org.uk/ourwork/b/investigations/posts/marsh-harrier-found-illegally-shot,c9516679-6fbc-4f22-9088-67b5863f4d19
4765,98191,Oxfordshire,England,Shooting,March,2016,SU68,Species involved: Red Kite x1,"https://raptorpersecutionscotland.wordpress.com/2016/04/27/red-kites-shot-in-the-thames-valley/#:~:text=Thames%20Valley%20Police%20are%20appealing,was%20found%20on%205th%20April.",ec799ff5-cf03-4c55-bfe8-1db7b6ef870e
4766,98508,Tyrone,Northern Ireland,Poisoning,April,2015,H45,Species involved: Buzzard x1. Tested positive for: Carbofuran,No Link,bcee7cef-dfd1-4932-a269-397dd17b05af
4767,88598,East Riding of Yorkshire,England,Shooting,April,2007,SE94,Species involved: Red Kite x1,No Link,8c728ca3-f30c-427f-b33c-1f78a2fdfeb4
4768,98192,Oxfordshire,England,Shooting,April,2016,SU68,Species involved: Red Kite x1,"https://raptorpersecutionscotland.wordpress.com/2016/04/27/red-kites-shot-in-the-thames-valley/#:~:text=Thames%20Valley%20Police%20are%20appealing,was%20found%20on%205th%20April.",50161197-e38a-4f48-a10e-fb90ff362dc5
4769,101209,Tyrone,Northern Ireland,Shooting,November,2019,H48,Species involved: Buzzard x1,https://www.belfasttelegraph.co.uk/news/northern-ireland/bird-of-prey-found-shot-three-times-on-mend-say-omagh-vets-38693468.html,d47d1858-4e84-4451-9d1f-c992b9328f84
4770,88726,East Riding of Yorkshire,England,Poisoning,April,2007,SE94,Species involved: Red Kite x1. Tested positive for: Bendiocarb,No Link,dfbf89c3-f24f-4de4-b652-ad0972e014cd
4771,100556,Hampshire,England,Shooting,March,2018,SU72,Species involved: Barn Owl x1,No Link,5a2f3673-7e8d-4f59-b7a1-36fc8ffbf026
4772,102160,Tyrone,Northern Ireland,Poisoning,May,2020,H58,Species targeted: Birds of Prey. Species involved: poison bait (Lamb x1). Tested positive for: Nitroxynil (Trodax),https://raptorpersecutionscotland.wordpress.com/2020/05/16/police-warn-public-as-suspected-poisoned-bait-found-in-co-tyrone/,a8c16e82-b672-4f75-9227-1e11476edc00
4773,89950,East Riding of Yorkshire,England,Shooting,May,2008,SE94,Species involved: Red Kite x1,No Link,d6f6c39d-e305-4f65-ad9b-eddb925708c7
4774,101830,Oxfordshire,England,Shooting,April,2018,SU78,Species involved: Red Kite x1,No Link,001eff33-33b0-4275-86d2-9d14dd833c85
4775,93788,East Riding of Yorkshire,England,Shooting,December,2010,SE94,Species involved: Little Owl x1,No Link,c12a480d-5a05-4716-9f55-91b8ebb4f49b
4776,98499,Armagh,Northern Ireland,Shooting,August,2015,H74,Species involved: Peregrine Falcon x1,No Link,237f5058-5518-4046-b6bf-59062c2eb840
4777,102100,Buckinghamshire,England,Poisoning,April,2020,SU78,Species targeted: Birds of Prey. Species involved: Raven x1. Tested positive for: Bendiocarb,No Link,23e638c2-da86-42c2-a89d-51ec0e9047ce
4778,97109,East Riding of Yorkshire,England,Trapping,March,2015,SE94,Species involved: Buzzard x1,No Link,5ea4d068-cf89-4c8d-878f-648759790064
4779,99967,Tyrone,Northern Ireland,Shooting,January,2017,H74,Species involved: Buzzard x1,No Link,2d8357a5-ebdc-4abf-8d84-2e17b74cf595
4780,105033,Oxfordshire,England,Persecution (Other),January,2023,SU78,Species involved: Buzzard x1,No Link,0fc9c431-c17f-454d-9066-4f5c90834aac
4781,96500,Buckinghamshire,England,Poisoning,February,2013,SU79,Species involved: Red Kite x1. Tested positive for: Bendiocarb,No Link,2166d8a5-7812-4c3c-8e1c-4473c03d2062
4782,96501,Buckinghamshire,England,Poisoning,February,2013,SU79,Species involved: Red Kite x1. Tested positive for: Alphachloralose,No Link,2baf88f0-f0ec-4174-9228-74ef4a8c937f
4783,96624,Berkshire,England,Shooting,March,2014,SU86,Species involved: Sparrowhawk x1,No Link,efe914bd-8802-4db2-a358-5d667f4a1deb
4784,94684,Berkshire,England,Shooting,March,2011,SU88,Species involved: Buzzard x1,No Link,200d2cde-4ce9-4511-a69d-fdae5e775cbf
4785,102614,West Sussex,England,Poisoning,October,2021,SU91,Species targeted: Birds of Prey. Species involved: White-tailed Eagle x1. Tested positive for: Bendiocarb,No Link,a6f7c597-0c79-464e-a72d-5422876b31a1
4786,102687,West Sussex,England,Poisoning,October,2021,SU91,Species targeted: Birds of Prey. Species involved: Dog x1. Tested positive for: Bendiocarb,No Link,e260efce-7c11-474c-8273-b2327aa01d3d
4787,94115,Buckinghamshire,England,Shooting,June,2011,SU98,Species involved: Red Kite x1,No Link,ce3f3337-a383-4b70-994d-efb3df8b5aa2
4788,94225,Cornwall,England,Poisoning,July,2011,SW33,Species involved: Peregrine Falcon x2. Tested positive for: Carbofuran,No Link,68a4de48-1a24-47a6-826c-374982372536
4789,92210,Cornwall,England,Shooting,October,2009,SW83,Species involved: Barn Owl x1,No Link,aedb8e50-f9b5-41ae-9309-8ad80577003d
4790,94214,Cornwall,England,Shooting,August,2011,SW84,Species involved: Peregrine Falcon x1,No Link,70b89f58-1dc5-4f91-b66e-ac632275c1ca
4791,95260,Cornwall,England,Shooting,August,2012,SW86,Species involved: Peregrine Falcon x1,No Link,7968551c-417b-40f5-a96c-2a98fc659a3d
4792,95289,Cornwall,England,Shooting,October,2012,SW86,Species involved: Peregrine Falcon x1,No Link,75acf4e1-4c9b-4517-87e5-49a1cd17ac74
4793,97111,Cornwall,England,Poisoning,December,2013,SW87,"Species Involved: Buzzard x1, Carrion Crow x1; poison bait (Lamb x1). Tested positive for: Carbofuran",No Link,1435f31b-cb22-499f-aab4-7e9271459b6e
4794,99768,Cornwall,England,Shooting,May,2018,SW94,Species involved: Buzzard x1,https://ww2.rspb.org.uk/Images/Legal%20Eagle%2085_tcm9-457397.pdf,ce7ae4ef-12bb-42e2-b738-9334f74ad1bd
4795,93882,Cornwall,England,Shooting,March,2010,SX36,Species involved: Buzzard x1,No Link,30a61e76-72c8-43c7-9a14-071038a5e029
4796,95880,Cornwall,England,Shooting,July,2012,SX37,Species involved: Barn Owl x1,No Link,5a680564-c015-4ddb-823a-0a268b82a9d7
4797,102146,Devon,England,Poisoning,April,2020,SX39,"Species targeted: Birds of Prey. Species involved: poison bait (Lamb x1, Meat x1). Tested positive for: Lindane (Gamma HCH)",No Link,d1b41234-18f2-4348-8abd-f804f3dbc7d0
4798,91298,Cornwall,England,Poisoning,March,2008,SX46,"Species targeted: Birds of Prey. Species involved: Dog x2; poison bait (Unknown). Tested positive for: Diquat, Paraquat",No Link,cb071171-27c9-466c-bd04-3c162024d32a
4799,101028,Devon,England,Shooting,February,2020,SX46,Species involved: Sparrowhawk x1,https://community.rspb.org.uk/ourwork/b/investigations/posts/sparrowhawk-shot-near-plymouth,200b92d6-a215-40a5-8b65-7b318d85dbd9
4800,98898,Devon,England,Shooting,March,2017,SX47,Species involved: Peregrine Falcon x1,https://www.bbc.co.uk/news/uk-england-devon-39461035,ba44c737-4b5c-4926-bd24-938094f1b437
4801,98576,Devon,England,Shooting,July,2014,SX59,Species involved: Peregrine Falcon x1,No Link,2f2423e7-4772-439c-867a-a0e6cf3a4eb5
4802,94321,Devon,England,Poisoning,July,2011,SX76,"Species involved: Peregrine Falcon x1. Tested positive for: Aldicarb, Carbofuran",No Link,59b6ed28-d7aa-4030-89fa-32dccb967659
4803,98798,Devon,England,Shooting,August,2016,SX86,Species involved: Peregrine Falcon x1,https://www.devon-cornwall.police.uk/News/newsarticle.aspx?id=d89a720d-be7c-4ab8-a5d1-5fee17b9a5f1,b63349e3-87f3-4f1b-ae70-a7877ddf748c
4804,100557,Devon,England,Shooting,April,2018,SX86,Species involved: Buzzard x1,No Link,267c20cb-2911-4250-bd5d-fe0b17f6a7d4
4805,98529,Devon,England,Shooting,June,2015,SX88,Species involved: Peregrine Falcon x1,No Link,dceba004-6c27-4751-a003-5ade5888a96c
4806,94126,Devon,England,Poisoning,March,2011,SX89,"Species involved: Goshawk x2, Buzzard x1. Tested positive for: Benfuracarb, Carbofuran",No Link,96b3155e-1030-4727-9adc-f8befed1187f
4807,94161,Devon,England,Poisoning,March,2011,SX89,"Species involved: Goshawk x2. Tested positive for: Benfuracarb, Carbofuran",No Link,61aac30b-98e3-47b8-81a7-bc750016ec17
4808,98755,Devon,England,Shooting,January,2017,SX89,Species involved: Buzzard x1,http://www.itv.com/news/westcountry/update/2017-01-27/rspca-appeal-after-another-buzzard-shot/,83ba6b2e-4ed3-4597-94f0-3a5f9406b79b
4809,92690,Devon,England,Poisoning,February,2009,SX98,Species targeted: Birds of Prey. Species involved: poison bait (Pigeon Bait (Species Unknown) x1). Tested positive for: Aldicarb,No Link,72b218e4-b501-4173-86ee-24dc3a067566
4810,92691,Devon,England,Poisoning,February,2009,SX98,Species targeted: Birds of Prey. Species involved: poison bait (Pigeon Bait (Species Unknown) x1). Tested positive for: Aldicarb,No Link,e3e079f1-815e-4c22-b5e5-19b5aa5c78bf
4811,96680,Devon,England,Shooting,May,2014,SY28,Species involved: Peregrine Falcon x1,No Link,883bd3b1-23e8-4ff6-9a60-12e53e718361
4812,95313,Dorset,England,Shooting,November,2012,SY49,Species involved: Peregrine Falcon x1,No Link,aff34e3f-77b0-40a4-86ed-dea23f70ec4e
4813,99756,Dorset,England,Shooting,May,2018,SY49,Species involved: Buzzard x1,https://www.itv.com/news/westcountry/2018-07-23/appeal-after-birds-of-prey-found-dead-in-dorset/,1ff83607-3c16-435a-8cf0-2ccf4bd02599
4814,101273,Dorset,England,Shooting,September,2019,SY78,Species involved: Sparrowhawk x1,No Link,4a4bb99f-55e5-492e-b4a9-233df6986f4d
4815,93029,Dorset,England,Shooting,February,2010,SY99,Species involved: Buzzard x1,No Link,3fdfb3c0-b066-4175-8a91-deafc277f5ad
4816,88527,Isle of Wight,England,Shooting,July,2007,SZ39,Species involved: Peregrine Falcon x1,No Link,0bcf8afd-21c4-461e-b813-46d589c81abc
4817,94537,Isle of Wight,England,Shooting,November,2011,SZ58,Species involved: Buzzard x1,No Link,b725e123-c9a7-4b0d-a399-32aac478b190
4818,100056,Isle of Wight,England,Trapping,March,2018,SZ58,Species involved: Buzzard x1,https://community.rspb.org.uk/ourwork/b/investigations/posts/hobby-and-buzzard-found-with-spring-trap-injuries,0ae11a85-400d-4c81-a3f2-d55fa16f386d
4819,100057,Isle of Wight,England,Trapping,September,2018,SZ59,Species involved: Hobby x1,https://community.rspb.org.uk/ourwork/b/investigations/posts/hobby-and-buzzard-found-with-spring-trap-injuries,27b4375f-e71f-4471-b713-c5fd7ac04249
4820,99425,Lincolnshire,England,Shooting,February,2012,TA00,Species involved: Buzzard x1,No Link,6da31d6f-72e1-48b9-8522-3a421957be7a
4821,93469,Lincolnshire,England,Shooting,October,2010,TA10,Species involved: Osprey x1,No Link,5cf4017b-00db-4cf2-83b0-a3f6242d2c10
4822,95307,Lincolnshire,England,Poisoning,May,2012,TA12,Species involved: Marsh Harrier x1. Tested positive for: Aldicarb,No Link,fada3172-674c-49ed-809c-3cbeebc305b5
4823,95545,East Riding of Yorkshire,England,Shooting,February,2013,TA13,Species involved: Buzzard x1,No Link,fab91678-359e-4503-bf9c-8b353d472d1e
4824,100749,East Riding of Yorkshire,England,Shooting,February,2013,TA13,Species involved: Buzzard x1,No Link,14e79f98-e5f7-48b6-a464-6710a96e2a4e
4825,98158,East Riding of Yorkshire,England,Shooting,April,2016,TA15,Species involved: Buzzard x1,No Link,252c84eb-17f3-4c65-bde5-b9e05eca52df
4826,98036,East Riding of Yorkshire,England,Shooting,November,2015,TA17,Species involved: Long-eared Owl x1,No Link,f3f4e5fc-b431-43e4-b778-0effd7373a16
4827,105021,North Yorkshire,England,Trapping,April,2023,TA17,Species involved: Barn Owl x1,https://www.northyorkshire.police.uk/news/north-yorkshire/news/court-results/2023/06-june/man-sentenced-after-death-of-barn-owl-near-scarborough/,15cf1468-c722-4cd6-bfce-5dfd52bf5df6
4828,99385,East Riding of Yorkshire,England,Shooting,October,2017,TA22,Species involved: Sparrowhawk x1,https://raptorpersecutionscotland.wordpress.com/2017/10/25/police-appeal-for-info-after-sparrowhawk-found-shot-dead-in-east-yorkshire/,5f1462ee-a6db-44eb-860a-6c4e75afb23b
4829,101660,East Riding of Yorkshire,England,Shooting,December,2020,TA23,Species involved: Buzzard x1,https://raptorpersecutionscotland.wordpress.com/2020/12/31/buzzard-with-shotgun-injuries-found-in-localised-persecution-hotspot-east-yorkshire/,a18b69fa-c9e5-4a44-b834-18b5aa3a1d61
4830,106247,East Riding of Yorkshire,England,Shooting,November,2021,TA32,Species involved: Buzzard x1,#N/A,120584eb-91ae-40c9-9885-38afe2c21039
4831,97684,East Riding of Yorkshire,England,Shooting,March,2015,TA41,Species involved: Long-eared Owl x1,No Link,59708857-99be-4bae-adda-d3349d03a044
4832,105159,East Riding of Yorkshire,England,Shooting,March,2023,TA41,Species involved: Barn Owl x1,No Link,e1fcb112-c2e7-4994-96d2-b38eb0a76464
4833,94432,Cambridgeshire,England,Poisoning,September,2011,TF00,"Species involved: Red Kite x2. Tested positive for: Benfuracarb, Carbofuran",No Link,882826c5-3b28-42cd-ac45-214c9a7576ed
4834,93389,Lincolnshire,England,Poisoning,March,2010,TF02,Species involved: Red Kite x1. Tested positive for: Mevinphos/Phosdrin,No Link,a099b8b4-d818-4d81-b15d-3a0d19d35f1a
4835,100503,Lincolnshire,England,Poisoning,February,2018,TF02,Species involved: Red Kite x1. Tested positive for: Bendiocarb,No Link,016ed20d-88a4-40d9-a9ad-9edc590c933a
4836,105512,Lincolnshire,England,Poisoning,August,2024,TF04,Species involved: Red Kite x1. Tested positive for: Carbofuran,https://www.bbc.co.uk/news/articles/cn5xl4kwe7qo,77481830-a925-44df-9349-044260d41b04
4837,100349,Cambridgeshire,England,Shooting,January,2018,TF10,Species involved: Buzzard x1,No Link,388bc1d4-d8b9-4a29-93af-16add10fa288
4838,97237,Lincolnshire,England,Shooting,January,2014,TF13,Species involved: Buzzard x1,No Link,a66ada80-eae3-4aec-a592-cbbe12094a0d
4839,100582,Cambridgeshire,England,Poisoning,January,2019,TF20,Species involved: Red Kite x1. Tested positive for: Bendiocarb,No Link,12389af8-d157-4d80-b014-6b4a739d6457
4840,101561,Lincolnshire,England,Poisoning,April,2020,TF21,Species involved: Red Kite x1. Tested positive for: Bendiocarb,https://raptorpersecutionuk.org/2021/04/20/lincolnshire-police-provide-update-on-investigation-into-poisoned-red-kite/,adb05017-5a25-4ac6-b736-3298f8112bff
4841,101896,Lincolnshire,England,Persecution (Other),March,2021,TF22,Species targeted: Birds of Prey. Possession of: Bendiocarb,https://raptorpersecutionuk.org/2021/04/20/lincolnshire-police-provide-update-on-investigation-into-poisoned-red-kite/,4f18bbbc-3e90-4714-971a-4dad0e3781f6
4842,95225,Lincolnshire,England,Nest Destruction,May,2012,TF24,Species involved: Barn Owl x3 nest,No Link,4266678e-4c9f-4700-b7ae-7433d4415113
4843,99389,Lincolnshire,England,Poisoning,May,2017,TF27,Species involved: Red Kite x1. Tested positive for: Alphachloralose,No Link,6d5cfacd-8394-4b8e-8f64-d1d0ccbbcab7
4844,102099,Lincolnshire,England,Poisoning,March,2020,TF27,Species involved: Buzzard x1. Tested positive for: Aldicarb,No Link,46542934-35c2-4c28-b6b8-d9ff2f4a37d5
4845,103854,Lincolnshire,England,Trapping,Withheld,2021,TF27,Species targeted: Birds of Prey,No Link,140e2bc0-8388-4ea3-94e6-a1b01f8d5dbe
4846,103763,Lincolnshire,England,Poisoning,January,2022,TF27,Species involved: Buzzard x1. Tested positive for: Alphachloralose,https://www.birdguides.com/news/lincolnshire-police-investigates-suspected-bird-of-prey-poisonings/,36b9e4de-d705-4419-ba2d-9d7a3c560db6
4847,103852,Lincolnshire,England,Persecution (Other),October,2022,TF27,Species targeted: Birds of Prey. Possession of: Alphachloralose,No Link,200290b0-91be-4aa3-9d55-96a7952d4827
4848,103853,Lincolnshire,England,Trapping,Withheld,2022,TF27,Species targeted: Birds of Prey,No Link,14566e06-304a-4bc6-8dbe-b72ebe427a0d
4849,105618,Lincolnshire,England,Trapping,Withheld,2022,TF27,Species involved: Buzzard x1,#N/A,0eafe7e8-ecff-4c4f-838b-d2d7bb8ab56f
4850,105619,Lincolnshire,England,Trapping,October,2022,TF27,Species involved: Buzzard x1,#N/A,7c85546a-787e-4340-a47b-40a9d876a26b
4851,105620,Lincolnshire,England,Trapping,Withheld,2022,TF27,Species involved: Sparrowhawk x1,#N/A,edd31d8a-868c-4639-b3b1-ef9173115b6a
4852,96077,Cambridgeshire,England,Poisoning,April,2013,TF30,Species involved: Marsh Harrier x2. Tested positive for: Aldicarb,No Link,bfe6fc91-df2e-4464-ae7b-9236c19ec1c9
4853,96747,Lincolnshire,England,Trapping,September,2013,TF34,Species targeted: Sparrowhawk,No Link,4d5cda37-44f4-422f-9dd9-e2d63a2a26db
4854,96748,Lincolnshire,England,Trapping,August,2013,TF34,Species targeted: Sparrowhawk,No Link,4b2fbc63-8199-4765-b342-46c04bd682d6
4855,96193,Lincolnshire,England,Poisoning,June,2013,TF35,Species involved: Red Kite x1. Tested positive for: Aldicarb,No Link,6e3be11f-f883-4364-ab75-4be4b408b888
4856,94332,Lincolnshire,England,Poisoning,September,2011,TF38,Species Involved: Peregrine Falcon x1; poison bait (Pigeon Bait (Species Unknown) x1). Tested positive for: Aldicarb,No Link,817808b0-66fc-4228-8cf7-4c535d832321
4857,97558,Lincolnshire,England,Shooting,January,2015,TF45,Species involved: Buzzard x1,No Link,7c92db48-6d7c-4601-9240-7c70d767734b
4858,104641,Lincolnshire,England,Poisoning,February,2023,TF47,Species involved: Buzzard x1. Tested positive for: Alphachloralose,No Link,e21c7499-5af7-4954-a3a6-b25af95bb3b1
4859,101172,Norfolk,England,Shooting,April,2020,TF50,Species involved: Buzzard x1,https://raptorpersecutionscotland.wordpress.com/2020/06/03/buzzard-found-shot-in-norfolk-during-lockdown/,b33f5492-9677-4c07-87f0-2f073cbf72ec
4860,96876,Norfolk,England,Shooting,December,2013,TF51,Species involved: Buzzard x1,No Link,48f64f75-7033-41cf-a0ef-c872570c9689
4861,104265,Cambridgeshire,England,Shooting,April,2023,TF51,Species involved: Buzzard x1,https://raptorpersecutionuk.org/2023/04/14/buzzard-found-shot-in-head-in-cambridgeshire-garden/,b86c1732-390e-403a-a98e-dcd9d7b00f9e
4862,98418,Lincolnshire,England,Poisoning,April,2015,TF56,"Species Involved: Buzzard x1, Dog x1; poison bait (Other x1). Tested positive for: Aldicarb",No Link,471a3951-3bbf-420b-96e7-daefddc8a71a
4863,99289,Lincolnshire,England,Poisoning,February,2017,TF56,Species involved: Buzzard x1. Tested positive for: Aldicarb,No Link,eaaa4f65-906a-4528-aeeb-a14033013de4
4864,99290,Lincolnshire,England,Poisoning,March,2017,TF56,Species involved: Buzzard x1. Tested positive for: Aldicarb,No Link,30282693-5640-4fe1-b966-d368c1e45f37
4865,88814,Norfolk,England,Shooting,October,2007,TF62,Species involved: Hen Harrier x1,No Link,5e09a04f-9a57-4fb5-8bbd-c975196b71ca
4866,100753,Norfolk,England,Shooting,October,2007,TF62,Species involved: Hen Harrier x1,No Link,c6b36c3d-a8f4-4405-8769-67ae31c56239
4867,92534,Norfolk,England,Poisoning,October,2009,TF62,Species Involved: Sparrowhawk x1; poison bait (Pigeon Bait (Species Unknown) x3). Tested positive for: Bendiocarb,No Link,786b5bdb-1e9b-4624-b85e-b38b3ae92341
4868,96873,Norfolk,England,Shooting,January,2014,TF62,Species involved: Buzzard x1,No Link,5635cd3e-8d6b-4c09-a7e2-32e5957ca547
4869,102858,Norfolk,England,Shooting,March,2020,TF63,Species involved: Red Kite x1,No Link,d522f03b-1803-440e-ae06-f343ff85b332
4870,94882,Norfolk,England,Trapping,March,2012,TF64,Species involved: Sparrowhawk x1,No Link,0dd1ec4e-a223-470f-9297-2dce70098bf4
4871,93364,Norfolk,England,Poisoning,April,2010,TF70,Species involved: Buzzard x1. Tested positive for: Carbofuran,No Link,03950ba3-1c09-436d-97aa-19a2450d0543
4872,101949,Norfolk,England,Shooting,April,2021,TF70,Species involved: Red Kite x1,https://www.nwcu.police.uk/uncategorized/endangered-red-kite-shot-dead-and-hung-from-tree/,d5976d5b-377b-42ef-978f-2d9502e5e23f
4873,103375,Norfolk,England,Trapping,April,2022,TF70,"Species targeted: Birds of Prey, Goshawk",https://www.birdguides.com/news/goshawk-trapped-in-suspected-persecution-case-on-norfolk-estate/,bb888f54-65a6-454e-b092-e1e4239f6e22
4874,92924,Norfolk,England,Shooting,December,2009,TF72,Species involved: Buzzard x1,No Link,08d88395-6411-4771-a36d-cd963169cfff
4875,92929,Norfolk,England,Shooting,Withheld,2009,TF72,Species involved: Little Owl x1,No Link,265badd5-2263-435d-a7ed-f913378330b8
4876,92930,Norfolk,England,Trapping,Withheld,2009,TF72,Species involved: Buzzard x1,No Link,34fa1661-af1a-4c30-b3af-374078f3aa1e
4877,92933,Norfolk,England,Trapping,Withheld,2009,TF72,"Species targeted: Birds of Prey, Owls",No Link,d258aa6d-7b61-4b86-86d0-2a2385506a9c
4878,92935,Norfolk,England,Trapping,Withheld,2009,TF72,Species involved: Little Owl x1,No Link,87643305-d40b-4ac0-8eae-74e44f504ae0
4879,101661,Norfolk,England,Trapping,May,2020,TF72,Species involved: Little Owl x1,https://www.birdguides.com/news/little-owl-killed-by-trap-at-sandringham-estate/,5d499309-005f-4da2-8a26-330d81a7c527
4880,96109,Norfolk,England,Poisoning,March,2013,TF74,Species involved: Marsh Harrier x1. Tested positive for: Carbofuran,No Link,922eea9c-d864-4496-a0cc-07c9d04f1242
4881,96875,Norfolk,England,Shooting,March,2013,TF74,Species involved: Buzzard x1,No Link,a7dcbf66-9c74-4608-8a7d-df3ec88701a3
4882,98578,Norfolk,England,Shooting,August,2014,TF80,Species involved: Buzzard x1,No Link,6e143e04-3722-496f-acbd-5c0b8fc81424
4883,105513,Norfolk,England,Shooting,July,2024,TF80,Species involved: Red Kite x1,Blank,27bbb9db-256e-4446-8738-7a45812228d3
4884,105863,Norfolk,England,Trapping,October,2024,TF80,Species targeted: Birds of Prey,Blank,94aed998-4481-4336-bfe9-b311b26ed271
4885,101186,Norfolk,England,Poisoning,January,2020,TF81,Species involved: Red Kite x1. Tested positive for: Bendiocarb,No Link,05ad9c1a-efbe-4fb3-812e-4e916d7c1aa5
4886,105026,Norfolk,England,Poisoning,July,2023,TF83,Species involved: Red Kite x1. Tested positive for: Bendiocarb,No Link,fda7c7b2-8408-414b-b99e-ecb85188dfeb
4887,91681,Norfolk,England,Shooting,August,2009,TF84,Species involved: Buzzard x1,No Link,48768f6c-da93-4ba4-b6ca-29527e4e043a
4888,96874,Norfolk,England,Shooting,July,2014,TF84,Species involved: Kestrel x1,No Link,3cfc16c6-0271-4777-acc2-e726ea39542b
4889,98422,Norfolk,England,Poisoning,April,2015,TF84,Species involved: Buzzard x1. Tested positive for: Alphachloralose,No Link,7c6e4b2d-98f7-48ba-a0f6-7ce3f8fa82f5
4890,90734,Norfolk,England,Poisoning,April,2008,TF91,Species targeted: Birds of Prey. Species involved: Carrion Crow x1. Tested positive for: Alphachloralose,No Link,f06a9622-1a21-446e-b83f-d70bc4fc2387
4891,96438,Norfolk,England,Shooting,December,2013,TF91,Species involved: Buzzard x1,No Link,a6dcc306-71a0-4936-acb4-0cf19b64ff2c
4892,96261,Norfolk,England,Shooting,January,2014,TF91,Species involved: Buzzard x1,No Link,174d0b45-371a-4a8d-bcbf-54cf8db5bce4
4893,90735,Norfolk,England,Persecution (Other),Withheld,2008,TF92,"Species targeted: Birds of Prey, Carrion Crow. Possession of: Alphachloralose",No Link,c9a7d0ea-eac5-4bf8-b131-cbcab0accb39
4894,96108,Norfolk,England,Poisoning,February,2013,TF92,Species involved: Buzzard x1. Tested positive for: Carbofuran,No Link,2af749a8-3021-49eb-aa62-0e4f5aa9dfa2
4895,95369,Norfolk,England,Shooting,October,2012,TF93,Species involved: Buzzard x1,No Link,81cd61ac-79ee-4553-9058-0bd39003809c
4896,91276,Norfolk,England,Poisoning,June,2008,TG02,Species targeted: Birds of Prey. Species involved: Dog x1; poison bait (Unidentified Bird x1). Tested positive for: Aldicarb,No Link,001d8ae5-5d3c-46ad-a23b-4bba606bb3cf
4897,96394,Norfolk,England,Poisoning,April,2013,TG03,"Species involved: Sparrowhawk x1, Buzzard x2. Tested positive for: Mevinphos/Phosdrin",https://community.rspb.org.uk/ourwork/b/investigations/archive/2014/11/06/how-bad-does-it-have-to-get.aspx,302661b9-d2a0-4028-87aa-5265743d4434
4898,96395,Norfolk,England,Persecution (Other),April,2013,TG03,"Species targeted: Birds of Prey. Possession of: Aldicarb, Mevinphos/Phosdrin",https://community.rspb.org.uk/ourwork/b/investigations/archive/2014/11/06/how-bad-does-it-have-to-get.aspx,9236da7f-41de-4719-8201-0bec30704c3d
4899,99312,Norfolk,England,Poisoning,April,2013,TG03,Species involved: Buzzard x9. Tested positive for: Mevinphos/Phosdrin,https://community.rspb.org.uk/ourwork/b/investigations/archive/2014/11/06/how-bad-does-it-have-to-get.aspx,df20df1a-54ae-47f8-ac09-5dca2718f984
4900,103280,Norfolk,England,Trapping,March,2022,TG04,Species involved: Buzzard x1,No Link,6bf3b9cf-0794-49e7-80b0-c39de98e3dae
4901,99766,Norfolk,England,Poisoning,October,2017,TG10,"Species involved: Red Kite x1. Tested positive for: Bendiocarb, Carbofuran",No Link,aab68f34-a977-4ba8-b1d3-00010eacbbc1
4902,94631,Norfolk,England,Trapping,May,2011,TG11,Species involved: Tawny Owl x1,No Link,831196f3-d902-4b02-850f-7e152de37665
4903,96906,Norfolk,England,Shooting,December,2014,TG12,Species involved: Buzzard x1,No Link,a7ec4f75-c431-4809-93e7-626775fac4c1
4904,101933,Norfolk,England,Shooting,November,2020,TG12,Species involved: Red Kite x1,No Link,b91a5328-7fc8-4aaf-a79b-a8027f6fab3d
4905,98574,Norfolk,England,Shooting,May,2014,TG13,Species involved: Sparrowhawk x1,No Link,e065f9b3-3ad0-43e0-86b5-145bac6a4cfc
4906,96878,Norfolk,England,Shooting,November,2013,TG21,Species involved: Kestrel x1,No Link,3f31d371-2771-4872-9af1-cb22934d8220
4907,103120,Norfolk,England,Trapping,January,2020,TG22,Species involved: Buzzard x1,No Link,d79bbf8a-13d4-458d-9129-eace20f06bd9
4908,93949,Norfolk,England,Poisoning,January,2010,TG23,Species targeted: Birds of Prey. Species involved: Dog x1. Tested positive for: Aldicarb,No Link,fb1d75e3-de54-46fe-ac65-cba125519ed6
4909,95682,Norfolk,England,Shooting,April,2013,TG23,Species involved: Kestrel x1,No Link,0046ae65-be5a-4ea7-a012-7e3a62d7091f
4910,100350,Norfolk,England,Shooting,March,2018,TG32,Species involved: Buzzard x1,No Link,3aa517b7-b51d-4a4c-b35d-b7fc3ac9ea2b
4911,99339,Hertfordshire,England,Shooting,September,2017,TL01,Species involved: Buzzard x1,http://www.nwcu.police.uk/news/nwcu-police-press-releases/appeal-following-shooting-of-a-buzzard-in-great-gaddesden-hemel-hempstead/,3aa0cb8f-b506-432b-ada7-39f113f08f9d
4912,100372,Northamptonshire,England,Shooting,March,2019,TL06,Species involved: Buzzard x1,https://www.bbc.co.uk/news/uk-england-northamptonshire-47977774,b73d23a9-f8a7-4523-906d-c737e3c442f9
4913,99129,Hertfordshire,England,Shooting,April,2017,TL10,Species involved: Buzzard x1,http://www.stalbansreview.co.uk/news/15254092.display/,3f58f021-1273-4380-920e-ec2e133967b9
4914,95849,Hertfordshire,England,Poisoning,October,2012,TL11,Species involved: Red Kite x1. Tested positive for: Alphachloralose,No Link,4f2442f6-c6cc-40e0-a7c5-238f78be682c
4915,99878,Bedfordshire,England,Shooting,November,2017,TL11,Species involved: Red Kite x1,https://community.rspb.org.uk/ourwork/b/investigations/archive/2018/04/04/red-kite-shot-through-the-heart-bedfordshire.aspx,98557ad4-3fce-405c-a840-132220e6efda
4916,94783,Hertfordshire,England,Poisoning,December,2011,TL12,Species involved: Red Kite x1. Tested positive for: Carbofuran,No Link,22142fd3-a3a7-4033-8e02-65869c0fb463
4917,94784,Bedfordshire,England,Poisoning,February,2012,TL12,Species involved: Red Kite x1. Tested positive for: Carbofuran,http://ww2.rspb.org.uk/our-work/rspb-news/news/313401-police-appeal-after-red-kites-illegally-poisoned-in-the-chilterns,0b54f401-30b7-4330-8e41-5cecf78966ce
4918,98575,Hertfordshire,England,Shooting,May,2014,TL12,Species involved: Buzzard x1,No Link,378964cd-d756-4f0d-b22b-95921c95da92
4919,99070,Hertfordshire,England,Poisoning,August,2016,TL12,"Species Involved: Red Kite x1, Carrion Crow x1; poison bait (Grey Squirrel Bait x1). Tested positive for: Carbofuran",No Link,84701a97-c971-449a-8613-8227a4aa812d
4920,92637,Bedfordshire,England,Shooting,January,2009,TL13,Species involved: Barn Owl x1,No Link,ef5f9fec-1eb8-444e-8285-681ddb250453
4921,101804,Bedfordshire,England,Shooting,February,2021,TL13,Species involved: Buzzard x1,https://raptorpersecutionscotland.wordpress.com/2021/02/08/buzzard-shot-critically-injured-in-bedfordshire/,4dccd876-cb2d-4adf-896a-2a4cae6bba57
4922,99324,Bedfordshire,England,Trapping,August,2017,TL14,Species involved: Tawny Owl x1,No Link,f0f734db-914a-4e69-8d30-650dcd8c3aee
4923,92954,Cambridgeshire,England,Poisoning,March,2009,TL17,Species involved: Buzzard x1. Tested positive for: Alphachloralose,No Link,abc1299e-dfa5-4cca-9705-92dd29ff55a5
4924,104474,Cambridgeshire,England,Shooting,August,2022,TL17,Species involved: Buzzard x1,No Link,d4180e1a-cbf6-46b0-be13-e44e58ac1fb1
4925,105873,Cambridgeshire,England,Shooting,September,2024,TL18,Species involved: Barn Owl x1,Blank,daeca288-a9fe-478e-921b-51f45ac1eb81
4926,94088,Hertfordshire,England,Shooting,May,2011,TL21,Species involved: Buzzard x1,No Link,8424fba7-865d-4ef8-b471-36a522035d29
4927,91590,Hertfordshire,England,Shooting,March,2009,TL23,Species involved: Tawny Owl x1,No Link,e745fb27-162e-497c-b96d-653a7b28adbc
4928,94996,Bedfordshire,England,Shooting,February,2012,TL23,Species involved: Sparrowhawk x1,https://raptorpersecutionscotland.wordpress.com/2012/06/06/pigeon-fancier-gets-police-caution-for-killing-sparrowhawks/,b5ff9b8c-e397-4dba-926b-19cd3bf997c7
4929,95000,Bedfordshire,England,Shooting,February,2012,TL23,Species involved: Sparrowhawk x1,https://raptorpersecutionscotland.wordpress.com/2012/06/06/pigeon-fancier-gets-police-caution-for-killing-sparrowhawks/,e2c6e8ad-6f7e-4425-bf6a-af0cd2b6e55a
4930,100750,Bedfordshire,England,Shooting,February,2012,TL23,Species involved: Sparrowhawk x1,https://raptorpersecutionscotland.wordpress.com/2012/06/06/pigeon-fancier-gets-police-caution-for-killing-sparrowhawks/,86991d6e-bfa3-4198-964e-64ef7f8b2115
4931,101914,Hertfordshire,England,Shooting,December,2020,TL23,Species involved: Red Kite x1,No Link,f520dfb3-965f-47ae-8f8c-7de44f0eae65
4932,98427,Hertfordshire,England,Poisoning,May,2015,TL24,Species involved: Red Kite x1. Tested positive for: Bendiocarb,No Link,f7de1202-da56-4978-8d8f-5f3b45dc1107
4933,100024,Hertfordshire,England,Shooting,October,2018,TL24,Species involved: Red Kite x1,https://raptorpersecutionscotland.wordpress.com/2018/10/27/red-kite-shot-in-ashwell-hertfordshire-2/,40c84d67-bfa9-4a84-adcc-3ae02f6c00c8
4934,92984,Hertfordshire,England,Shooting,February,2010,TL30,Species involved: Buzzard x1,No Link,bce30f3d-ac9e-475f-a37c-442eb4c8d94b
4935,99310,Hertfordshire,England,Shooting,February,2017,TL30,Species involved: Buzzard x1,No Link,ec11c94c-0893-48be-9bab-8e035fb60738
4936,93858,Hertfordshire,England,Shooting,February,2010,TL31,Species involved: Buzzard x1,No Link,d8a036cc-81a3-414f-86ba-6b61200dba12
4937,96670,Cambridgeshire,England,Shooting,April,2013,TL38,Species involved: Buzzard x1,No Link,e7b40271-68de-41dc-b739-ecff9279b61a
4938,106011,Cambridgeshire,England,Shooting,August,2023,TL38,Species involved: Red Kite x1,#N/A,2cb4e4ee-910a-4e7a-86f4-d39fb7c2e67e
4939,97679,Cambridgeshire,England,Shooting,September,2015,TL39,Species involved: Red-footed Falcon x1,http://www.rspb.org.uk/our-work/rspb-news/news/410405-rspb-offer-1000-reward-in-appeal-for-information-on-shooting-of-rare-redfooted-falcon-,3c6d1533-3ac2-4fc9-808c-364c000cee22
4940,100212,Cambridgeshire,England,Shooting,February,2018,TL39,Species involved: Buzzard x1,No Link,c36d2fab-cccd-4408-b96e-69a9b5435c00
4941,98942,Hertfordshire,England,Shooting,March,2017,TL42,Species involved: Red Kite x1,https://community.rspb.org.uk/ourwork/b/investigations/archive/2017/04/07/red-kite-shot-bedfordshire-yorkshire-dales.aspx,f55d026a-79e6-476c-a3ec-191736af03d2
4942,89517,Essex,England,Poisoning,November,2007,TL43,Species targeted: Birds of Prey. Species involved: Dog x2; poison bait (Rabbit Bait x1). Tested positive for: Endrin,No Link,10acb0a8-ebc6-48b0-8128-8dbbe4fc4952
4943,105176,Essex,England,Poisoning,March,2008,TL43,Species involved: Buzzard x1. Tested positive for: Endrin,#N/A,f87b3a6f-4f75-49e6-b654-30957f78f482
4944,94686,Cambridgeshire,England,Shooting,November,2011,TL43,Species involved: Barn Owl x1,No Link,042afe95-9337-425e-a1be-f6fae8689017
4945,96950,Cambridgeshire,England,Shooting,November,2014,TL47,Species involved: Buzzard x1,No Link,9bb212bc-2df0-4bc0-96e4-6c7c59203ca7
4946,100975,Cambridgeshire,England,Shooting,October,2019,TL49,Species involved: Peregrine Falcon x1,No Link,3979fb6a-7ec7-482e-97c9-f9f05eab03cf
4947,88779,Bedfordshire,England,Shooting,October,2007,TL53,Species involved: Marsh Harrier x1,No Link,e7db3955-05b2-4328-9bb9-e80a36184af1
4948,104922,Essex,England,Shooting,March,2024,TL53,Species involved: Sparrowhawk x1,https://raptorpersecutionuk.org/2024/03/17/sparrowhawk-shot-in-essex/,a5f7f181-1069-406f-af9a-5e008c1458fa
4949,99355,Cambridgeshire,England,Shooting,September,2017,TL55,Species involved: Peregrine Falcon x1,https://community.rspb.org.uk/ourwork/b/investigations/archive/2017/10/06/young-peregrine-shot-in-cambridge-faces-uncertain-future.aspx,72b65dbd-5523-4c64-84e1-47e504c49af0
4950,99423,Cambridgeshire,England,Shooting,June,2014,TL56,Species involved: Peregrine Falcon x1,No Link,4fb89087-cea5-4c63-88de-2d40446b1a72
4951,93093,Cambridgeshire,England,Shooting,February,2010,TL57,Species involved: Peregrine Falcon x1,"https://btoringing.blogspot.com/2010/02/finnish-peregrine-shot-in.html#:~:text=Finnish%20Peregrine%20shot%20in%20Cambridgeshire%20We%20recently%20received,been%20shot%2C%20with%20vets%20eventually%20removing%20four%20pellets.",6a12eb16-b382-4d92-9aaa-9455dece56af
4952,94263,Cambridgeshire,England,Poisoning,June,2011,TL59,Species involved: Red Kite x1. Tested positive for: Aldicarb,No Link,2e7c9f6c-f8a6-47e8-90f7-544e029eb40f
4953,91026,Cambridgeshire,England,Poisoning,August,2008,TL64,Species targeted: Birds of Prey. Species involved: Dog x1; poison bait (Grey Partridge x1). Tested positive for: Mevinphos/Phosdrin,No Link,43ac7f32-9176-4da6-b108-c62bf9675805
4954,102527,Cambridgeshire,England,Shooting,January,2021,TL64,Species involved: Buzzard x1,https://www.nwcu.police.uk/news/wildlife-crime-press-coverage/buzzard-found-shot-in-horseheath-cambridgeshire/,18fe27eb-62e2-402a-820b-4c04b5c50065
4955,95833,Cambridgeshire,England,Trapping,August,2013,TL65,Species targeted: Birds of Prey,No Link,5c0687a3-0175-4cc2-97a6-101b5d0a2c18
4956,100339,Cambridgeshire,England,Shooting,February,2019,TL65,Species involved: Buzzard x1,No Link,e89fa9dd-0541-4794-8c31-0cd0f65fdc7b
4957,94683,Cambridgeshire,England,Shooting,February,2010,TL67,Species involved: Barn Owl x1,No Link,36c59ef4-1226-4c12-8559-61a364b3c8a5
4958,101754,Suffolk,England,Poisoning,September,2020,TL68,Species Involved: Buzzard x1; poison bait (Pigeon (Woodpigeon) Bait). Tested positive for: Bendiocarb,https://www.eadt.co.uk/news/crime/guns-seized-after-suspected-poisoning-of-buzzard-6914922,25270395-494e-47a1-ad0c-44cefba7baae
4959,102783,Essex,England,Shooting,November,2021,TL70,Species involved: Red Kite x1,https://raptorpersecutionscotland.wordpress.com/2021/11/21/update-on-shot-red-kite-in-essex/,b9c2a5dd-cb4e-417f-acec-c0e2bf7a1414
4960,99489,Essex,England,Shooting,November,2017,TL72,Species involved: Buzzard x1,No Link,3ffbaa98-05c2-4d23-8700-5e0758c951f8
4961,97557,Suffolk,England,Shooting,July,2015,TL76,Species involved: Buzzard x1,No Link,c916fa8d-0264-4726-96c0-7858c0ea17d1
4962,101163,Norfolk,England,Trapping,May,2020,TL78,Species targeted: Birds of Prey,No Link,6b054650-c1d6-4f7b-856c-15425d560b83
4963,101757,Suffolk,England,Persecution (Other),January,2021,TL78,Species targeted: Birds of Prey. Possession of: Bendiocarb,https://community.rspb.org.uk/ourwork/b/investigations/posts/suffolk-gamekeeper-gets-community-order-for-firearms-and-pesticide-offences-after-buzzard-found-poisoned,a66164b4-86d2-4963-a7e0-ac9889c5f390
4964,102256,Norfolk,England,Poisoning,August,2021,TL78,Species targeted: Birds of Prey. Species involved: poison bait (Pheasant Bait x1). Tested positive for: Strychnine,https://www.rspb.org.uk/about-the-rspb/about-us/media-centre/press-releases/gamekeeper-escapes-jail-after-killing-birds-of-prey/,47c83400-fbd8-4347-b4bd-db136d48aece
4965,102477,Norfolk,England,Persecution (Other),September,2021,TL78,Species targeted: Birds of Prey. Possession of: Strychnine,https://www.rspb.org.uk/about-the-rspb/about-us/media-centre/press-releases/gamekeeper-escapes-jail-after-killing-birds-of-prey/,3fb68753-8512-419d-afde-a4e475cb23fe
4966,102479,Norfolk,England,Shooting,August,2021,TL78,Species involved: Goshawk x1,https://www.rspb.org.uk/about-the-rspb/about-us/media-centre/press-releases/gamekeeper-escapes-jail-after-killing-birds-of-prey/,fc2ff157-48c9-4fde-acb5-893115897a26
4967,102480,Norfolk,England,Shooting,August,2021,TL78,Species involved: Buzzard x1,https://www.rspb.org.uk/about-the-rspb/about-us/media-centre/press-releases/gamekeeper-escapes-jail-after-killing-birds-of-prey/,66cd9cf3-1e3c-4a1d-8931-8e0b65b4dff2
4968,102481,Norfolk,England,Shooting,August,2021,TL78,Species involved: Buzzard x1,https://www.rspb.org.uk/about-the-rspb/about-us/media-centre/press-releases/gamekeeper-escapes-jail-after-killing-birds-of-prey/,ff53d777-a0bd-410d-bea3-0efd17316b07
4969,102482,Norfolk,England,Shooting,August,2021,TL78,Species involved: Buzzard x1,https://www.rspb.org.uk/about-the-rspb/about-us/media-centre/press-releases/gamekeeper-escapes-jail-after-killing-birds-of-prey/,23ba8bc3-0329-459e-95fd-db5327dd637a
4970,102483,Norfolk,England,Shooting,August,2021,TL78,Species involved: Buzzard x1,https://www.rspb.org.uk/about-the-rspb/about-us/media-centre/press-releases/gamekeeper-escapes-jail-after-killing-birds-of-prey/,c231e132-f46f-4a07-8fe6-2a028f030fa4
4971,102484,Norfolk,England,Shooting,August,2021,TL78,Species involved: Buzzard x1,https://www.rspb.org.uk/about-the-rspb/about-us/media-centre/press-releases/gamekeeper-escapes-jail-after-killing-birds-of-prey/,85a738cf-bc24-46f3-b2f1-439dc967f182
4972,103613,Norfolk,England,Shooting,September,2021,TL78,Species involved: Buzzard x1,https://www.rspb.org.uk/about-the-rspb/about-us/media-centre/press-releases/gamekeeper-escapes-jail-after-killing-birds-of-prey/,7952119a-993f-42d3-8799-cfa7a97d61fd
4973,103614,Norfolk,England,Poisoning,September,2021,TL78,Species involved: Buzzard x1. Tested positive for: Strychnine,https://www.rspb.org.uk/about-the-rspb/about-us/media-centre/press-releases/gamekeeper-escapes-jail-after-killing-birds-of-prey/,9185978b-0973-47fc-9e71-e798440aaf49
4974,103615,Norfolk,England,Poisoning,September,2021,TL78,Species targeted: Birds of Prey. Species involved: poison bait (Pheasant Bait x1). Tested positive for: Strychnine,https://www.rspb.org.uk/about-the-rspb/about-us/media-centre/press-releases/gamekeeper-escapes-jail-after-killing-birds-of-prey/,cc319759-e231-43c6-89d5-e9d4940d17c1
4975,103616,Norfolk,England,Poisoning,September,2021,TL78,Species targeted: Birds of Prey. Species involved: poison bait (Pheasant Bait x1). Tested positive for: Strychnine,https://www.rspb.org.uk/about-the-rspb/about-us/media-centre/press-releases/gamekeeper-escapes-jail-after-killing-birds-of-prey/,7c83e0a6-9456-4b8d-9029-681993dbac66
4976,104016,Norfolk,England,Trapping,Withheld,2022,TL78,Species involved: Buzzard x1,No Link,3db60cf4-5ffc-41e5-bc64-ce5e8e92f851
4977,96877,Norfolk,England,Shooting,December,2013,TL79,Species involved: Buzzard x1,No Link,9caa85e2-bb51-475f-9e2c-76c634d30e9d
4978,105037,Essex,England,Poisoning,October,2023,TL82,Species Involved: Red Kite x2; poison bait (Meat). Tested positive for: Bendiocarb,No Link,d81a9a2d-96bf-4b81-ad67-5e6f142a0f4a
4979,96598,Suffolk,England,Nest Destruction,June,2014,TL83,Species involved: Barn Owl x2 nest,No Link,be42d6b1-531a-45d6-bbd3-20f8886f3f91
4980,97251,Suffolk,England,Shooting,August,2014,TL84,Species involved: Peregrine Falcon x1,https://www.bbc.co.uk/news/uk-england-suffolk-34683464,364f8a68-9014-451b-a698-cb2b7d4ac0aa
4981,98695,Suffolk,England,Shooting,September,2016,TL85,Species involved: Buzzard x1,No Link,f3e5683c-b884-4aaa-99c2-2056ce40eec6
4982,88932,Suffolk,England,Poisoning,March,2007,TL87,Species involved: Buzzard x1. Tested positive for: Alphachloralose,No Link,c18e8097-34b4-4b76-9971-de7c9a5d69c8
4983,97285,Suffolk,England,Trapping,December,2014,TL87,Species involved: Tawny Owl x1,No Link,af668c9d-2a4b-4a30-b66c-5ffc3dfe4881
4984,100128,Suffolk,England,Poisoning,March,2018,TL87,Species involved: Buzzard x1. Tested positive for: Bendiocarb,No Link,d1c056ae-570e-4e5a-a459-6766ea4fb2b4
4985,104095,Suffolk,England,Shooting,September,2022,TL87,Species involved: Goshawk x1,https://www.bbc.co.uk/news/uk-england-suffolk-66055112,e1d17747-77f8-4a27-bc00-26822aec4f15
4986,104096,Suffolk,England,Shooting,September,2022,TL87,Species involved: Goshawk x1,https://www.bbc.co.uk/news/uk-england-suffolk-66055112,f40e7f83-f8f0-4fae-bb93-9ef8596a2605
4987,104097,Suffolk,England,Shooting,September,2022,TL87,Species involved: Goshawk x1,https://www.bbc.co.uk/news/uk-england-suffolk-66055112,b309ca44-5971-4133-b665-8e0c82a2dbad
4988,104098,Suffolk,England,Shooting,September,2022,TL87,Species involved: Goshawk x1,https://www.bbc.co.uk/news/uk-england-suffolk-66055112,c0031791-c2b0-4856-b44e-b587bd3a35c7
4989,104099,Suffolk,England,Shooting,September,2022,TL87,Species involved: Goshawk x1,https://www.bbc.co.uk/news/uk-england-suffolk-66055112,2af0185a-48f2-4c2d-8b87-28a840d3d68f
4990,96872,Suffolk,England,Shooting,November,2014,TL88,Species involved: Buzzard x1,No Link,30ea4076-3d35-4bbf-8955-9b67134e1761
4991,103374,Norfolk,England,Trapping,April,2022,TL89,Species involved: Goshawk x1,https://www.birdguides.com/news/goshawk-trapped-in-suspected-persecution-case-on-norfolk-estate/,a016aa7c-829c-42d4-a171-c5197c424c98
4992,103376,Norfolk,England,Trapping,April,2022,TL89,Species targeted: Goshawk,https://www.birdguides.com/news/goshawk-trapped-in-suspected-persecution-case-on-norfolk-estate/,465b135b-3f0a-48e8-9838-6a45238012f0
4993,104015,Norfolk,England,Persecution (Other),April,2022,TL89,Species targeted: Sparrowhawk,https://raptorpersecutionuk.org/2023/10/13/two-gamekeepers-due-in-court-after-police-investigation-on-van-cutsems-hilborough-estate-in-norfolk/,40b03716-7c79-4d80-9249-299e706c70ea
4994,104715,Essex,England,Shooting,December,2023,TL91,Species involved: Buzzard x1,https://raptorpersecutionuk.org/2024/01/06/buzzard-suffers-shotgun-injuries-in-essex-the-8th-known-raptor-persecution-victim-in-this-county-in-recent-years/,03097074-57c6-4e5f-b787-790e0fa96ce3
4995,104104,Essex,England,Shooting,January,2023,TL92,Species involved: Buzzard x1,https://raptorpersecutionuk.org/2023/01/31/shot-buzzard-in-essex-succumbs-to-its-injuries/,24540218-ec00-4ea3-b755-9ca3915108b1
4996,94110,Norfolk,England,Shooting,March,2011,TL95,Species involved: Buzzard x1,No Link,7e43636a-e2e4-4a71-b9a1-ece193db03a9
4997,101278,Suffolk,England,Shooting,February,2019,TL96,Species involved: Buzzard x1,No Link,52e12606-1c5a-4ee4-a81d-a2e297912c10
4998,105371,Essex,England,Shooting,August,2024,TM02,Species involved: Sparrowhawk x1,Blank,ec76872f-cad6-46cb-b6d0-5521fb2c41b1
4999,95858,Suffolk,England,Shooting,March,2012,TM04,Species involved: Barn Owl x1,No Link,f31f840f-48f0-41a8-b6c3-4425a10e4ed8
5000,97280,Suffolk,England,Shooting,December,2014,TM05,Species involved: Buzzard x1,No Link,ffe6908b-ad25-4c8b-9c64-d85155ed753d
5001,94951,Essex,England,Shooting,October,2011,TM11,Species involved: Short-eared Owl x1,No Link,4b1970f6-8056-4d76-a735-8f341a964401
5002,99287,Suffolk,England,Shooting,July,2017,TM14,Species involved: Peregrine Falcon x1,https://community.rspb.org.uk/getinvolved/b/south-east/archive/2017/05/26/peregrine-falcon-found-shot-in-sussex.aspx,74473bf2-107d-44ad-8f90-034e5f504efd
5003,101261,Suffolk,England,Shooting,August,2019,TM15,Species involved: Barn Owl x1,No Link,8749ab4a-3abf-431b-9bd0-5c486789c374
5004,101277,Suffolk,England,Poisoning,January,2019,TM15,Species involved: Buzzard x1. Tested positive for: Alphachloralose,No Link,dab8e125-53d5-42cd-9750-e75cb91b7e6c
5005,99627,Suffolk,England,Shooting,December,2017,TM17,Species involved: Buzzard x1,No Link,528f5358-a0ba-49c5-bc08-a332ad39bb82
5006,105427,Norfolk,England,Shooting,June,2023,TM19,Species involved: Buzzard x1,#N/A,fff4de7d-9135-4f8e-85da-2051f068a20d
5007,101783,Suffolk,England,Shooting,January,2020,TM24,Species involved: Sparrowhawk x1,https://www.ipswichstar.co.uk/news/suffolk-police-sparrowhawk-dies-in-kesgrave-2874874,12ea344c-a165-47fc-bd7d-219a1e39d00c
5008,96537,Suffolk,England,Shooting,March,2013,TM25,Species involved: Sparrowhawk x1,No Link,6ea569ff-78d5-44c2-ac80-552d7c367fee
5009,103634,Suffolk,England,Shooting,March,2022,TM27,Species involved: Peregrine Falcon x1,https://raptorpersecutionuk.org/2022/05/16/peregrine-suffers-appalling-injuries-after-being-being-shot-trapped-in-suffolk/,462f971b-ec08-4ca4-8a3c-2839abf91005
5010,99354,Suffolk,England,Shooting,April,2017,TM36,Species involved: Buzzard x1,No Link,c9508876-1ce7-494e-96d4-a21c36ca8b92
5011,95324,Suffolk,England,Poisoning,September,2012,TM37,Species Involved: Buzzard x1; poison bait (Hare Bait x1). Tested positive for: Alphachloralose,No Link,26d88cf7-7f1f-4908-b974-faf47ca28c1f
5012,94399,Suffolk,England,Shooting,November,2011,TM45,Species involved: Barn Owl x1,No Link,69a9c8de-351b-46ab-8977-edb5fd559238
5013,97173,Suffolk,England,Shooting,January,2014,TM58,Species involved: Buzzard x1,No Link,46fcffb9-600a-40a4-8edd-93c1f1e312dd
5014,102389,West Sussex,England,Poisoning,December,2020,TQ00,Species involved: Red Kite x1. Tested positive for: Bendiocarb,No Link,22a27649-ec79-4697-a8f5-c69b872fa5f4
5015,95865,West Sussex,England,Shooting,July,2012,TQ02,Species involved: Buzzard x1,No Link,74ca035a-37cb-4c61-b69f-3e55af900020
5016,93391,Surrey,England,Shooting,August,2010,TQ03,Species involved: Buzzard x1,No Link,5cf92330-ce96-44bd-bd23-74e54130d372
5017,103102,Surrey,England,Poisoning,July,2020,TQ05,Species involved: Peregrine Falcon x1. Tested positive for: Bendiocarb,No Link,4180d999-419c-46ba-a488-5ac80e74b3f9
5018,100606,Buckinghamshire,England,Shooting,August,2019,TQ09,Species involved: Merlin x1,No Link,227af894-184e-4aea-bd3a-456fd0c2c560
5019,89681,West Sussex,England,Shooting,April,2008,TQ12,Species involved: Buzzard x1,No Link,0d75f3b3-1894-45da-8b30-900cd7a1d0c6
5020,98833,West Sussex,England,Shooting,March,2017,TQ13,Species involved: Buzzard x1,https://www.wscountytimes.co.uk/news/crime/shock-shooting-of-buzzard-at-woods-1-7864536,1b06b5e9-8f0c-4c4c-86e4-8228430d4bba
5021,88521,Surrey,England,Shooting,April,2007,TQ14,Species involved: Buzzard x1,No Link,63ff5a02-1fbc-4394-ab4d-f27c5fe9a6d1
5022,97123,Surrey,England,Poisoning,March,2014,TQ15,Species targeted: Birds of Prey. Species involved: Cat x1. Tested positive for: Bendiocarb,No Link,d8fe8366-827b-45e0-a719-f65d310ac850
5023,92551,Greater London,England,Shooting,September,2009,TQ29,Species involved: Hobby x1,No Link,dcb77310-0517-4be8-a675-5ff626090b15
5024,89683,Surrey,England,Shooting,Withheld,2007,TQ33,Species involved: Kestrel x1,No Link,1ea8d599-19cf-483f-850f-ab227d143b31
5025,98386,Surrey,England,Shooting,August,2011,TQ35,Species involved: Buzzard x1,No Link,dd680882-ae6b-4239-b610-d8877bd9344a
5026,96463,Greater London,England,Shooting,April,2014,TQ35,Species involved: Peregrine Falcon x2,No Link,7d5ee1d9-e7a2-4054-b588-4cf8390c6914
5027,98056,Surrey,England,Shooting,April,2015,TQ35,Species involved: Buzzard x1,No Link,49cac5b5-8d60-43d4-b9af-eef6f32387bc
5028,105025,Greater London,England,Shooting,February,2023,TQ37,Species involved: Red Kite x1,https://www.birdguides.com/news/red-kite-shot-in-london/,bfd4783a-642f-4943-a4ed-8174a66188e3
5029,104343,Greater London,England,Shooting,June,2023,TQ38,Species involved: Buzzard x1,No Link,df9edeb7-c693-41f1-82d2-03a5b9317178
5030,95042,East Sussex,England,Shooting,March,2012,TQ41,Species involved: Buzzard x1,No Link,6c8dd00d-4480-4042-a816-6d8e8aa9899a
5031,95839,East Sussex,England,Shooting,March,2012,TQ41,Species involved: Buzzard x1,No Link,25934c34-0025-4841-8bf3-387c10472f54
5032,105027,East Sussex,England,Shooting,July,2023,TQ43,Species involved: Buzzard x1,No Link,636965e4-d6ef-4625-a448-6994e54c8787
5033,98044,Surrey,England,Shooting,June,2014,TQ45,Species involved: Buzzard x1,No Link,58183855-f580-45b7-b1de-8ac38ffca672
5034,97542,Kent,England,Shooting,August,2015,TQ46,Species involved: Peregrine Falcon x1,No Link,57b0db1f-9763-43fe-bad9-a48242b21de7
5035,103451,Kent,England,Shooting,November,2021,TQ46,Species involved: Falcons x1,No Link,35dedfae-2544-47d8-a877-f258566389fa
5036,95878,Greater London,England,Shooting,October,2012,TQ47,Species involved: Kestrel x1,No Link,4bddb979-f1b2-4bed-9497-f3cd03e9c411
5037,93485,West Sussex,England,Shooting,September,2010,TQ51,Species involved: Osprey x1,No Link,9578e286-d3a3-44c6-baab-805b9a2530a9
5038,98566,East Sussex,England,Shooting,October,2015,TQ53,Species involved: Buzzard x1,No Link,e96388a4-3e35-40fc-bdc7-732f6869a1a5
5039,104326,Essex,England,Shooting,September,2022,TQ59,Species involved: Red Kite x1,https://raptorpersecutionuk.org/2022/09/07/red-kite-reported-shot-in-essex-police-appeal-for-information/,17eb3b45-a95a-4b9d-9bd5-7b228c238bad
5040,103450,Kent,England,Shooting,January,2022,TQ64,Species involved: Peregrine Falcon x1,No Link,77a77f89-f5ef-4c73-bb56-389f48a8f64f
5041,97069,Essex,England,Shooting,March,2015,TQ67,Species involved: Buzzard x1,No Link,98313594-d877-4788-b1d8-7a9fb8ca9f43
5042,99110,East Sussex,England,Shooting,May,2017,TQ71,Species involved: Peregrine Falcon x1,No Link,b996ca1e-333f-4028-b7b4-78ba53b21742
5043,97152,Kent,England,Shooting,April,2015,TQ76,Species involved: Buzzard x1,No Link,fc6c9e51-439e-4090-9019-a5b040f4a1b4
5044,101500,Kent,England,Shooting,October,2020,TQ77,Species involved: Buzzard x1,https://community.rspb.org.uk/ourwork/b/investigations/posts/horror-as-buzzard-is-shot-on-kent-nature-reserve-boundary,2d69ee3e-3f25-4b81-becf-90d095fc714c
5045,101942,Kent,England,Shooting,September,2020,TQ77,Species involved: Buzzard x1,https://community.rspb.org.uk/ourwork/b/investigations/posts/horror-as-buzzard-is-shot-on-kent-nature-reserve-boundary,ebb55a86-3cda-4acc-8cbb-255e97c8c7e3
5046,90205,Kent,England,Shooting,August,2008,TQ82,Species involved: Peregrine Falcon x1,No Link,180d2351-0ea5-4fb6-8a02-fa765fd8991d
5047,96494,East Sussex,England,Poisoning,June,2013,TQ82,"Species targeted: Birds of Prey, Fox, Badger. Species involved: poison bait (Unidentified Bird). Tested positive for: Paraquat",No Link,e6839ea5-d623-432f-8b09-83e2224ba180
5048,98528,Kent,England,Trapping,August,2016,TQ86,Species targeted: Birds of Prey,No Link,6f017280-eff5-40ef-9520-a2f72898ef93
5049,101752,Essex,England,Shooting,August,2020,TQ89,Species involved: Hobby x1,https://raptorpersecutionscotland.wordpress.com/2020/08/18/hobby-dies-after-suspected-shooting-in-essex/,c5dd8872-2946-4d40-84e2-d52310346806
5050,97506,Kent,England,Shooting,March,2015,TQ93,Species involved: Barn Owl x1,No Link,af42994e-c87c-4fb1-990c-17d968efa0a3
5051,100109,Kent,England,Shooting,May,2018,TQ93,Species involved: Red Kite x1,https://raptorpersecutionscotland.wordpress.com/2018/07/18/red-kite-shot-dead-in-kent/,b230aca0-f4e7-437d-985f-fd11a5fcf7a8
5052,106021,Kent,England,Persecution (Other),March,2024,TQ97,Species involved: Short-eared Owl x1,Blank,5628d978-b514-4917-a1d1-0a662e62aa42
5053,99776,Kent,England,Shooting,June,2017,TR05,Species involved: Little Owl x1,No Link,7b33a37f-509d-44c1-ae23-742a47688e8b
5054,102582,Kent,England,Trapping,June,2021,TR06,Species involved: Barn Owl x1,No Link,57a7a0af-a828-45af-b212-f7975b890ef5
5055,99947,Kent,England,Shooting,April,2018,TR07,Species involved: Barn Owl x1,http://www.kentonline.co.uk/sheerness/news/appeal-after-barn-owl-shot-181312/,aa5190f8-9227-4abc-b46b-1505b0caabf9
5056,101935,Kent,England,Shooting,July,2020,TR16,Species involved: Peregrine Falcon x1,No Link,d5b93034-1811-4bf1-9f5d-f77eca625351
5057,104979,Kent,England,Shooting,February,2023,TR26,Species involved: Buzzard x1,https://raptorpersecutionuk.org/2023/02/07/buzzard-shot-in-kent-police-appeal-for-information/,a29e8548-e29c-476b-ad6a-ed2be95247a7
5058,93854,East Sussex,England,Shooting,April,2010,TV59,Species involved: Peregrine Falcon x1,No Link,b9dafd0d-a15f-4ab7-91b9-01dfb1853318
5059,95566,East Riding of Yorkshire,England,Poisoning,November,2012,SE96,Species involved: Buzzard x1. Tested positive for: Aldicarb,https://community.rspb.org.uk/ourwork/b/investigations/archive/2014/05/30/one-man-s-poison.aspx,69b2160e-af59-491b-8758-db21d266eeac
5060,102091,Armagh,Northern Ireland,Poisoning,November,2020,H74,"Species targeted: Birds of Prey, Peregrine Falcon. Species involved: poison bait (Pigeon Bait (Species Unknown) x1). Tested positive for: Alphachloralose, Bendiocarb, Other",https://www.armaghi.com/news/armagh-news/police-investigate-reports-men-may-have-been-trying-to-harm-birds-of-prey-at-armagh-quarry/124086,23c98404-412e-4246-ae91-96b700923aad
5061,96036,East Riding of Yorkshire,England,Persecution (Other),March,2013,SE96,"Species targeted: Birds of Prey. Possession of: Alphachloralose, Aldicarb, Carbofuran, Strychnine",https://community.rspb.org.uk/ourwork/b/investigations/archive/2014/05/30/one-man-s-poison.aspx,63230a8c-6019-4aa8-977b-aa5d57abb5c7
5062,102320,Armagh,Northern Ireland,Persecution (Other),May,2020,H74,Species targeted: Peregrine Falcon,No Link,87b23f29-4493-40ee-8f03-75a996eca07c
5063,98527,East Riding of Yorkshire,England,Shooting,September,2016,SE96,Species involved: Marsh Harrier x1,http://www.yorkpress.co.uk/news/14843965.Bird_of_prey_badly_injured_after_being_shot/,e21a9ab4-09e2-4c3f-ad3f-741ad8b73152
5064,88956,Armagh,Northern Ireland,Poisoning,June,2007,H84,Species targeted: Birds of Prey. Species involved: Dog x1; poison bait (Meat). Tested positive for: Carbofuran,No Link,c1456d6c-5e00-449d-8785-831ee1fdc48f
5065,90738,North Yorkshire,England,Trapping,November,2008,SE97,Species involved: Buzzard x1,No Link,b7d9aece-c910-47c2-87ff-319f91ff56f9
5066,92953,Armagh,Northern Ireland,Poisoning,January,2009,H84,"Species targeted: Birds of Prey. Species involved: Mouse (Unspecified) x1, Blackbird x1, Magpie x1, Dog x1. Tested positive for: Alphachloralose, Alphachloralose, Alphachloralose, Alphachloralose, Alphachloralose",No Link,0a7b71b7-b567-4ee4-86d1-f4832bee68db
5067,100490,North Yorkshire,England,Poisoning,October,2018,SE97,Species targeted: Birds of Prey. Species involved: poison bait (Rabbit Bait x1). Tested positive for: Difenacoum,No Link,5b4c393a-8b8b-4282-a0bc-ee89a83b8172
5068,100226,Armagh,Northern Ireland,Poisoning,October,2018,H84,Species involved: Buzzard x1. Tested positive for: Carbofuran,http://www.ulstergazette.co.uk/news/2018/11/13/gallery/dead-buzzard-found-in-same-area-others-were-poisoned-1968/,fecffbf5-e2b2-4f43-b169-4a728cfbad61
5069,100960,North Yorkshire,England,Shooting,January,2020,SE97,Species involved: Buzzard x1,No Link,362fa288-5f27-4eeb-9da6-d578e41c8765
5070,98086,North Yorkshire,England,Trapping,February,2016,SE98,Species involved: Buzzard x1,http://www.yorkshirepost.co.uk/news/crime/badger-shot-in-eye-and-birds-trapped-in-spate-of-north-yorkshire-attacks-1-7812747,da5b4cff-f3b1-4e19-a4c4-1a454f6b015f
5071,92553,Tyrone,Northern Ireland,Poisoning,June,2009,H85,Species targeted: Birds of Prey. Species involved: poison bait (Rabbit Bait x1). Tested positive for: Alphachloralose,No Link,c77970fb-3e4a-4278-898b-a920220909f7
5072,100634,North Yorkshire,England,Shooting,August,2019,SE98,Species involved: Marsh Harrier x1,https://raptorpersecutionscotland.wordpress.com/2019/10/09/north-yorkshire-police-appeal-for-info-after-marsh-harrier-found-shot-nr-scarborough/,4db428ab-7b30-4d89-942f-de63882c3232
5073,97189,Tyrone,Northern Ireland,Poisoning,March,2014,H87,"Species involved: Buzzard x1, Fox x1. Tested positive for: Carbofuran",No Link,74cfbefd-96cf-4840-891c-9be2732fc15e
5074,104344,North Yorkshire,England,Shooting,Withheld,2022,SE98,Species involved: Buzzard x1,No Link,10193c27-a80c-4525-a93a-0f727cd3da11
5075,102090,Tyrone,Northern Ireland,Poisoning,April,2020,H87,Species involved: Buzzard x1. Tested positive for: Alphachloralose,No Link,70dd0c59-0bbb-4289-aecb-b6462562215b
5076,102330,North Yorkshire,England,Shooting,February,2020,SE99,Species involved: Goshawk x1,No Link,85dcb881-6059-4905-b956-7695d546bd33
5077,96961,Londonderry,Northern Ireland,Poisoning,July,2014,H88,Species involved: Peregrine Falcon x1. Tested positive for: Carbofuran,No Link,6042013c-74af-44f1-a88f-78b58be1cf3f
5078,105870,North Yorkshire,England,Poisoning,May,2022,SE99,Species targeted: Birds of Prey. Species involved: Dog x2; poison bait (Lamb x1). Tested positive for: Pentobarbital,#N/A,d76b47c9-98ac-4752-90f4-a954ab354ebd
5079,93936,Armagh,Northern Ireland,Poisoning,April,2010,H94,Species Involved: Buzzard x2; poison bait (Meat). Tested positive for: Carbofuran,No Link,95da0b50-781f-4b34-8420-ed9fe494879f
5080,94139,Gwynedd,Wales,Nest Destruction,May,2011,SH23,Species targeted: Barn Owl nest,No Link,8bad94f7-0b7c-407c-8f5f-d343aa2c05ed
5081,97192,Tyrone,Northern Ireland,Poisoning,November,2014,H97,Species involved: Buzzard x1. Tested positive for: Carbofuran,No Link,c6999fad-25a7-4dba-a0fd-de8759efd0da
5082,94682,Isle of Anglesey,Wales,Shooting,May,2011,SH37,Species involved: Buzzard x1,No Link,f97077a1-d2ce-461c-94e1-8f9f13d7df6c
5083,91009,Londonderry,Northern Ireland,Poisoning,April,2008,H98,Species targeted: Birds of Prey. Species involved: Dog x1. Tested positive for: Carbofuran,No Link,8ffecb7f-b4c9-4748-8839-9dbe283ca9ec
5084,95703,Gwynedd,Wales,Poisoning,September,2012,SH46,Species targeted: Birds of Prey. Species involved: poison bait (Goose x1). Tested positive for: Metaldehyde,No Link,2b030540-ef95-4d34-891f-17575479a110
5085,96422,Londonderry,Northern Ireland,Poisoning,March,2013,H99,Species involved: Buzzard x1. Tested positive for: Carbofuran,No Link,6d6c9083-859d-4522-82ca-f477025d2d06
5086,99228,Isle of Anglesey,Wales,Poisoning,February,2016,SH57,"Species targeted: Birds of Prey. Species involved: Fox x1; poison bait (Pheasant Bait x1). Tested positive for: Metaldehyde, Metaldehyde",No Link,87e59b7b-4f06-4761-9eab-b1541ecad5e7
5087,98664,Londonderry,Northern Ireland,Poisoning,November,2015,H99,Species involved: Buzzard x1. Tested positive for: Carbofuran,No Link,04b947f9-da7b-42cc-908e-56ed18e853c4
5088,101379,Isle of Anglesey,Wales,Poisoning,February,2019,SH57,"Species targeted: Birds of Prey, Corvidae. Species involved: Fox x1; poison bait (Other x2). Tested positive for: Metaldehyde",No Link,9ff7e5cd-56f3-4ce1-bc17-c5c0f63db320
5089,105523,Armagh,Northern Ireland,Poisoning,June,2024,J01,Species involved: Peregrine Falcon x2. Tested positive for: Carbofuran,https://raptorpersecutionuk.org/2024/12/15/peregrine-found-poisoned-police-appeal-for-information-six-months-later/,9907dd52-1df3-4952-8054-0dbb2930484c
5090,95491,Conwy,Wales,Poisoning,June,2012,SH67,Species involved: Peregrine Falcon x1. Tested positive for: Bendiocarb,https://www.bbc.co.uk/news/uk-wales-25372301,f9057647-4588-4fbd-9011-a2f5d6ea8c8b
5091,99099,Down,Northern Ireland,Shooting,April,2016,J02,Species involved: Sparrowhawk x1,No Link,ab1c6dcd-c51a-42c8-bf56-92e0eaf9e58f
5092,95492,Conwy,Wales,Poisoning,July,2012,SH67,Species targeted: Peregrine Falcon. Species involved: poison bait (Pigeon Bait (Species Unknown) x1). Tested positive for: Bendiocarb,https://www.bbc.co.uk/news/uk-wales-25372301,10404c93-6d57-4fe5-89ca-90f5b830263b
5093,90393,Armagh,Northern Ireland,Poisoning,July,2008,J03,Species Involved: Buzzard x2; poison bait (Rabbit Bait x1). Tested positive for: Alphachloralose,No Link,b4776002-a408-423f-a55e-d0ebb5fdd614
5094,95497,Conwy,Wales,Poisoning,July,2012,SH67,Species involved: Peregrine Falcon x1. Tested positive for: Bendiocarb,https://www.bbc.co.uk/news/uk-wales-25372301,ef2e4570-8ff0-44c2-b8b2-faf1d412ac33
5095,90645,Armagh,Northern Ireland,Poisoning,July,2008,J03,"Species involved: Buzzard x2, Carrion Crow x1. Tested positive for: Alphachloralose",No Link,1f91fe88-61f1-4173-9058-43422313dcd0
5096,96957,Conwy,Wales,Poisoning,June,2014,SH67,Species involved: Peregrine Falcon x1. Tested positive for: Alphachloralose,https://www.dailypost.co.uk/news/peregrine-falcon-found-dead-penmaenmawr-7637312,95310a6e-a584-4691-bfe7-d282183791c6
5097,91345,Armagh,Northern Ireland,Poisoning,December,2008,J03,Species Involved: Red Kite x1; poison bait (Hen/Chicken Bait). Tested positive for: Alphachloralose,No Link,a8869a1b-bf9a-47eb-bdfa-73e3e79dbda4
5098,101211,Conwy,Wales,Poisoning,November,2019,SH77,Species involved: Red Kite x1. Tested positive for: Diazinon/Dimpylate,No Link,1a9aabd4-8c72-4187-9e8f-0f0eca1f18f3
5099,92187,Down,Northern Ireland,Poisoning,October,2009,J03,Species Involved: Red Kite x1; poison bait (Rabbit Bait x1). Tested positive for: Alphachloralose,No Link,ca255a94-4de8-4808-91ba-10ced0d59287
5100,105986,Powys,Wales,Poisoning,October,2009,SH80,Species involved: Red Kite x1. Tested positive for: Diazinon/Dimpylate,#N/A,160dd391-7ede-4f29-accd-a7550a55f3aa
5101,96803,Armagh,Northern Ireland,Poisoning,October,2009,J03,Species involved: Buzzard x1. Tested positive for: Alphachloralose,No Link,951b5712-5c80-4663-aadd-c0b5ce302ecc
5102,101972,Conwy,Wales,Trapping,April,2021,SH85,Species involved: Buzzard x1,No Link,e1688015-4b25-47c7-8131-208557e253b7
5103,93939,Armagh,Northern Ireland,Poisoning,September,2010,J03,Species Involved: Buzzard x1; poison bait (Rabbit Bait x2). Tested positive for: Alphachloralose,No Link,b9f69179-fdbf-4c1c-b082-e763456a37c5
5104,99670,Conwy,Wales,Poisoning,October,2017,SH87,"Species Involved: Peregrine Falcon x1; poison bait (Pigeon Bait (Species Unknown) x1). Tested positive for: Bendiocarb, Bendiocarb",https://raptorpersecutionscotland.wordpress.com/2018/03/21/peregrine-confirmed-poisoned-in-north-wales/,6083f430-e0d6-4618-9e71-88f2f28c2300
5105,94717,Armagh,Northern Ireland,Poisoning,August,2011,J03,Species targeted: Birds of Prey. Species involved: Magpie x1. Tested positive for: Alphachloralose,No Link,97406dba-c65d-4da4-9f94-d4c938c4a75d
5106,101970,Conwy,Wales,Nest Destruction,April,2021,SH95,Species targeted: Osprey nest,https://www.bbc.co.uk/news/uk-wales-56955084,a71637e7-8240-4eec-be76-36bcd691bb91
5107,95030,Down,Northern Ireland,Trapping,May,2012,J03,Species involved: Buzzard x1,No Link,5156f219-3c73-4395-8b25-55deba2251eb
5108,104406,Conwy,Wales,Shooting,February,2023,SH97,Species involved: Buzzard x1,No Link,637dfb57-072f-4244-8b4a-06360b496ba0
5109,95776,Armagh,Northern Ireland,Poisoning,September,2012,J03,Species involved: Buzzard x1. Tested positive for: Alphachloralose,No Link,8f5baa55-d92f-4457-8115-7e76e2fbbbf9
5110,103706,Powys,Wales,Shooting,July,2022,SJ01,Species involved: Goshawk x1,No Link,76b3cd8c-6bdb-4ff7-a051-945d254145da
5111,96801,Armagh,Northern Ireland,Shooting,September,2013,J03,Species involved: Buzzard x1,No Link,8ba42f2d-ad87-4775-ae31-e3d9e06a1016
5112,96483,Powys,Wales,Poisoning,March,2013,SJ02,Species involved: Red Kite x1. Tested positive for: Aldicarb,No Link,5f97d1a7-f4ec-4b44-8e07-4c156672af47
5113,96886,Armagh,Northern Ireland,Poisoning,October,2014,J03,"Species involved: Buzzard x1. Tested positive for: Aldicarb, Carbofuran, Isofenphos",No Link,8d4b71a6-7c58-4081-808d-8e6157a3ca6a
5114,96968,Powys,Wales,Poisoning,May,2014,SJ02,Species targeted: Birds of Prey. Species involved: Dog x1. Tested positive for: Aldicarb,No Link,1d8a1eb7-c152-4f24-957a-5e407b2fb422
5115,97199,Down,Northern Ireland,Poisoning,November,2014,J03,Species targeted: Birds of Prey. Species involved: Cat x1. Tested positive for: Carbofuran,No Link,c7d9cd2e-c2cc-4a61-a7aa-69eb4d6f64d0
5116,98211,Powys,Wales,Poisoning,March,2016,SJ02,"Species targeted: Birds of Prey. Species involved: Raven x1; poison bait (Pheasant Bait x1). Tested positive for: Aldicarb, Aldicarb, Bendiocarb, Bendiocarb",No Link,1ac41498-5875-4eee-9d85-469283a88f96
5117,102096,Armagh,Northern Ireland,Shooting,September,2020,J03,Species involved: Buzzard x1,No Link,439e55a7-e33e-41b2-8934-ee29e7584d22
5118,99231,Powys,Wales,Poisoning,April,2016,SJ02,"Species targeted: Birds of Prey. Species involved: Raven x1. Tested positive for: Aldicarb, Bendiocarb",No Link,4b9ad0c8-a92d-44aa-b997-fef67dbc2eb5
5119,106036,Armagh,Northern Ireland,Poisoning,December,2024,J03,"Species involved: Red Kite x1. Tested positive for: Alphachloralose, Bendiocarb",https://wildlifecrimeni-hawkeyes.com/2025/06/25/red-kite-confirmed-poisoned-outside-newry/,e51cbeac-16a3-4bb7-a883-ee3315ea1038
5120,93940,Denbighshire,Wales,Poisoning,August,2010,SJ04,Species targeted: Birds of Prey. Species involved: poison bait (Pheasant Bait). Tested positive for: Aldicarb,No Link,491da244-66d0-4231-b80e-4f0ed5f89d04
5121,104804,Armagh,Northern Ireland,Poisoning,February,2023,J04,Species involved: Buzzard x1. Tested positive for: Alphachloralose,No Link,eedd6208-216b-4386-8c6b-ec7373a3b11a
5122,98483,Denbighshire,Wales,Poisoning,September,2015,SJ04,"Species targeted: Birds of Prey, Corvidae. Species involved: poison bait (Rabbit Bait x1). Tested positive for: Carbofuran, Carbofuran, Isofenphos, Isofenphos, Methomyl, Methomyl, Other, Other",No Link,74371d57-9519-47fb-a439-8ee2d7352a77
5123,98510,Armagh,Northern Ireland,Poisoning,June,2015,J05,Species targeted: Buzzard. Species involved: Magpie x1. Tested positive for: Alphachloralose,No Link,24b1d84b-25a8-4705-9bfd-b55a232544ef
5124,99078,Denbighshire,Wales,Poisoning,September,2016,SJ04,Species involved: Buzzard x1. Tested positive for: Aldicarb,No Link,99e22e41-9cb0-47ff-880b-6537eeacb9ae
5125,99968,Antrim,Northern Ireland,Shooting,August,2017,J09,Species involved: Peregrine Falcon x1,No Link,d2157f29-28b0-4650-b2b2-c850f051dbf0
5126,101295,Denbighshire,Wales,Poisoning,September,2019,SJ04,Species targeted: Birds of Prey. Species involved: poison bait (Rabbit Bait x1). Tested positive for: Oxamyl,No Link,bc99a929-64e7-4940-bd5a-45e090dffed3
5127,105521,Down,Northern Ireland,Shooting,April,2024,J13,Species involved: Red Kite x1,https://www.bbc.co.uk/news/articles/clwwgvz48gdo,7e66b859-df54-4522-a71a-9e2925b16bfc
5128,91025,Denbighshire,Wales,Poisoning,July,2008,SJ07,Species Involved: Buzzard x1; poison bait (Pheasant Bait). Tested positive for: Bendiocarb,No Link,a3faaf3f-af82-4fed-9045-09acde0aa188
5129,100047,Down,Northern Ireland,Poisoning,April,2018,J14,Species involved: Red Kite x2. Tested positive for: Carbofuran,https://www.rspb.org.uk/about-the-rspb/about-us/media-centre/press-releases/pair-of-nesting-red-kites-poisoned-in-co-down/,f247340d-3e12-471e-a2ab-ab8515535098
5130,96457,Powys,Wales,Shooting,May,2013,SJ10,Species involved: Buzzard x1,No Link,9ca0d5ad-37eb-484f-99c5-07518a371830
5131,97561,Down,Northern Ireland,Shooting,May,2015,J15,Species involved: Peregrine Falcon x1,http://www.thejournal.ie/peregrine-falcon-dead-illegally-birds-2240567-Jul2015/,b29b87e8-d5be-4048-9a20-ba8c92a9872c
5132,98948,Powys,Wales,Shooting,August,2016,SJ10,Species involved: Peregrine Falcon x1,No Link,ce5e3a9b-62be-4121-b6ca-6669c30acd50
5133,100745,Down,Northern Ireland,Shooting,May,2015,J15,Species involved: Peregrine Falcon x1,No Link,0d979f4d-7ba5-461b-860f-60619dd3bfff
5134,98949,Powys,Wales,Shooting,August,2016,SJ10,Species involved: Peregrine Falcon x1,No Link,f35151e6-f2e1-4642-853e-3cc840d71ec6
5135,104303,Antrim,Northern Ireland,Poisoning,July,2022,J19,Species involved: Peregrine Falcon x1. Tested positive for: Carbofuran,No Link,ce2f442c-6982-4ba3-85ab-eceab3366f55
5136,99611,Powys,Wales,Shooting,February,2018,SJ12,Species involved: Buzzard x1,https://www.birdguides.com/news/buzzard-found-shot-in-powys/,67a594ac-1d1d-46ff-8a8d-7317a102cad7
5137,101297,Wrexham,Wales,Poisoning,April,2019,SJ13,"Species targeted: Birds of Prey. Species involved: Raven x1; poison bait (Lamb x1). Tested positive for: Diazinon/Dimpylate, Diazinon/Dimpylate",No Link,1430300b-c757-49eb-bcb1-94a881180e13
5138,96424,Down,Northern Ireland,Poisoning,April,2013,J23,Species Involved: Red Kite x1; poison bait (Rabbit Bait x1). Tested positive for: Aldicarb,No Link,4b218284-f25c-409d-8c67-926e9a597342
5139,102104,Wrexham,Wales,Poisoning,February,2021,SJ13,Species involved: Red Kite x1. Tested positive for: Bendiocarb,https://community.rspb.org.uk/ourwork/b/investigations/posts/gamekeeper-fined-for-pesticide-offences-after-shot-and-poisoned-birds-of-prey-found-on-pheasant-shooting-estate-in-llanarmon-dyffryn-ceiriog-,f8519f18-5fec-4b96-8db5-a960c6f8b0ea
5140,96435,Down,Northern Ireland,Poisoning,October,2013,J23,"Species involved: Buzzard x2, Rook x1. Tested positive for: Carbofuran",No Link,9cf9053e-ce06-4cdd-9457-c9eaef066131
5141,102731,Wrexham,Wales,Shooting,September,2021,SJ13,Species involved: Buzzard x1,https://community.rspb.org.uk/ourwork/b/investigations/posts/gamekeeper-fined-for-pesticide-offences-after-shot-and-poisoned-birds-of-prey-found-on-pheasant-shooting-estate-in-llanarmon-dyffryn-ceiriog-,5bb55c91-214e-4b15-9d69-01801a66a2fd
5142,96802,Down,Northern Ireland,Poisoning,April,2013,J23,Species involved: Buzzard x1. Tested positive for: Aldicarb,No Link,1d63f632-3a50-40bb-b776-e93604a232f5
5143,102733,Wrexham,Wales,Poisoning,October,2021,SJ13,Species targeted: Birds of Prey. Species involved: poison bait (Pheasant Bait x1). Tested positive for: Bendiocarb,https://community.rspb.org.uk/ourwork/b/investigations/posts/gamekeeper-fined-for-pesticide-offences-after-shot-and-poisoned-birds-of-prey-found-on-pheasant-shooting-estate-in-llanarmon-dyffryn-ceiriog-,b9054c6a-6049-484b-ac8a-5874a828532c
5144,99315,Down,Northern Ireland,Shooting,August,2017,J23,Species involved: Red Kite x1,No Link,e5a74b59-2528-436a-b4cd-c996db36115c
5145,89110,Denbighshire,Wales,Poisoning,August,2007,SJ14,Species Involved: Buzzard x2; poison bait (Pheasant Bait x2). Tested positive for: Carbofuran,No Link,97c2dcc8-fc18-4b2a-a6f7-b37153dc4bb6
5146,90307,Down,Northern Ireland,Shooting,August,2008,J24,Species involved: Red Kite x1,No Link,fd0a7eda-5f9a-43b0-b329-d8de3e15aa05
5147,101296,Denbighshire,Wales,Poisoning,September,2019,SJ15,"Species involved: Red Kite x1. Tested positive for: Carbofuran, Carbosulfan",No Link,6a071eda-6d8c-48a3-8788-d62bfd8ab804
5148,96953,Down,Northern Ireland,Poisoning,June,2014,J24,Species involved: Red Kite x3. Tested positive for: Alphachloralose,No Link,fcdf43f5-8a5b-43c4-8879-1a8e8c455d4c
5149,101733,Powys,Wales,Poisoning,September,2020,SJ20,"Species targeted: Birds of Prey. Species involved: Raven x1. Tested positive for: Carbofuran, Isofenphos, Other",No Link,64ce8ccb-0e2d-4ed0-8237-d4ad9d71fa9d
5150,104503,Down,Northern Ireland,Poisoning,November,2022,J24,Species involved: Red Kite x1. Tested positive for: Alphachloralose,No link,dedcb9f8-6b81-4280-a133-41d8d7572251
5151,103211,Shropshire,England,Trapping,October,2021,SJ20,Species involved: Buzzard x1,No Link,983293d3-dba7-4f89-83f6-1066ba0609de
5152,102217,Down,Northern Ireland,Shooting,September,2020,J25,Species involved: Peregrine Falcon x1,No Link,8152682b-8d18-4698-9378-9d425f0249ed
5153,103213,Shropshire,England,Trapping,October,2021,SJ20,Species involved: Buzzard x2,No Link,00cd7496-cb4d-4513-bb79-cfa8e134d417
5154,106034,Down,Northern Ireland,Poisoning,December,2024,J25,Species involved: Red Kite x1. Tested positive for: Alphachloralose,Blank,b346bfb2-7a28-447f-be2a-d972c3a36f4f
5155,98936,Antrim,Northern Ireland,Shooting,September,2016,J28,Species involved: Peregrine Falcon x1,http://www.newtownabbeytoday.co.uk/news/environment/police-investigate-after-protected-bird-shot-in-ballyclare-1-7602675,161a83de-3bc5-44ef-99a8-f78aaa39b835
5156,93524,Shropshire,England,Poisoning,March,2010,SJ22,Species targeted: Birds of Prey. Species involved: Raven x2. Tested positive for: Diazinon/Dimpylate,No Link,d20b4aa5-7d2e-4cf7-9754-81ea4db4cef3
5157,95594,Antrim,Northern Ireland,Shooting,July,2012,J29,Species involved: Peregrine Falcon x1,No Link,713257f9-b01e-43b7-8b1c-25dd0f0c5240
5158,104085,Wrexham,Wales,Poisoning,October,2022,SJ23,Species involved: Buzzard x1. Tested positive for: Bendiocarb,No Link,17866751-f155-46b1-b0f3-5e9ece06e7e7
5159,98208,Antrim,Northern Ireland,Poisoning,April,2016,J29,Species involved: Peregrine Falcon x1. Tested positive for: Aldicarb,http://www.bbc.co.uk/news/uk-northern-ireland-36213189,6b46949b-fe5a-4e38-af2a-a663281e0d91
5160,96542,Wrexham,Wales,Shooting,August,2013,SJ24,Species involved: Sparrowhawk x1,https://www.bbc.co.uk/news/uk-wales-north-east-wales-23905896,ceb4fe87-10d6-4f20-8d97-14d0a738eee3
5161,99885,Antrim,Northern Ireland,Poisoning,July,2017,J29,Species involved: Peregrine Falcon x1. Tested positive for: Carbofuran,No Link,f39f5049-4e36-4931-beb3-be443f0eeb72
5162,100227,Wrexham,Wales,Poisoning,August,2018,SJ24,Species targeted: Birds of Prey. Species involved: Raven x1. Tested positive for: Bendiocarb,https://www.rspb.org.uk/about-the-rspb/about-us/media-centre/press-releases/raven-found-poisoned-on-ruabon-moor/,a5436360-7bd7-42ae-83e5-ca4754651200
5163,96423,Down,Northern Ireland,Poisoning,June,2013,J33,Species involved: Red Kite x1. Tested positive for: Alphachloralose,No Link,dcc1e8e6-9e4d-4a9f-8f5c-f2b395f6f48d
5164,103528,Wrexham,Wales,Trapping,August,2021,SJ24,Species targeted: Birds of Prey,No Link,e1d012e4-e87b-4b11-8f2b-d3e850cb02d7
5165,96691,Down,Northern Ireland,Poisoning,August,2013,J33,Species involved: Red Kite x1. Tested positive for: Alphachloralose,No Link,02f9b6df-a488-4318-9c1f-9e5ca1b7425a
5166,103241,Denbighshire,Wales,Trapping,March,2022,SJ24,Species targeted: Goshawk,No Link,ede7d090-4250-4874-b0d5-0a531df41319
5167,97196,Down,Northern Ireland,Shooting,July,2014,J33,Species involved: Buzzard x1,No Link,922d672d-6c4d-4cdf-8082-a6ac5858b58c
5168,90101,Flintshire,Wales,Poisoning,June,2008,SJ25,Species targeted: Birds of Prey. Species involved: Fox x1; poison bait (Rabbit Bait). Tested positive for: Bendiocarb,No Link,6c481833-cdee-4765-91cb-5ad80475cc47
5169,94320,Down,Northern Ireland,Poisoning,April,2011,J34,Species involved: Red Kite x1. Tested positive for: Carbofuran,No Link,0ceca581-7701-4e30-9583-c1eb20f2f0d7
5170,97507,Denbighshire,Wales,Shooting,September,2014,SJ25,Species involved: Buzzard x1,No Link,f0eb5652-592a-4ea3-9bdb-218bd6011fb3
5171,96600,Down,Northern Ireland,Poisoning,November,2013,J34,Species involved: Red Kite x1. Tested positive for: Carbofuran,No Link,3ddfd3a1-5a79-4cfc-8f94-10fe67aa200c
5172,102985,Flintshire,Wales,Poisoning,September,2021,SJ26,"Species Involved: Buzzard x1; poison bait (Pheasant Bait x1). Tested positive for: Bendiocarb, Bendiocarb",No Link,d193056a-67e6-4915-9ac0-cda4019d437c
5173,96846,Antrim,Northern Ireland,Trapping,November,2014,J36,Species involved: Sparrowhawk x1,No Link,86488c9a-1939-4382-8800-7ddbb8c5f100
5174,103750,Flintshire,Wales,Persecution (Other),February,2022,SJ26,Species targeted: Birds of Prey. Possession of: Bendiocarb,No Link,ffdb8b43-f4bd-4a30-b6c2-1d6d4fb0f591
5175,102173,Belfast County Borough,Northern Ireland,Poisoning,March,2021,J37,"Species involved: Peregrine Falcon x1. Tested positive for: Aldicarb, Carbofuran",https://www.nwcu.police.uk/news/wildlife-crime-press-coverage/police-confirm-peregrine-falcon-poisoned-in-belfast/,6716ee38-4af0-4698-89c0-ca3b3895a80e
5176,96183,Flintshire,Wales,Shooting,February,2013,SJ27,Species involved: Buzzard x1,No Link,bc733efc-0ccd-4b25-8e54-e32a3b7661d5
5177,93934,Antrim,Northern Ireland,Poisoning,April,2010,J39,Species involved: Buzzard x2. Tested positive for: Carbofuran,No Link,49db8f12-bb2c-4826-b33f-08b35b4ee5f5
5178,100748,Flintshire,Wales,Shooting,February,2013,SJ27,Species involved: Buzzard x1,No Link,06d8b10f-7298-49ac-a59d-95b9252b2c7f
5179,96800,Down,Northern Ireland,Poisoning,February,2013,J43,Species targeted: Birds of Prey. Species involved: Fox x1; poison bait (Hen/Chicken Bait). Tested positive for: Carbofuran,No Link,2b3e59cf-1206-4aba-a43e-12e251356bdd
5180,97038,Cheshire,England,Shooting,October,2014,SJ37,Species involved: Barn Owl x1,No Link,e6859466-fba8-4d7f-9e97-00a922e135cf
5181,97197,Down,Northern Ireland,Shooting,September,2014,J43,Species involved: Peregrine Falcon x1,No Link,06f8f3d6-6d84-4d00-902c-55ee91b65bc3
5182,94871,Merseyside,England,Persecution (Other),December,2011,SJ38,Species targeted: Peregrine Falcon,No Link,f0722b01-fde5-4e4e-9478-e0f4cd94f7ee
5183,92559,Down,Northern Ireland,Poisoning,April,2009,J44,Species targeted: Birds of Prey. Species involved: Raven x1. Tested positive for: Alphachloralose,No Link,408ccc93-5450-4081-9d8c-7814c832f3e6
5184,101466,Merseyside,England,Shooting,April,2020,SJ38,Species involved: Buzzard x1,https://raptorpersecutionscotland.wordpress.com/2020/09/07/police-investigate-shot-buzzard-remains-found-on-wirral-pheasant-shooting-estate/,23bb9eb9-4ae7-4c91-879c-33bc2ff4b8d0
5185,96887,Down,Northern Ireland,Shooting,December,2013,J44,Species involved: Merlin x1,No Link,fa2a4bbd-2910-4a03-9fed-423cce3a6d78
5186,102698,Merseyside,England,Shooting,April,2020,SJ38,Species targeted: Birds of Prey. Species involved: Falcons x1,http://avianveterinaryservices.co.uk/projectile-injuries-in-falcons/,1612500e-f680-40af-a98f-add477841987
5187,98071,Down,Northern Ireland,Shooting,February,2014,J45,Species involved: Red Kite x1,No Link,e687aedf-e484-4356-b19d-bdb17e472fea
5188,89514,Shropshire,England,Poisoning,November,2007,SJ40,"Species involved: Buzzard x1, Raven x2. Tested positive for: Carbofuran",No Link,645e3583-e9ac-4f84-947e-9c19de2e80b6
5189,101283,Down,Northern Ireland,Poisoning,April,2019,J45,Species involved: Buzzard x1. Tested positive for: Carbofuran,No Link,fc8e9908-71b5-4e6c-bb60-59ffca2bd397
5190,95575,Shropshire,England,Shooting,February,2013,SJ42,Species involved: Red Kite x1,No Link,62c1b7be-540b-4d7f-a3ba-a214c04857ad
5191,104302,Down,Northern Ireland,Poisoning,July,2022,J46,"Species involved: Peregrine Falcon x1, Laridae (Gulls &amp; Terns) x1. Tested positive for: Carbofuran",No Link,57ce2ac7-b3ca-4536-a269-135bc12159ab
5192,100393,Cheshire,England,Shooting,April,2019,SJ45,Species involved: Peregrine Falcon x1,https://www.rspb.org.uk/about-the-rspb/about-us/media-centre/press-releases/young-peregrine-falcon-illegally-shot/,71a2b317-2f21-4358-9e26-c9eb68107650
5193,99098,Antrim,Northern Ireland,Poisoning,May,2016,J49,Species involved: Buzzard x1. Tested positive for: Alphachloralose,No Link,38fd848e-2230-4b67-93fd-566a02ee3404
5194,95959,Merseyside,England,Shooting,February,2012,SJ49,Species involved: Buzzard x1,No Link,9baa28c7-33d1-40ea-93de-4b00cb0a07da
5195,98511,Down,Northern Ireland,Poisoning,September,2015,J56,Species involved: Buzzard x1. Tested positive for: Alphachloralose,No Link,bef5337c-6cf0-40dc-88cb-bc5f9dea797f
5196,103997,Shropshire,England,Persecution (Other),October,2022,SJ50,Species targeted: Birds of Prey. Possession of: Bendiocarb,No Link,93a8b779-d33e-4901-87e5-6d0f044839b2
5197,100551,Down,Northern Ireland,Persecution (Other),February,2018,J58,"Species targeted: Birds of Prey, Corvidae. Possession of: Carbofuran",No Link,01ae3da6-8cdc-47bd-b1e4-15f0b544148f
5198,104403,Shropshire,England,Poisoning,September,2022,SJ50,Species targeted: Birds of Prey. Species involved: poison bait (Pheasant Bait x2). Tested positive for: Permethrin,https://raptorpersecutionuk.org/2023/08/03/no-prosecution-after-police-investigate-gamekeeper-for-allegations-relating-to-poisoned-baits-at-a-pheasant-release-pen-in-shropshire/,1ea8c110-e29e-483d-adae-903f7335c2fb
5199,97188,Down,Northern Ireland,Poisoning,March,2014,J64,Species targeted: Birds of Prey. Species involved: Raven x1. Tested positive for: Carbofuran,No Link,2757b33c-51a9-4f79-9993-34d5561b3f28
5200,95954,Merseyside,England,Shooting,October,2012,SJ59,Species involved: Buzzard x1,No Link,a4a48e15-ab41-4f53-be67-ca63543292d1
5201,93405,Down,Northern Ireland,Shooting,October,2010,J65,Species involved: Peregrine Falcon x1,No Link,100a1f35-835b-4e9f-9488-9a4a53b800a0
5202,98579,Shropshire,England,Shooting,September,2014,SJ61,Species involved: Buzzard x1,No Link,e41a7cd3-4fcc-44a4-9729-53a031b51cef
5203,103728,Western Isles,Scotland,Poisoning,August,2021,NB11,"Species Involved: White-tailed Eagle x1, Golden Eagle x2; poison bait (Sheep x1). Tested positive for: Withheld",No Link,a1ae3cfe-3e31-4b5f-a612-64d21dd7f738
5204,101239,Shropshire,England,Shooting,March,2020,SJ61,Species involved: Peregrine Falcon x1,https://www.shropshirestar.com/news/crime/2020/03/13/police-investigating-after-falcon-shot/,a1777f94-5b34-4cb5-80f0-058d691c80d1
5205,99879,Western Isles,Scotland,Poisoning,September,2016,NB24,"Species Involved: Buzzard x1, Raven x1, Hooded Crow x4; poison bait (Unknown x4). Tested positive for: Withheld",No Link,cc98fec8-4572-4d4e-8dc8-f615425aa01e
5206,96412,Greater Manchester,England,Shooting,August,2013,SJ69,Species involved: Peregrine Falcon x1,https://www.manchestereveningnews.co.uk/news/greater-manchester-news/police-appeal-after-protected-peregrine-5710893,fb5f6bce-4038-44a0-8dfd-9356b79df6d1
5207,103729,Western Isles,Scotland,Poisoning,August,2021,NB24,Species involved: Golden Eagle x2. Tested positive for: Withheld,No Link,6e826abe-62bc-46df-b772-c0a051e408ac
5208,97674,Staffordshire,England,Shooting,May,2015,SJ74,Species involved: Peregrine Falcon x1,No Link,a8b1abc1-8033-4e42-801b-3709d674d0a1
5209,106185,Highland,Scotland,Nest Destruction,March,2022,NB31,Species targeted: Golden Eagle nest,#N/A,17daa77b-cd57-44f7-aa54-99fe6128038d
5210,101841,Staffordshire,England,Trapping,February,2021,SJ74,Species targeted: Birds of Prey,No Link,e5a95fb8-53f5-44c3-8316-a140c8a23dfb
5211,106184,Highland,Scotland,Nest Destruction,March,2022,NB32,Species targeted: Golden Eagle nest,#N/A,8fe57259-d646-41ae-a0c0-65c4466df357
5212,101345,Cheshire,England,Trapping,April,2019,SJ77,Species targeted: Birds of Prey. Species involved: Mallard x1,No Link,050a684e-185f-4ae7-a582-63719a85985b
5213,106183,Highland,Scotland,Nest Destruction,March,2022,NB33,Species targeted: Golden Eagle nest,#N/A,befa0d34-97f5-4963-81c9-83e79879ba21
5214,89981,Staffordshire,England,Trapping,May,2008,SJ90,Species involved: Peregrine Falcon x1,No Link,fd66b1bd-7345-4750-ad05-39d113c2c224
5215,106186,Highland,Scotland,Nest Destruction,March,2022,NB42,Species targeted: White-tailed Eagle nest,#N/A,6bb16574-c600-4d6c-bae4-30defd47b1ae
5216,91217,West Midlands,England,Poisoning,February,2009,SJ90,Species targeted: Peregrine Falcon. Species involved: poison bait (Pigeon Bait (Species Unknown) x1). Tested positive for: Aldicarb,No Link,4175e6da-ff30-4d7f-a8a3-b4d37b87d7e0
5217,96215,Western Isles,Scotland,Nest Destruction,April,2013,NB55,Species targeted: White-tailed Eagle nest,No Link,e7551465-b815-4b71-b623-e9bbf82e185e
5218,91459,Staffordshire,England,Nest Destruction,May,2009,SJ90,Species targeted: Peregrine Falcon nest,No Link,93a2e40f-abf5-4ad0-9277-4f27b35efc2c
5219,93591,Highland,Scotland,Poisoning,September,2010,NC70,Species targeted: Birds of Prey. Species involved: poison bait (Rabbit Bait x1). Tested positive for: Aldicarb,No Link,34e9ecc1-ea65-4dc8-9e83-a1c362d7942f
5220,93023,Staffordshire,England,Nest Destruction,May,2010,SJ90,Species involved: Peregrine Falcon x3 nest,No Link,57f2fd16-1d64-4849-a8de-090114351476
5221,93300,Highland,Scotland,Shooting,September,2010,ND13,Species involved: Osprey x1,No Link,8741dfd0-a60a-418f-91ed-e7a94781bcb6
5222,94929,Staffordshire,England,Nest Destruction,May,2012,SJ90,Species targeted: Peregrine Falcon nest,https://www.bbc.co.uk/news/uk-england-stoke-staffordshire-18423185,75ece451-72af-4195-b9f8-cc95ab227b15
5223,93265,Highland,Scotland,Poisoning,January,2009,NG25,"Species targeted: Birds of Prey, Raven. Species involved: poison bait (Sheep x1). Tested positive for: Coumarin/Coumatetralyl",No Link,91b5705c-cd07-4ef7-911d-00f994c5d1b2
5224,98588,Staffordshire,England,Trapping,April,2015,SJ91,Species targeted: Peregrine Falcon,No Link,49397d61-539b-40d9-9119-ac2312dd9a67
5225,93706,Highland,Scotland,Nest Destruction,Withheld,2009,NG25,Species involved: White-tailed Eagle x1 nest,No Link,b23a7097-7c89-489d-9236-e13669636814
5226,99079,Staffordshire,England,Poisoning,September,2016,SJ91,"Species involved: Buzzard x1. Tested positive for: Bendiocarb, Metaldehyde",No Link,8952209b-3534-4652-b6da-b728db86d4f8
5227,105803,Highland,Scotland,Poisoning,June,2024,NG62,Species involved: White-tailed Eagle x1. Tested positive for: Pentobarbital,Blank,33e9e036-64a7-4851-8f68-bcbd533cdca9
5228,100678,Staffordshire,England,Poisoning,June,2018,SJ91,Species involved: Peregrine Falcon x1. Tested positive for: Carbofuran,No Link,07e4f3e6-12a5-46e4-8c69-cec974fbdf0e
5229,96028,Highland,Scotland,Trapping,September,2012,NG82,Species involved: Peregrine Falcon x1,No Link,81cf7569-0fbe-4d65-8609-27df9f87b4c8
5230,101258,Staffordshire,England,Shooting,October,2019,SJ94,Species involved: Barn Owl x1,No Link,db33d91b-04f8-43e5-86bd-144ce1550bb2
5231,93683,Highland,Scotland,Trapping,September,2010,NG92,Species targeted: Birds of Prey,No Link,199469e3-be96-47c5-881c-1708ae68d06e
5232,93169,Staffordshire,England,Shooting,July,2010,SJ96,Species involved: Barn Owl x1,No Link,f8abbeb1-2396-4df6-9b3a-2fe0e0ed8ef0
5233,93684,Highland,Scotland,Trapping,September,2010,NG92,Species targeted: Birds of Prey. Species involved: Bird x1,No Link,228687a4-a225-4ce8-b257-aac68f104167
5234,96016,Cheshire,England,Poisoning,May,2013,SJ96,Species Involved: Sparrowhawk x1; poison bait (Pigeon Bait (Species Unknown) x1). Tested positive for: Carbofuran,No Link,a4f8906c-6b26-4408-a3f4-31538d23e82b
5235,93685,Highland,Scotland,Trapping,September,2010,NG92,Species targeted: Birds of Prey,No Link,3635cc69-e934-4e93-9904-b14309fb02b4
5236,101823,Cheshire,England,Trapping,February,2021,SJ96,"Species involved: Sparrowhawk x1, Blackbird x1",https://community.rspb.org.uk/ourwork/b/investigations/posts/man-fined-after-sparrowhawk-starves-to-death-in-trap,e77382dd-95e9-4065-a845-e736d9cfb9bf
5237,88378,Highland,Scotland,Poisoning,March,2007,NH51,Species targeted: Birds of Prey. Species involved: poison bait (Hare Bait x2). Tested positive for: Mevinphos/Phosdrin,No Link,488e1638-af5e-4f5f-a8cb-1af99746d0e1
5238,91343,Staffordshire,England,Trapping,March,2009,SK00,Species involved: Peregrine Falcon x1,No Link,53c3a816-7052-4d0c-af2b-436aeb0ded19
5239,96357,Highland,Scotland,Trapping,November,2013,NH53,Species targeted: Birds of Prey,No Link,10084c8f-2d81-4c59-b959-8f1048354c6c
5240,91393,Staffordshire,England,Trapping,April,2009,SK00,Species targeted: Peregrine Falcon,No Link,17ffb899-25d9-47b4-8ee0-597d12611aef
5241,97012,Highland,Scotland,Shooting,June,2014,NH54,Species involved: Red Kite x1,No Link,88bdab8b-d07a-482c-9305-3e51646d18ab
5242,95781,Staffordshire,England,Shooting,April,2013,SK03,Species involved: Buzzard x1,No Link,feb29425-0b4c-4ac0-ac29-d7d9c0ba3493
5243,101771,Highland,Scotland,Shooting,March,2007,NH55,Species involved: Buzzard x1,No Link,23586394-27ee-4c1f-a85a-2347b44bb216
5244,101399,Staffordshire,England,Poisoning,June,2020,SK04,Species Involved: Peregrine Falcon x1; poison bait (Pigeon Bait (Species Unknown) x1). Tested positive for: Bendiocarb,https://community.rspb.org.uk/ourwork/b/investigations/posts/peak-district-national-park-peregrines-poisoned-staffordshire,ef87a1a2-b4e2-4b60-ab85-4776030d93fd
5245,93699,Highland,Scotland,Persecution (Other),April,2010,NH55,Species involved: Sparrowhawk x1,No Link,1d753ac7-7c46-4167-a01f-95b39e6fb594
5246,101400,Staffordshire,England,Poisoning,May,2020,SK06,"Species Involved: Buzzard x1, Peregrine Falcon x1; poison bait (Pigeon Bait (Species Unknown) x1). Tested positive for: Bendiocarb",https://community.rspb.org.uk/ourwork/b/investigations/posts/peak-district-national-park-peregrines-poisoned-staffordshire,9f8fb6b2-9bc8-46ce-8243-7512d93c2e3a
5247,97389,Highland,Scotland,Poisoning,March,2014,NH55,"Species involved: Red Kite x12, Buzzard x4. Tested positive for: Aldicarb, Carbofuran, Carbosulfan",No Link,994e7856-bc87-445d-a7f5-eb32a89a39b9
5248,98762,Derbyshire,England,Shooting,September,2016,SK07,Species involved: Peregrine Falcon x1,http://www.bbc.co.uk/news/uk-england-derbyshire-37366859,64e8ab3c-63c8-44cd-aa8d-5a78689882c4
5249,96761,Highland,Scotland,Poisoning,April,2013,NH56,Species targeted: Birds of Prey. Species involved: Raven x1. Tested positive for: Strychnine,No Link,8a1bea23-20b8-4faa-8d1a-d0e283d8c3b9
5250,93626,Derbyshire,England,Shooting,December,2010,SK08,Species involved: Buzzard x1,No Link,c957c107-e471-47af-b66b-07fa79b4ba19
5251,92122,Highland,Scotland,Poisoning,March,2009,NH58,Species involved: Buzzard x1. Tested positive for: Alphachloralose,No Link,ccafc80d-8c7f-4f3e-9c6f-83029b4338b4
5252,100916,Derbyshire,England,Shooting,January,2020,SK08,Species involved: Buzzard x1,https://raptorpersecutionscotland.wordpress.com/2020/01/30/shot-buzzard-found-in-peak-district-national-park/,9f2950e8-a295-49bf-978d-e8817e46fb31
5253,88412,Highland,Scotland,Poisoning,May,2007,NH62,Species involved: Red Kite x1. Tested positive for: Carbofuran,No Link,9d73bd5c-1632-449f-8888-2a03a4a01411
5254,101588,Derbyshire,England,Shooting,September,2020,SK08,Species involved: Buzzard x1,https://community.rspb.org.uk/ourwork/b/investigations/posts/dead-buzzard-had-been-illegally-shot-in-peak-district-sheffield-manchester-2020,99e9b655-b7a6-453f-98f1-75bcca648f3f
5255,90018,Highland,Scotland,Poisoning,May,2008,NH63,Species involved: Red Kite x1. Tested positive for: Carbofuran,No Link,ce054a6a-345d-456f-96c8-9ffbaed75e04
5256,96473,Derbyshire,England,Shooting,March,2014,SK09,Species involved: Buzzard x1,No Link,fdf5fd58-8852-46e9-a97f-c8391dd46ef5
5257,102252,Highland,Scotland,Shooting,July,2021,NH63,Species involved: Goshawk x1,https://raptorpersecutionuk.org/2021/07/23/goshawk-found-shot-dead-in-notorious-persecution-hotspot-in-scotland/,bc274063-10c0-4514-acf3-9ce5c7453751
5258,97653,Derbyshire,England,Shooting,September,2015,SK09,Species involved: Buzzard x1,https://raptorpersecutionscotland.wordpress.com/2016/02/03/more-raptors-illegally-killed-in-peak-district-national-park-police-appeal-5-months-later/,de6b979f-78d8-46ab-ba3d-e901e2b29558
5259,93072,Highland,Scotland,Poisoning,May,2010,NH69,Species involved: Golden Eagle x1. Tested positive for: Aldicarb,No Link,f7029307-0739-4d2c-ad62-55eaed621f61
5260,97654,Derbyshire,England,Trapping,September,2015,SK09,Species involved: Osprey x1,https://raptorpersecutionscotland.wordpress.com/2016/02/03/more-raptors-illegally-killed-in-peak-district-national-park-police-appeal-5-months-later/,bcd69220-09e0-4350-b5ea-3955a3dd6635
5261,93278,Highland,Scotland,Poisoning,May,2010,NH69,Species involved: Golden Eagle x1. Tested positive for: Carbofuran,No Link,1e1d4176-9beb-432e-bd5f-4dbca9cd6a10
5262,100642,Derbyshire,England,Poisoning,April,2019,SK09,Species Involved: Buzzard x1; poison bait (Red-Legged Partridge x1). Tested positive for: Alphachloralose,https://community.rspb.org.uk/ourwork/b/investigations/posts/buzzard-poisoned-in-peak-district-national-park,35184b6c-16a8-4c84-86ec-1cc48a2e8f15
5263,101175,Derbyshire,England,Shooting,May,2020,SK09,Species involved: Short-eared Owl x1,https://www.rspb.org.uk/about-the-rspb/about-us/media-centre/press-releases/new-catalogue-of-bird-of-prey-crimes-in-peak-district-national-park/,1bc2d37d-a83e-48c0-b98d-de2ef61d72bc
5264,93279,Highland,Scotland,Poisoning,May,2010,NH69,Species Involved: Sparrowhawk x1; poison bait (Grouse Bait x1). Tested positive for: Carbofuran,No Link,7cbd24b5-44c4-44ea-8346-b5bcbb5fae87
5265,104166,Derbyshire,England,Shooting,February,2023,SK09,Species involved: Buzzard x1,No Link,418a6821-907d-46b8-992a-212fec2ba432
5266,93281,Highland,Scotland,Poisoning,May,2010,NH69,Species involved: Golden Eagle x1. Tested positive for: Carbofuran,No Link,7100de7d-d632-4fc8-97d7-4279fa15e50e
5267,105175,Derbyshire,England,Shooting,May,2023,SK09,Species involved: Hen Harrier x1,No Link,1549a005-ad53-4293-a531-1a71e9f39e7f
5268,93827,Highland,Scotland,Poisoning,February,2011,NH69,Species involved: Red Kite x1. Tested positive for: Alphachloralose,No Link,d61e4015-1091-4d41-9fab-0373771bf84a
5269,88632,Staffordshire,England,Trapping,August,2007,SK10,Species involved: Peregrine Falcon x1,No Link,c26e9b10-7509-4070-8af8-7a858aa0d43c
5270,105638,Highland,Scotland,Poisoning,April,2024,NH69,Species involved: Red Kite x1. Tested positive for: Carbofuran,https://www.rspb.org.uk/media-centre/red-kite-found-poisoned-in-highlands,0507296b-b122-41fb-a2f3-2436c614bb36
5271,90208,Staffordshire,England,Poisoning,June,2008,SK10,Species involved: Peregrine Falcon x1. Tested positive for: Aldicarb,No Link,bdba35db-35cb-4d48-9b81-c3f3bbd8b064
5272,88666,Highland,Scotland,Shooting,September,2007,NH70,Species involved: Buzzard x1,No Link,300a3118-26b9-4b14-84d7-a0e52227e600
5273,94612,Staffordshire,England,Poisoning,October,2011,SK10,"Species involved: Buzzard x2, Hedgehog x1. Tested positive for: Aldicarb",No Link,952e6354-40fc-4cfa-9f38-0d101e1804f8
5274,105320,Highland,Scotland,Shooting,July,2024,NH70,Species targeted: Goshawk,https://www.strathspey-herald.co.uk/news/appeal-after-goshawk-nest-found-abandoned-on-badenoch-estate-354331/,43f61e5f-b6a3-43d6-836d-93cbc57d2460
5275,98051,Staffordshire,England,Persecution (Other),February,2016,SK10,Species targeted: Birds of Prey,https://lichfieldlive.co.uk/2016/02/05/rspca-appeal-after-pigeon-is-found-with-hooks-through-its-feet-in-lichfield/,e798698d-558a-4c25-8411-e72c7137e4b3
5276,96242,Highland,Scotland,Shooting,December,2013,NH71,Species involved: Buzzard x1,No Link,f3153168-10fb-42f7-9271-341d1cc44612
5277,100895,Staffordshire,England,Persecution (Other),December,2019,SK10,Species involved: Peregrine Falcon x1,No Link,797f86fd-04a9-4d57-86d7-d8f141fff5ea
5278,90090,Highland,Scotland,Poisoning,August,2008,NH72,Species involved: Red Kite x1. Tested positive for: Carbofuran,No Link,85249c3a-19cb-49dd-a844-435e1692400c
5279,103594,Staffordshire,England,Shooting,July,2021,SK12,Species involved: Goshawk x1,https://www.birdguides.com/news/goshawk-shot-in-staffordshire/,7f11918a-6c1b-444a-9890-6271a93358d5
5280,91080,Highland,Scotland,Poisoning,February,2009,NH72,Species targeted: Birds of Prey. Species involved: Raven x1. Tested positive for: Carbofuran,No Link,77103e12-110e-43b7-9982-37c08be21124
5281,101401,Staffordshire,England,Poisoning,May,2020,SK15,Species involved: Peregrine Falcon x1. Tested positive for: Bendiocarb,https://community.rspb.org.uk/ourwork/b/investigations/posts/peak-district-national-park-peregrines-poisoned-staffordshire,ae4655ea-2c6c-40fb-8a37-f5cefdb9b3ee
5282,92136,Highland,Scotland,Poisoning,April,2009,NH72,Species involved: Red Kite x1. Tested positive for: Carbofuran,No Link,8fffa522-0570-4960-bccc-e83a32b5759c
5283,91341,Derbyshire,England,Poisoning,January,2008,SK17,Species targeted: Birds of Prey. Species involved: Dog x2. Tested positive for: Strychnine,No Link,33067cda-7261-43ea-bad3-657eb1055ed0
5284,93932,Derbyshire,England,Persecution (Other),May,2010,SK18,Species targeted: Birds of Prey,No Link,33b0b07a-88d8-4068-9345-77eef36baf96
5285,95393,Derbyshire,England,Nest Destruction,May,2012,SK18,Species involved: Goshawk x4 nest,No Link,53e54dae-f82d-40ee-bfbc-e8d1952d9205
5286,100303,Derbyshire,England,Shooting,November,2018,SK18,Species involved: Goshawk x1,https://pdrmg.wordpress.com/2019/05/09/goshawk-ladybower/,2fab8912-cfba-48e0-8da9-84e38aeee521
5287,93293,Highland,Scotland,Poisoning,May,2010,NH72,Species involved: Red Kite x1. Tested positive for: Aldicarb,No Link,7e2d421f-8ed6-4e7b-896f-d7a95b407d2b
5288,88540,Derbyshire,England,Trapping,February,2007,SK19,Species targeted: Goshawk,No Link,a2115517-13f5-439d-b2fd-5c2f4104f482
5289,93297,Highland,Scotland,Poisoning,June,2010,NH72,Species involved: Golden Eagle x1. Tested positive for: Carbofuran,No Link,4ce009ce-1923-4c7f-bb32-de30686fbfa1
5290,93542,Derbyshire,England,Trapping,May,2010,SK19,Species targeted: Goshawk,No Link,68c56097-f000-4571-8f81-70cf43521289
5291,93930,Highland,Scotland,Shooting,June,2011,NH72,Species involved: Kestrel x1,No Link,34619662-ffdd-46ec-8e37-c7f49161dcdb
5292,93543,Derbyshire,England,Trapping,April,2010,SK19,Species involved: Sparrowhawk x1,No Link,6df27836-b0a9-462b-a436-8dae998e93e0
5293,94062,Highland,Scotland,Poisoning,May,2011,NH72,"Species involved: Red Kite x1. Tested positive for: Bendiocarb, Carbofuran",No Link,9cc43d9f-6a56-44aa-afe7-a15c3556c1ee
5294,93544,Derbyshire,England,Trapping,May,2010,SK19,"Species targeted: Birds of Prey, Goshawk",No Link,48c439e4-0b10-4543-8119-fc545393a741
5295,100484,Highland,Scotland,Trapping,June,2017,NH72,Species involved: Buzzard x1,https://raptorpersecutionscotland.wordpress.com/2017/07/04/buzzard-caught-in-illegally-set-trap-on-monadhliaths-grouse-moor/,e21bf182-6a4d-4519-86c9-883f43828da8
5296,94056,Derbyshire,England,Trapping,November,2010,SK19,Species targeted: Birds of Prey,No Link,7f9de980-0876-43b4-974a-505a0d19ec32
5297,93295,Highland,Scotland,Poisoning,June,2010,NH73,Species involved: White-tailed Eagle x1. Tested positive for: Carbofuran,No Link,27073663-c03e-4d7e-87c4-c12be4144b22
5298,94798,Derbyshire,England,Shooting,March,2012,SK19,Species involved: Sparrowhawk x1,No Link,3a225ef6-19dd-41f7-bd0a-b0e2a7041d2c
5299,93554,Highland,Scotland,Persecution (Other),April,2010,NH73,Species involved: Red Kite x1,No Link,d037f3a5-fcb1-46aa-b6cc-1981c40a52cf
5300,98443,Derbyshire,England,Shooting,May,2015,SK19,Species involved: Goshawk x1,http://community.rspb.org.uk/ourwork/b/investigations/archive/2016/06/22/new-hope-for-goshawks.aspx,8f86e980-e1ed-4835-b418-e19ca13a8739
5301,93567,Highland,Scotland,Poisoning,May,2010,NH73,Species Involved: Red Kite x1; poison bait (Grouse Bait x1). Tested positive for: Carbofuran,No Link,e6dc9d13-f881-4c30-ab58-c067d348d499
5302,99113,Derbyshire,England,Persecution (Other),February,2016,SK19,Species targeted: Hen Harrier,http://www.bbc.co.uk/news/uk-england-derbyshire-36141199,c4f937ec-268d-4573-8bfd-abbacb945a3b
5303,93572,Highland,Scotland,Trapping,May,2010,NH73,Species involved: Hen Harrier x1,No Link,abf285fb-e7cd-4518-a005-930138fdb625
5304,99725,South Yorkshire,England,Poisoning,March,2018,SK19,Species targeted: Birds of Prey. Species involved: Raven x1. Tested positive for: Aldicarb,https://community.rspb.org.uk/ourwork/b/investigations/posts/poisoned-raven-found-in-peak-district-national-park,2df39e90-20a7-4575-baa6-5c1db2724296
5305,93579,Highland,Scotland,Trapping,June,2010,NH73,Species targeted: Birds of Prey,No Link,e7d6305d-ca91-4309-95b3-6972f56355f4
5306,101691,Derbyshire,England,Poisoning,May,2020,SK19,"Species involved: Peregrine Falcon x1. Tested positive for: Bendiocarb, Carbofuran",https://community.rspb.org.uk/ourwork/b/investigations/posts/peregrine-poisoned-in-peak-district-national-park,87b0c5c7-27de-44c9-8534-ffa6de0d9c65
5307,93634,Highland,Scotland,Trapping,June,2010,NH73,Species involved: Red Kite x1,No Link,27a75606-fafb-4502-a905-82212d1c633d
5308,103639,Derbyshire,England,Shooting,March,2022,SK22,"Species involved: Buzzard x1, Magpie x1",https://raptorpersecutionuk.org/2022/05/25/buzzard-shot-injured-in-south-derbyshire-police-appeal-for-information/,5e6666e4-454b-46cf-9bad-aa16551c5fe9
5309,93644,Highland,Scotland,Trapping,June,2010,NH73,Species targeted: Birds of Prey,No Link,a4548696-7840-40e7-8b67-cc44002b8c9c
5310,93518,Derbyshire,England,Poisoning,February,2010,SK24,Species Involved: Buzzard x2; poison bait (Pheasant Bait x1). Tested positive for: Carbofuran,No Link,903b3885-a9b8-4dc0-9942-031abdba567e
5311,99448,Highland,Scotland,Nest Destruction,April,2017,NH73,Species targeted: Goshawk nest,https://www.pressandjournal.co.uk/fp/news/highlands/1374310/masked-gunmen-caught-on-cctv-in-public-forest-underneath-goshawk-nest/,6b4adef2-ceba-4bd4-9f88-4c4da393b6e2
5312,95838,Derbyshire,England,Shooting,April,2012,SK24,Species involved: Buzzard x1,No Link,db48965b-9e3f-4aa1-bd27-5b719f57333c
5313,100405,Highland,Scotland,Trapping,October,2018,NH73,Species involved: Buzzard x1,https://raptorpersecutionscotland.wordpress.com/2018/10/25/buzzard-caught-in-illegally-set-trap-near-moy/,9cc41365-6b7f-45d4-bc77-514bce3e4e87
5314,93316,Derbyshire,England,Poisoning,April,2010,SK25,"Species Involved: Buzzard x4; poison bait (Pheasant Bait x1, Hare Bait x1). Tested positive for: Carbofuran",No Link,0bb8395c-1d36-4b07-98bc-cf63ec0210b4
5315,104858,Highland,Scotland,Poisoning,February,2023,NH77,Species involved: Red Kite x1. Tested positive for: Alphachloralose,No Link,57effc3a-b848-4a68-ad57-a92d60f55274
5316,102914,Derbyshire,England,Shooting,January,2018,SK25,Species involved: Buzzard x1,No Link,fb085809-9204-483f-b0e2-adc06d64cade
5317,93284,Highland,Scotland,Persecution (Other),May,2010,NH78,Species targeted: Birds of Prey. Possession of: Carbofuran,No Link,a6d0ccbb-672f-4e6f-8217-d65962fd7be0
5318,97324,Derbyshire,England,Trapping,April,2014,SK26,Species involved: Goshawk x1,No Link,d5f8deb8-fdb1-4969-9079-247c878ab4b5
5319,99268,Derbyshire,England,Nest Destruction,April,2017,SK26,Species targeted: Osprey nest,No Link,24bd0ee0-b0b0-4acc-a9ea-730df278c24a
5320,93395,Highland,Scotland,Poisoning,March,2010,NH79,Species involved: Buzzard x2. Tested positive for: Carbofuran,No Link,16c0058a-1b47-4fae-b41a-449505b0c72d
5321,103011,Derbyshire,England,Poisoning,January,2021,SK26,"Species targeted: Birds of Prey. Species involved: Dog x1, Non-bird x1; poison bait (Rabbit Bait x1). Tested positive for: Aldicarb",No Link,eb89a18a-eba3-4456-973f-d1e6729639c4
5322,98169,Highland,Scotland,Shooting,August,2015,NH82,Species involved: Red Kite x1,No Link,39724e6d-37be-469d-9b3b-798308ad5a27
5323,104711,Derbyshire,England,Shooting,November,2022,SK26,Species involved: Goshawk x1,No Link,81de3dd3-cc1f-4cec-9fb7-6947e4e87d0f
5324,90722,Highland,Scotland,Trapping,May,2008,NH83,Species targeted: Birds of Prey,No Link,af8bc6b5-8d13-4a6e-83aa-47d3a96114d8
5325,105186,Derbyshire,England,Shooting,November,2022,SK26,Species involved: Goshawk x1,No Link,30c72858-285a-49f7-9ab6-7d1663432b65
5326,102179,Highland,Scotland,Poisoning,October,2020,NH83,Species involved: Red Kite x1. Tested positive for: Carbofuran,https://www.scotland.police.uk/what-s-happening/news/2020/december/appeal-for-information-poisoned-bird-of-prey-ruthven-moy/,e5ef40d9-34bc-4367-896b-a71b855f1829
5327,97663,South Yorkshire,England,Shooting,May,2015,SK28,Species involved: Buzzard x1,No Link,88c168fe-a4e5-4eeb-8c87-e854c089f7d1
5328,102539,Highland,Scotland,Shooting,September,2021,NH83,Species involved: Sparrowhawk x1,No Link,2052ca69-8877-4872-b2fb-6bbaf1052cef
5329,92969,South Yorkshire,England,Poisoning,September,2009,SK29,Species targeted: Birds of Prey. Species involved: Dog x3. Tested positive for: Strychnine,No Link,3027ad26-f25d-4609-b4cd-f3f86fb7f512
5330,88371,Highland,Scotland,Poisoning,April,2007,NH84,Species involved: Red Kite x1. Tested positive for: Carbofuran,No Link,844d9699-45e1-417e-b08f-9410e84f0d54
5331,94020,South Yorkshire,England,Shooting,March,2011,SK29,Species involved: Buzzard x1,No Link,295f3456-963f-4d82-8cca-39d1b89e09e9
5332,93263,Highland,Scotland,Poisoning,May,2010,NH84,Species involved: Red Kite x1. Tested positive for: Aldicarb,No Link,27fc387c-b9df-4bf8-94d7-48f5b245fd04
5333,99929,South Yorkshire,England,Shooting,May,2018,SK29,Species involved: Goshawk x1,No Link,38d45fa3-2561-40d9-96d8-4840c8c7a16c
5334,93606,Highland,Scotland,Persecution (Other),May,2010,NH84,"Species targeted: Birds of Prey. Possession of: Carbofuran, Carbosulfan",No Link,81d0de70-5fe9-4904-8c06-00c42edb7a4c
5335,103150,South Yorkshire,England,Persecution (Other),February,2022,SK29,Species involved: Hen Harrier x1,No Link,1df53a61-22ee-45ac-ab9e-f7ac7a82718f
5336,93607,Highland,Scotland,Poisoning,May,2010,NH84,"Species targeted: Birds of Prey. Species involved: poison bait (Meat). Tested positive for: Carbofuran, Carbosulfan",No Link,068ce53c-123e-406f-93ed-db65d930088c
5337,104059,South Yorkshire,England,Shooting,June,2022,SK29,Species involved: Short-eared Owl x1,https://community.rspb.org.uk/ourwork/b/investigations/posts/short-eared-owl-shot-on-moor-an-eyewitness-account,01a154dd-dfc8-424d-8360-3381faec7390
5338,96946,Highland,Scotland,Poisoning,September,2014,NH84,Species involved: Red Kite x1. Tested positive for: Carbofuran,No Link,5af725fc-4a6f-4157-9c89-637fe8e5cd2e
5339,102009,Derbyshire,England,Shooting,May,2021,SK32,Species involved: Buzzard x1,No Link,f6f65246-7666-4535-8e95-3d87950540d2
5340,97781,Highland,Scotland,Trapping,April,2015,NH84,Species targeted: Birds of Prey,No Link,ccd20215-cc3e-46ca-b28a-987767a2a861
5341,97621,Derbyshire,England,Shooting,January,2015,SK34,Species involved: Peregrine Falcon x1,https://www.bbc.co.uk/news/uk-england-derbyshire-31707635,4094beef-b134-4c0b-923c-2bd799abafb2
5342,93687,Highland,Scotland,Poisoning,October,2010,NH92,Species Involved: Buzzard x2; poison bait (Rabbit Bait x1). Tested positive for: Carbofuran,No Link,26fd8e9d-f1d9-4d16-b76d-134b8229f6e1
5343,101915,Derbyshire,England,Trapping,September,2020,SK34,Species targeted: Birds of Prey,No Link,74a75e2d-39c3-4354-a22b-79cd99fb47e9
5344,101609,Highland,Scotland,Trapping,July,2020,NH92,Species involved: Merlin x1,No Link,0540d8f5-2f3c-478c-8c7c-594913b2ba29
5345,101934,Derbyshire,England,Shooting,March,2020,SK34,Species involved: Peregrine Falcon x1,https://raptorpersecutionscotland.wordpress.com/2020/03/06/peregrine-shot-killed-in-belper-derbyshire-again/,bf5bd13f-612f-4399-8d42-9818cb5014bd
5346,93015,Leicestershire,England,Shooting,January,2010,SK40,Species involved: Buzzard x1,No Link,8e905702-32b6-4922-bd3c-faee5f3cb7e3
5347,101611,Highland,Scotland,Shooting,August,2020,NH92,Species involved: Buzzard x1,No Link,44589c16-3104-4e49-825e-4df3f291765e
5348,89386,Derbyshire,England,Poisoning,April,2008,SK43,Species involved: Buzzard x1. Tested positive for: Alphachloralose,No Link,8a224c94-d55b-476e-a6af-07215a5b73e0
5349,101726,Highland,Scotland,Shooting,August,2020,NH92,Species involved: Buzzard x1,No Link,78782def-74bc-42de-95da-eec724315987
5350,93026,Derbyshire,England,Poisoning,October,2009,SK43,Species involved: Buzzard x1. Tested positive for: Alphachloralose,No Link,03284a82-2cce-4dd0-99d4-52af3a44b9f2
5351,102264,Highland,Scotland,Trapping,Withheld,2021,NH92,Species targeted: Birds of Prey,No Link,10d3538f-cdb5-446a-8905-5923ae923077
5352,97031,Derbyshire,England,Shooting,March,2014,SK44,Species involved: Sparrowhawk x1,No Link,1f984def-6ca5-422c-9647-4941280ef8cd
5353,104390,Highland,Scotland,Shooting,March,2023,NH93,Species involved: Red Kite x1,https://www.bbc.co.uk/news/uk-scotland-highlands-islands-65106936,265795fa-4239-4d18-9d9e-750604efd6d8
5354,99066,Derbyshire,England,Poisoning,February,2016,SK45,Species involved: Buzzard x1. Tested positive for: Aldicarb,No Link,c171a330-cb53-42cf-b88c-a3e3dd3a841d
5355,89530,Highland,Scotland,Shooting,December,2007,NH94,Species involved: Buzzard x1,No Link,fa2d1cbb-4864-48f7-9e3d-b94066474cf4
5356,97811,Highland,Scotland,Poisoning,October,2015,NH94,Species involved: Red Kite x1. Tested positive for: Carbofuran,No Link,77e3342d-41ed-4b04-bd5e-67f107af9bcd
5357,97620,Derbyshire,England,Poisoning,March,2015,SK46,Species involved: Buzzard x2. Tested positive for: Alphachloralose,No Link,89caa90d-19b4-4dee-80b1-83d5110fa6a2
5358,101084,Highland,Scotland,Shooting,March,2020,NH94,Species involved: Buzzard x1,https://www.inverness-courier.co.uk/news/dead-buzzard-found-near-nairn-after-being-shot-195002/,f25661ec-a7cf-4802-b61d-cb626a7b57ab
5359,98768,Derbyshire,England,Poisoning,March,2016,SK46,"Species Involved: Buzzard x3; poison bait (Pheasant Bait x1). Tested positive for: Alphachloralose, Metaldehyde",No Link,80b68b2e-6552-43ac-a2f8-5dc05c52d32e
5360,88321,Highland,Scotland,Trapping,May,2007,NJ02,Species targeted: Birds of Prey,No Link,fe64cafc-46a1-413c-94b3-c9d08ab2972f
5361,98769,Derbyshire,England,Poisoning,February,2016,SK46,Species Involved: Buzzard x1; poison bait (Pheasant Bait x1). Tested positive for: Alphachloralose,No Link,7a73a64b-ec69-4f61-9537-fc6f724de10b
5362,88399,Highland,Scotland,Poisoning,June,2007,NJ02,"Species Involved: Buzzard x1; poison bait (Hare Bait x2, Rabbit Bait x3). Tested positive for: Carbofuran",No Link,ca74db4f-2661-41df-8437-04a6e23b3707
5363,101357,Derbyshire,England,Poisoning,March,2020,SK46,"Species involved: Buzzard x1, Kestrel x1. Tested positive for: Aldicarb",https://raptorpersecutionscotland.wordpress.com/2020/08/03/buzzard-kestrel-confirmed-illegally-poisoned-in-derbyshire/,6fd197dd-3c5e-4487-8ed1-02b7a8db06dc
5364,88499,Highland,Scotland,Poisoning,June,2007,NJ02,Species Involved: Buzzard x1; poison bait (Rabbit Bait x1). Tested positive for: Carbofuran,No Link,f8fb21fd-0374-44b7-92ab-7930f350b545
5365,103072,Derbyshire,England,Poisoning,March,2021,SK46,Species involved: Buzzard x2. Tested positive for: Alphachloralose,No Link,3171bd5f-5e74-4e5e-8567-1b896300679c
5366,88772,Highland,Scotland,Shooting,September,2007,NJ02,Species involved: Buzzard x1,No Link,5b6d057f-f925-49a0-aab6-ecb71b5cf697
5367,104952,Derbyshire,England,Persecution (Other),March,2024,SK46,Species targeted: Birds of Prey. Possession of: Alphachloralose,https://raptorpersecutionuk.org/2025/11/17/new-independent-report-reveals-locations-of-poisoned-raptors-in-northern-england-2015-2023-information-that-has-been-suppressed-by-government/,736991b1-e961-4571-b01f-58040cb38e20
5368,88991,Highland,Scotland,Poisoning,December,2007,NJ02,Species involved: Buzzard x1. Tested positive for: Alphachloralose,No Link,d6433051-d38f-45b2-aef5-7827084332af
5369,105511,Derbyshire,England,Poisoning,March,2024,SK46,Species involved: Buzzard x1. Tested positive for: Alphachloralose,https://raptorpersecutionuk.org/2025/11/17/new-independent-report-reveals-locations-of-poisoned-raptors-in-northern-england-2015-2023-information-that-has-been-suppressed-by-government/,98615f91-231a-429e-8ba1-0ac4eeba56c4
5370,88971,Highland,Scotland,Poisoning,January,2008,NJ02,Species involved: Buzzard x1. Tested positive for: Carbofuran,No Link,e802f76b-4ba3-4b1d-b1b6-78b39722bb1b
5371,101686,Leicestershire,England,Trapping,November,2020,SK50,Species involved: Sparrowhawk x1,No Link,d1e9fac7-940c-4239-88ba-ba969d396d5e
5372,95588,Highland,Scotland,Shooting,January,2012,NJ02,Species involved: Short-eared Owl x1,No Link,27f54b09-f78c-4a1e-b547-112ef1f88be8
5373,105003,Leicestershire,England,Shooting,August,2023,SK52,Species involved: Red Kite x1,No Link,f784fbc0-ab54-415e-8a87-88a66de6dc3f
5374,91238,Highland,Scotland,Poisoning,December,2008,NJ03,Species involved: Buzzard x1. Tested positive for: Alphachloralose,No Link,2e688dc4-0886-48a6-9931-fcd87eb4b3ef
5375,105958,Nottinghamshire,England,Poisoning,December,2024,SK52,"Species involved: Red Kite x1, Buzzard x1. Tested positive for: Mevinphos/Phosdrin, Mevinphos/Phosdrin, Mevinphos/Phosdrin","https://www.bbc.co.uk/news/articles/c0j190ppdp9o#:~:text=Officers%20are%20appealing%20for%20information,of%20Bunny%20on%2010%20December.",d02a4062-f8f3-492d-881b-501af58cd286
5376,102719,Highland,Scotland,Poisoning,May,2021,NJ03,Species Involved: Red Kite x1; poison bait (Other x1). Tested positive for: Bendiocarb,No Link,46bfe44e-5573-4c87-91af-9ccdbe47467e
5377,98316,Nottinghamshire,England,Poisoning,March,2015,SK55,Species involved: Buzzard x1. Tested positive for: Aldicarb,No Link,cc705d3e-d587-4c1b-a5df-865644db3fd7
5378,88526,Moray,Scotland,Poisoning,May,2007,NJ11,Species involved: Red Kite x1. Tested positive for: Carbofuran,No Link,ee0b493f-d67f-4aec-9c17-2d1ca9fd4d95
5379,98441,South Yorkshire,England,Shooting,October,2015,SK59,Species involved: Buzzard x1,No Link,2b562ca3-e53b-4004-8838-b720e0d3409a
5380,91475,Moray,Scotland,Poisoning,May,2009,NJ11,Species targeted: Birds of Prey. Species involved: Raven x2. Tested positive for: Mevinphos/Phosdrin,No Link,83995bed-97b7-416f-8803-4f333616cb39
5381,88667,Nottinghamshire,England,Trapping,August,2007,SK62,"Species targeted: Birds of Prey, Sparrowhawk",No Link,7dda54c2-f346-4e83-951a-680a502cc2b9
5382,91618,Moray,Scotland,Trapping,June,2009,NJ11,Species targeted: Birds of Prey,No Link,9b2c2e0c-12b5-4a92-8470-fda89c48edf8
5383,92209,Nottinghamshire,England,Shooting,January,2008,SK64,Species involved: Barn Owl x1,No Link,a7ae08af-9814-433d-98d6-9390adec2fef
5384,92340,Moray,Scotland,Poisoning,June,2009,NJ11,Species targeted: Birds of Prey. Species involved: poison bait (Rabbit Bait x1). Tested positive for: Mevinphos/Phosdrin,No Link,23acf87f-495e-4ca1-9e97-3c8c06573da3
5385,96260,Nottinghamshire,England,Shooting,January,2014,SK65,Species involved: Buzzard x1,No Link,b7538a37-1fae-4323-9358-c527614d5055
5386,93830,Highland,Scotland,Poisoning,April,2011,NJ11,"Species involved: Buzzard x1. Tested positive for: Aldicarb, Carbofuran",No Link,203ed3d6-5715-483b-9f7b-3f2e6ef5d92a
5387,96856,Leicestershire,England,Shooting,September,2014,SK70,Species involved: Sparrowhawk x1,No Link,661fd721-1d60-4d20-baf8-69e4a7ae50b8
5388,104239,Moray,Scotland,Persecution (Other),April,2023,NJ11,Species targeted: Golden Eagle,No Link,3bd50e90-6225-4a80-9952-284ad8073527
5389,94098,Nottinghamshire,England,Trapping,June,2011,SK73,Species targeted: Kestrel,No Link,f1b550ac-26d9-4efd-ba98-f9dea658fc06
5390,89473,Highland,Scotland,Poisoning,December,2007,NJ12,Species Involved: Buzzard x1; poison bait (Rabbit Bait x1). Tested positive for: Carbofuran,No Link,c4b0f674-dbbc-4a7f-b418-9b7c887d0f05
5391,101687,Nottinghamshire,England,Trapping,December,2020,SK74,Species involved: Buzzard x1,https://www.nwcu.police.uk/news/wildlife-crime-press-coverage/nottinghamshire-police-begin-investigation-into-killing-of-wild-birds/,e53d516f-f45d-4d43-a0ec-3d2c454da774
5392,101688,Nottinghamshire,England,Trapping,January,2021,SK74,Species involved: Buzzard x1,https://www.bbc.co.uk/news/uk-england-nottinghamshire-60156311,95210d00-9dce-4c7e-b56c-51dc22cdf918
5393,101701,Nottinghamshire,England,Trapping,January,2021,SK74,Species involved: Buzzard x1,https://www.bbc.co.uk/news/uk-england-nottinghamshire-60156311,a07c2f69-8a17-4546-acd1-0805919e0a3a
5394,91013,Highland,Scotland,Persecution (Other),November,2008,NJ12,Species targeted: Birds of Prey. Possession of: Carbofuran,No Link,5867dd3d-6acc-498c-a473-1cd0df6076ea
5395,101702,Nottinghamshire,England,Trapping,January,2021,SK74,Species involved: Buzzard x1,https://www.bbc.co.uk/news/uk-england-nottinghamshire-60156311,f2417e0d-5fab-4716-8edc-fad2320672c2
5396,91249,Highland,Scotland,Poisoning,March,2008,NJ12,Species involved: Buzzard x1. Tested positive for: Carbofuran,No Link,1c614545-ba7d-4d28-be9c-8129818bdeea
5397,90997,Rutland,England,Poisoning,August,2008,SK80,Species Involved: Red Kite x1; poison bait (Rabbit Bait x1). Tested positive for: Carbofuran,No Link,aa3c3f57-1743-4a26-811d-9f135193512c
5398,93462,Highland,Scotland,Poisoning,September,2010,NJ12,Species Involved: Buzzard x2; poison bait (Rabbit Bait x1). Tested positive for: Carbofuran,No Link,edaa4f3d-727e-4f65-9a5f-3fb892d819ce
5399,91658,Leicestershire,England,Poisoning,March,2009,SK82,Species involved: Buzzard x1. Tested positive for: Carbofuran,No Link,d2e684d6-e7ec-4ddc-b6c1-c4a55b816054
5400,94279,Highland,Scotland,Poisoning,August,2011,NJ12,Species targeted: Birds of Prey. Species involved: poison bait (Grouse Bait x1). Tested positive for: Aldicarb,No Link,8cb31bf4-851a-443f-bfa4-7f8f8f48885b
5401,105179,Lincolnshire,England,Persecution (Other),July,2009,SK82,Species targeted: Birds of Prey. Possession of: Aldicarb,#N/A,308581db-c536-4a2f-b0bd-83a0e24bcff1
5402,100157,Moray,Scotland,Trapping,January,2019,NJ12,Species involved: Goshawk x1,No Link,6f0abbeb-8274-4de9-a06a-6cbcc38d2efb
5403,99331,Leicestershire,England,Shooting,August,2017,SK83,Species involved: Buzzard x1,No Link,703ffc5a-0fdf-45b8-93ff-cc1b57be1ab6
5404,91442,Moray,Scotland,Persecution (Other),August,2008,NJ13,Species targeted: Birds of Prey. Possession of: Carbofuran,No Link,879dd359-eab9-4137-9f11-7400aaa64a67
5405,95547,Nottinghamshire,England,Shooting,November,2012,SK86,Species involved: Buzzard x1,No Link,8f27a820-1dac-42f7-a1f4-5f03294a19fa
5406,92334,Moray,Scotland,Poisoning,May,2009,NJ13,Species involved: Buzzard x1. Tested positive for: Carbofuran,No Link,3f8259ae-7de9-46ca-9311-0a32087e475a
5407,94388,Lincolnshire,England,Poisoning,September,2011,SK89,Species Involved: Buzzard x2; poison bait (Pheasant Bait x1). Tested positive for: Carbofuran,No Link,6033da55-7ece-44ba-99c4-debb3c5834d1
5408,96318,Aberdeenshire,Scotland,Shooting,May,2013,NJ30,Species involved: Hen Harrier x1,No Link,20a2b57f-9b1b-435e-aeda-edc41f77e4f1
5409,95862,Leicestershire,England,Shooting,March,2012,SK91,Species involved: Buzzard x1,No Link,74554ea0-0710-497a-a289-788359f17505
5410,91720,Aberdeenshire,Scotland,Shooting,June,2009,NJ31,Species involved: Buzzard x1,No Link,9873a6d0-9f89-44d9-bd3e-ae9f457809e8
5411,101285,Lincolnshire,England,Poisoning,April,2019,SK91,"Species involved: Red Kite x1. Tested positive for: Bendiocarb, Carbofuran, Difenacoum",No Link,42e56ed7-33b9-4e64-a37d-cd6ce0522785
5412,93931,Aberdeenshire,Scotland,Poisoning,February,2011,NJ31,Species involved: Golden Eagle x1. Tested positive for: Carbofuran,https://www.bbc.co.uk/news/uk-scotland-north-east-orkney-shetland-13292307,768e46ca-7c1b-4e98-b285-46d14171d106
5413,105181,Lincolnshire,England,Persecution (Other),August,2009,SK92,"Species targeted: Birds of Prey. Possession of: Malathion, Mevinphos/Phosdrin, Oxamyl",#N/A,7f69acda-9abf-4dad-b70f-290538f32fa3
5414,94823,Aberdeenshire,Scotland,Shooting,May,2011,NJ31,Species involved: Short-eared Owl x1,No Link,363d560d-6e11-462c-a2a2-fcdfc72c663b
5415,104642,Lincolnshire,England,Persecution (Other),April,2023,SK92,Species targeted: Birds of Prey. Possession of: Aldicarb,#N/A,5aa8f499-3433-48dc-bed4-d09453d898b7
5416,94824,Aberdeenshire,Scotland,Poisoning,May,2011,NJ31,Species involved: Buzzard x1. Tested positive for: Carbofuran,No Link,32a0345a-1532-40de-94ff-cef725c37409
5417,104643,Lincolnshire,England,Trapping,April,2023,SK92,Species involved: Tawny Owl x1,#N/A,31e12ca4-4b24-479f-a0b2-358f6e5ac5f8
5418,97066,Aberdeenshire,Scotland,Nest Destruction,May,2014,NJ31,Species targeted: Goshawk nest,No Link,72232c3a-83b2-452c-9a88-76ea5dd06f0d
5419,106173,Lincolnshire,England,Trapping,April,2023,SK92,Species involved: Tawny Owl x1,#N/A,f0f64d3c-8c7f-441e-8bc1-cd8e5d638b82
5420,103082,Aberdeenshire,Scotland,Shooting,April,2016,NJ31,Species involved: Goshawk x1,https://www.pressandjournal.co.uk/fp/news/aberdeen-aberdeenshire/912829/rare-bird-of-prey-euthanised-after-being-shot-on-aberdeenshire-estate/,fe5a3e44-671e-4def-a628-2b38da85efd5
5421,106174,Lincolnshire,England,Trapping,April,2023,SK92,Species involved: Tawny Owl x1,#N/A,4a6b317a-69fc-4ae5-89e2-963f54df26af
5422,101893,Aberdeenshire,Scotland,Poisoning,April,2020,NJ31,Species involved: White-tailed Eagle x1. Tested positive for: Carbofuran,https://www.scotland.police.uk/what-s-happening/news/2020/july/rare-white-tailed-sea-eagle-poisoned/,dfacfbb2-bf86-4608-8c71-9542b44c963a
5423,106175,Lincolnshire,England,Trapping,April,2023,SK92,Species involved: Tawny Owl x1,#N/A,952f55fd-b907-4a2d-976c-51b35e182147
5424,96938,Aberdeenshire,Scotland,Trapping,March,2014,NJ40,Species targeted: Goshawk,No Link,a2ebfc3a-ce02-4c73-b5d9-91e75fab8e36
5425,91645,Lincolnshire,England,Shooting,January,2009,SK95,Species involved: Kestrel x1,No Link,03c823f5-23eb-499e-bea4-d86727d9d779
5426,105662,Aberdeenshire,Scotland,Nest Destruction,June,2024,NJ40,Species targeted: Goshawk nest,Blank,865b90dc-e64c-448a-9592-9315dd8ad22b
5427,105200,Lincolnshire,England,Shooting,July,2024,SK96,Species involved: Buzzard x1,Blank,2b87f9dd-21ef-4963-aab7-ce87a9821d9b
5428,88821,Aberdeenshire,Scotland,Trapping,September,2007,NJ41,Species involved: Barn Owl x1,No Link,97fff8d6-be98-4110-9634-e96cb85163da
5429,87794,Lincolnshire,England,Trapping,January,2007,SK97,Species involved: Sparrowhawk x1,No Link,5bee5896-4797-4548-bd78-c2ad2bdce319
5430,95281,Aberdeenshire,Scotland,Trapping,July,2012,NJ41,Species targeted: Birds of Prey,No Link,18dcaacc-24d7-44b9-b8ce-a4590af59543
5431,93789,Lincolnshire,England,Shooting,February,2011,SK97,Species involved: Peregrine Falcon x1,No Link,1c42e7c5-9e3a-43d9-94a7-e3592b58c0e3
5432,95459,Aberdeenshire,Scotland,Trapping,September,2012,NJ41,Species targeted: Birds of Prey. Species involved: Jay x1,https://www.bbc.co.uk/news/uk-scotland-north-east-orkney-shetland-30777299,6bb0783f-b46f-416c-81f0-58d83cf2d468
5433,99081,Lincolnshire,England,Poisoning,April,2016,SK98,Species involved: Buzzard x1. Tested positive for: Phorate,No Link,3a3e080e-ce3b-4dde-af59-14246b41cfd6
5434,95460,Aberdeenshire,Scotland,Trapping,August,2012,NJ41,Species involved: Goshawk x1,https://www.bbc.co.uk/news/uk-scotland-north-east-orkney-shetland-30777299,48c94d13-aece-43a6-a611-2c5a6f33c795
5435,94981,Pembrokeshire,Wales,Poisoning,March,2011,SN02,Species involved: Red Kite x1. Tested positive for: Fenthion,No Link,c5a095a9-17ee-4e55-a91f-87085490fcbf
5436,95462,Aberdeenshire,Scotland,Trapping,August,2012,NJ41,Species involved: Buzzard x1,https://www.bbc.co.uk/news/uk-scotland-north-east-orkney-shetland-30777299,9348cbd7-dabb-43a6-8fdd-577356a278a4
5437,99071,Pembrokeshire,Wales,Shooting,August,2016,SN11,Species involved: Sparrowhawk x1,No Link,f5cabeb3-3d0b-4ff4-a169-1b25c098fcf5
5438,95463,Aberdeenshire,Scotland,Trapping,August,2012,NJ41,Species involved: Goshawk x1,https://www.bbc.co.uk/news/uk-scotland-north-east-orkney-shetland-30777299,7fcbb99e-f247-44f5-b052-7c9be4dcec50
5439,105985,Carmarthenshire,Wales,Poisoning,September,2009,SN21,Species involved: Red Kite x1. Tested positive for: Carbofuran,#N/A,1db97565-0b4d-4ba1-8678-a188882cc5da
5440,95486,Aberdeenshire,Scotland,Trapping,September,2012,NJ41,"Species targeted: Birds of Prey, Magpie",No Link,145fc21c-fe68-464e-b45c-76d5d6172991
5441,99777,Carmarthenshire,Wales,Shooting,November,2017,SN22,Species involved: Red Kite x1,No Link,45821feb-841e-4a30-a1b0-7748bdd4eb16
5442,95487,Aberdeenshire,Scotland,Trapping,September,2012,NJ41,Species targeted: Birds of Prey,No Link,d34b08dd-62da-44b3-8eea-2698caf80c41
5443,105458,Ceredigion,Wales,Shooting,September,2024,SN24,Species involved: Buzzard x1,Blank,64ffc3d4-aeb1-4dee-aec3-f69aaf867eb7
5444,96234,Moray,Scotland,Shooting,June,2013,NJ42,Species involved: Hen Harrier x1,http://community.rspb.org.uk/ourwork/skydancer/b/skydancer/archive/2017/05/05/alleged-hen-harrier-shooting-case-dropped.aspx,ecc0c81b-9bf7-4d16-814b-bd62e55f5adf
5445,94264,Carmarthenshire,Wales,Poisoning,June,2011,SN53,Species involved: Red Kite x2. Tested positive for: Fenthion,No Link,79ffe66c-676e-49ff-99bd-22e82506ca84
5446,94559,Aberdeenshire,Scotland,Trapping,September,2010,NJ43,Species involved: Buzzard x1,No Link,4562fb51-abd4-4645-9857-6e62f9ae2aef
5447,93388,Ceredigion,Wales,Poisoning,March,2010,SN55,Species involved: Red Kite x1. Tested positive for: Fenthion,No Link,6f16517a-b2f5-4cbb-9255-17ab3f20c4e4
5448,101085,Aberdeenshire,Scotland,Shooting,Withheld,2019,NJ61,Species involved: Goshawk x1,No Link,8efbe021-04bd-4856-bcf3-d7e884c71411
5449,104328,Carmarthenshire,Wales,Poisoning,September,2022,SN61,"Species involved: Buzzard x2. Tested positive for: Bendiocarb, Bendiocarb, Bendiocarb",No Link,ee29f185-0227-483b-ad5c-a2e0ac3b5375
5450,88979,Aberdeenshire,Scotland,Shooting,November,2007,NJ70,Species involved: Buzzard x1,No Link,dbfe61ee-123e-469f-a7bb-21215c6ac0ae
5451,92367,Carmarthenshire,Wales,Poisoning,August,2009,SN63,Species involved: Red Kite x1. Tested positive for: Carbofuran,No Link,c813819c-532a-4d4c-b318-08ddda850afe
5452,101806,Aberdeenshire,Scotland,Shooting,December,2011,NJ70,Species involved: Buzzard x1,No Link,ca247232-847e-4455-8d6a-8adcc14f4bd4
5453,97179,Ceredigion,Wales,Poisoning,July,2014,SN65,Species involved: Red Kite x1. Tested positive for: Diazinon/Dimpylate,#N/A,db4dba14-b3aa-4be7-be3b-925553e7ee64
5454,95466,Aberdeenshire,Scotland,Trapping,April,2012,NJ70,Species targeted: Birds of Prey,No Link,dde6c566-8814-4e06-9b75-507c668e3640
5455,89374,Ceredigion,Wales,Trapping,March,2008,SN67,Species involved: Buzzard x1,No Link,bc89f6d0-7b4f-47e8-af3d-d65a7b01dd40
5456,103244,Aberdeenshire,Scotland,Shooting,February,2022,NJ70,Species involved: Red Kite x1,No Link,72a99f72-7ee6-44e9-9a36-baef0c8dc3b9
5457,99067,Ceredigion,Wales,Poisoning,February,2016,SN67,Species involved: Red Kite x1. Tested positive for: Fenthion,No Link,11b2ff06-ad5c-49ca-b2e3-e91601039a42
5458,98890,Aberdeenshire,Scotland,Shooting,September,2016,NJ71,Species involved: Buzzard x1,No Link,9941114a-9f5a-4037-80de-dcf5979f44b9
5459,99937,Ceredigion,Wales,Trapping,May,2018,SN67,Species involved: Red Kite x1,http://www.cambrian-news.co.uk/article.cfm?id=120835&headline=RSPCA%20appeal%20after%20red%20kite%20caught%20in%20illegal%20trap&sectionIs=news&searchyear=2018,e985014c-7971-48aa-b625-7746616bda77
5460,88508,Aberdeenshire,Scotland,Poisoning,May,2007,NJ72,Species involved: Peregrine Falcon x2. Tested positive for: Carbofuran,No Link,2c0c3f18-0bf2-4ac7-80b1-8179d4478711
5461,93323,Ceredigion,Wales,Poisoning,April,2010,SN69,"Species involved: Red Kite x1, Buzzard x1. Tested positive for: Carbofuran, Carbofuran",No Link,d5a236a3-545e-419c-8aec-88257423a9c0
5462,88973,Aberdeenshire,Scotland,Shooting,August,2007,NJ73,Species involved: Buzzard x1,No Link,2ba7b975-1510-488d-9cc7-8e0c1f83004a
5463,103344,Ceredigion,Wales,Poisoning,April,2021,SN69,Species involved: Red Kite x1. Tested positive for: Fenthion,No Link,93a7060c-5488-4b33-b074-00933bac160e
5464,101539,Aberdeenshire,Scotland,Trapping,August,2020,NJ73,Species involved: Goshawk x1,https://raptorpersecutionscotland.wordpress.com/2020/10/06/man-charged-for-wildlife-offences-relating-to-illegal-trapping-of-a-bird-of-prey/,37e79f70-85f6-4dc5-9ec3-3ae8371b4905
5465,99073,Neath Port Talbot,Wales,Poisoning,August,2016,SN70,"Species targeted: Birds of Prey. Species involved: Raven x3; poison bait (Lamb x1). Tested positive for: Diazinon/Dimpylate, Diazinon/Dimpylate, Diazinon/Dimpylate, Diazinon/Dimpylate",No Link,b7723db5-f71e-41a3-a1b9-38e807acb775
5466,99068,"Rhondda, Cynon, Taff",Wales,Poisoning,April,2016,SN80,Species involved: Peregrine Falcon x1. Tested positive for: Diazinon/Dimpylate,No Link,7fc9a28e-480d-4148-a6cf-4c7c22469563
5467,99336,Powys,Wales,Shooting,April,2017,SN81,"Species involved: Buzzard x1, Raven x1",http://www.itv.com/news/wales/update/2017-04-12/birds-shot-dead-near-pen-y-cae-powys/,3628635a-4596-44ae-ab47-c7d40c293440
5468,104323,Powys,Wales,Shooting,April,2023,SN81,Species involved: Goshawk x1,No Link,b242fc19-1946-4b48-8c28-d721a21afa87
5469,88370,Aberdeenshire,Scotland,Trapping,April,2007,NJ93,"Species involved: Buzzard x1, Carrion Crow x1",No Link,53e35cd6-8eaa-41fe-a5bc-c899edb76b59
5470,104513,Powys,Wales,Poisoning,April,2023,SN84,"Species Involved: Red Kite x1, Raven x3; poison bait (Lamb). Tested positive for: Diazinon/Dimpylate, Diazinon/Dimpylate, Diazinon/Dimpylate, Diazinon/Dimpylate, Diazinon/Dimpylate, Diazinon/Dimpylate",No Link,99794da8-15d9-404b-bf73-4bae7d3346f6
5471,90691,Aberdeenshire,Scotland,Shooting,July,2008,NJ93,Species involved: Buzzard x1,No Link,cb295f7e-2550-4073-be13-4d915e9ba2da
5472,101630,Powys,Wales,Shooting,July,2020,SN85,Species involved: Golden Eagle x1,https://raptorpersecutionscotland.wordpress.com/2020/12/14/post-mortem-reveals-welsh-golden-eagle-had-suffered-gunshot-injury/,6b97f4fd-29b8-4985-9cd4-48f950671740
5473,92741,Aberdeenshire,Scotland,Trapping,April,2009,NJ93,Species involved: Buzzard x1,No Link,c3b46953-b9bc-43d3-9463-50a5bdc93442
5474,95565,Powys,Wales,Poisoning,October,2012,SN92,Species involved: Red Kite x1. Tested positive for: Bendiocarb,No Link,e3187068-3531-45c5-9873-29cb45608e2f
5475,95006,Aberdeenshire,Scotland,Shooting,August,2011,NK04,Species involved: Peregrine Falcon x1,No Link,fb643334-ba8d-4a81-ac4e-a7f228f0dc11
5476,101293,Powys,Wales,Poisoning,December,2019,SN93,Species targeted: Birds of Prey. Species involved: poison bait (Other x1). Tested positive for: Diazinon/Dimpylate,No Link,af0a3754-1f11-4a4c-adf7-28da4695e447
5477,97450,Highland,Scotland,Nest Destruction,June,2014,NM34,Species targeted: Golden Eagle nest,No Link,6d6b83da-987a-4711-98d3-7af76e11d6f6
5478,95326,Powys,Wales,Poisoning,May,2012,SN94,Species involved: Red Kite x1. Tested positive for: Fenthion,No Link,f3edb85a-9fb2-4f4b-a019-0eae137418c7
5479,93614,Argyll and Bute,Scotland,Shooting,October,2010,NM71,Species involved: Buzzard x1,No Link,c4e78871-52b3-4fe3-a95a-3b4f34e9ca22
5480,90280,Powys,Wales,Poisoning,September,2008,SN98,"Species targeted: Birds of Prey, Corvidae. Species involved: poison bait (Red-Legged Partridge x2). Tested positive for: Alphachloralose",No Link,085208c9-7a31-4219-8f8b-426808e0e2f1
5481,95385,Highland,Scotland,Poisoning,March,2012,NM78,"Species involved: Golden Eagle x1. Tested positive for: Aldicarb, Bendiocarb",http://ww2.rspb.org.uk/our-work/rspb-news/news/317459-appeal-for-information-after-poisoned-golden-eagle-found-near-morar,fac34f2d-4182-4d0e-870c-26fc4da4019e
5482,104227,Powys,Wales,Shooting,July,2022,SN98,Species involved: Red Kite x1,No Link,b35e1043-6da2-43fa-86d4-647a42d0ba13
5483,97385,Argyll and Bute,Scotland,Nest Destruction,May,2014,NM80,Species targeted: Golden Eagle nest,No Link,0ec6d461-6287-4096-bc5a-37779726c65d
5484,102053,Powys,Wales,Shooting,March,2021,SO05,Species involved: Red Kite x1,https://www.rspca.org.uk/-/news-red-kite-released-after-shot-bird-was-rescued,7ea2a7ef-3495-46e5-bf9d-80c64d482e29
5485,102188,Argyll and Bute,Scotland,Persecution (Other),June,2020,NM80,Species targeted: Golden Eagle,No Link,ae0bf151-b9f4-4feb-ba5b-75c42f2d6899
5486,103765,Powys,Wales,Poisoning,May,2021,SO06,Species involved: Buzzard x1. Tested positive for: Alphachloralose,No Link,dce7f84a-d556-4170-a03a-48d094e1efd6
5487,91866,Argyll and Bute,Scotland,Poisoning,June,2009,NN23,"Species involved: Golden Eagle x1. Tested positive for: Carbofuran, Methiocarb, Other, Strychnine",http://ww2.rspb.org.uk/our-work/rspb-news/news/323999-farm-manager-convicted-of-poison-possession-after-golden-eagle-is-killed-near-bridge-of-orchy,6becac9c-e409-4c9f-99ae-5145cb4fb47e
5488,90012,Powys,Wales,Poisoning,September,2007,SO08,Species involved: Buzzard x1. Tested positive for: Alphachloralose,No Link,314a69bb-3c13-4388-b2b6-027031fdda27
5489,91868,Argyll and Bute,Scotland,Poisoning,June,2009,NN23,Species targeted: Birds of Prey. Species involved: Fox x1. Tested positive for: Carbofuran,No Link,4048253c-7968-46c2-84e7-76fec006e112
5490,97225,Powys,Wales,Poisoning,October,2014,SO08,"Species involved: Red Kite x1, Buzzard x1, Cat x1. Tested positive for: Bendiocarb, Bendiocarb, Bendiocarb, Bendiocarb",No Link,4dedefe5-b7bd-4252-b279-0e312b43281f
5491,91869,Argyll and Bute,Scotland,Poisoning,June,2009,NN23,Species targeted: Birds of Prey. Species involved: poison bait (Sheep x1). Tested positive for: Carbofuran,No Link,88c03e91-2f4e-4b79-9ff4-38548e744305
5492,101756,Powys,Wales,Poisoning,July,2020,SO08,Species involved: Goshawk x1. Tested positive for: Isofenphos,No Link,d75d850b-77db-42b1-a974-2d2835a3ff1d
5493,92373,Argyll and Bute,Scotland,Persecution (Other),June,2009,NN33,"Species targeted: Birds of Prey. Possession of: Carbofuran, Methiocarb",No Link,4a32d0ca-7bca-4dbb-85a6-eab879217109
5494,101146,Powys,Wales,Shooting,April,2020,SO09,Species involved: Red Kite x1,https://community.rspb.org.uk/ourwork/b/investigations/posts/red-kites-shot-wales,466c3939-7d4a-44f4-a352-2ba11a7fb0be
5495,96212,Stirling,Scotland,Shooting,February,2013,NN60,Species involved: Buzzard x1,No Link,91d99734-c319-42c0-93d8-a18b08d8c6f9
5496,89527,Blaenau Gwent,Wales,Shooting,September,2007,SO10,Species involved: Red Kite x1,No Link,749d8a5e-4869-4f68-8957-ce1c73ec6fc2
5497,93245,Highland,Scotland,Trapping,November,2009,NN68,Species targeted: Birds of Prey,No Link,fc00a826-786b-4837-ada6-04717f65e486
5498,91625,Caerphilly,Wales,Poisoning,January,2009,SO10,Species involved: Red Kite x1. Tested positive for: Mevinphos/Phosdrin,No Link,61f0af15-59fa-4bd9-9bfc-3130287b2ca3
5499,93252,Highland,Scotland,Trapping,June,2010,NN68,Species involved: Goshawk x1,No Link,7b9bb0da-9adc-49cd-83a6-c35c737b2e25
5500,95512,Powys,Wales,Poisoning,October,2012,SO11,Species targeted: Birds of Prey. Species involved: poison bait (Pheasant Bait x1). Tested positive for: Bendiocarb,https://community.rspb.org.uk/ourwork/b/investigations/archive/2016/03/10/trouble-in-the-valleys.aspx,df1b225b-06b4-481f-8dbf-cb1a84334295
5501,93259,Highland,Scotland,Trapping,June,2010,NN68,Species targeted: Birds of Prey,No Link,21738e39-45d9-4597-a985-bb3c82f9057b
5502,88761,Stirling,Scotland,Poisoning,August,2007,NN70,Species involved: Red Kite x1. Tested positive for: Chlorpyrifos,No Link,69209c76-3474-414c-8730-c416ed29faeb
5503,95514,Powys,Wales,Poisoning,October,2012,SO11,Species targeted: Birds of Prey. Species involved: poison bait (Pheasant Bait x1). Tested positive for: Bendiocarb,https://community.rspb.org.uk/ourwork/b/investigations/archive/2016/03/10/trouble-in-the-valleys.aspx,66cf9d60-edca-4e3a-9381-a8d38c2e500a
5504,95515,Powys,Wales,Poisoning,October,2012,SO11,"Species targeted: Birds of Prey. Species involved: poison bait (Pheasant Bait x1, Pheasant Bait x1). Tested positive for: Bendiocarb, Bendiocarb",https://community.rspb.org.uk/ourwork/b/investigations/archive/2016/03/10/trouble-in-the-valleys.aspx,cb80818f-4374-4291-a652-42a36818f17e
5505,88802,Stirling,Scotland,Poisoning,October,2007,NN70,Species involved: Red Kite x1. Tested positive for: Chlorpyrifos,No Link,4a5da1a6-8d6c-447a-8788-ebb3b70db5e5
5506,96262,Powys,Wales,Poisoning,August,2013,SO11,Species targeted: Birds of Prey. Species involved: poison bait (Pheasant Bait x1). Tested positive for: Bendiocarb,https://community.rspb.org.uk/ourwork/b/investigations/archive/2016/03/10/trouble-in-the-valleys.aspx,08b57bfe-b599-4f38-820a-1dd281c7752c
5507,93849,Perth and Kinross,Scotland,Trapping,February,2011,NN74,Species involved: Sparrowhawk x1,No Link,81b0d899-fe1b-4a94-9d08-6b3547b31e13
5508,96263,Powys,Wales,Poisoning,August,2013,SO11,Species targeted: Birds of Prey. Species involved: poison bait (Pheasant Bait x1). Tested positive for: Bendiocarb,https://community.rspb.org.uk/ourwork/b/investigations/archive/2016/03/10/trouble-in-the-valleys.aspx,fe1a5316-ad79-45a7-b75f-526bac9901a9
5509,93850,Perth and Kinross,Scotland,Trapping,February,2011,NN74,Species involved: Buzzard x1,No Link,4144815b-f758-455c-b208-e87db7180b89
5510,96264,Powys,Wales,Poisoning,August,2013,SO11,Species targeted: Birds of Prey. Species involved: poison bait (Pheasant Bait x1). Tested positive for: Bendiocarb,https://community.rspb.org.uk/ourwork/b/investigations/archive/2016/03/10/trouble-in-the-valleys.aspx,13a1fe98-60c1-4b05-b7f9-0f32f8496583
5511,95558,Highland,Scotland,Persecution (Other),January,2012,NN78,Species involved: Golden Eagle x1,No Link,3a98676d-94ae-48b8-88c5-d6566202a4cf
5512,96265,Powys,Wales,Poisoning,August,2013,SO11,"Species targeted: Birds of Prey. Species involved: poison bait (Pheasant Bait x1). Tested positive for: Bendiocarb, Bendiocarb",https://community.rspb.org.uk/ourwork/b/investigations/archive/2016/03/10/trouble-in-the-valleys.aspx,78760976-837e-41dc-a4fa-9058ed23313c
5513,99477,Highland,Scotland,Shooting,November,2016,NN79,Species involved: Buzzard x1,No Link,530f0062-9bd1-4868-808f-c6f38991f40b
5514,96266,Powys,Wales,Poisoning,August,2013,SO11,Species involved: Red Kite x1. Tested positive for: Bendiocarb,https://community.rspb.org.uk/ourwork/b/investigations/archive/2016/03/10/trouble-in-the-valleys.aspx,f1481b17-2e54-459c-8255-a6eba92bfca9
5515,96230,Stirling,Scotland,Poisoning,September,2013,NN80,Species involved: Buzzard x1. Tested positive for: Alphachloralose,No Link,57f746d8-f4a0-46d9-b4b1-d6782253ce18
5516,96306,Powys,Wales,Poisoning,October,2013,SO11,"Species involved: Red Kite x3, Buzzard x7. Tested positive for: Bendiocarb",https://community.rspb.org.uk/ourwork/b/investigations/archive/2016/03/10/trouble-in-the-valleys.aspx,357668ae-80ec-478f-94ad-cdec5fedb12b
5517,90609,Perth and Kinross,Scotland,Trapping,July,2008,NN81,Species involved: Kestrel x3,No Link,21ab13b7-22e7-4cc4-aec7-aa53765f553c
5518,96307,Powys,Wales,Poisoning,October,2013,SO11,Species involved: Red Kite x1. Tested positive for: Bendiocarb,https://community.rspb.org.uk/ourwork/b/investigations/archive/2016/03/10/trouble-in-the-valleys.aspx,169c147a-e840-4922-a5ee-91597f9f6a61
5519,91872,Perth and Kinross,Scotland,Shooting,February,2009,NN81,Species involved: Birds of Prey x1,No Link,889db0e5-7d6d-4d6d-abe9-742b154fc5df
5520,96308,Powys,Wales,Poisoning,October,2013,SO11,Species targeted: Birds of Prey. Species involved: Raven x1. Tested positive for: Bendiocarb,https://community.rspb.org.uk/ourwork/b/investigations/archive/2016/03/10/trouble-in-the-valleys.aspx,8125a50b-7f50-4de7-80d7-5553b1d42fc4
5521,92312,Perth and Kinross,Scotland,Shooting,December,2009,NN81,Species involved: Red Kite x1,No Link,c09f0082-f91d-480f-bf18-7346449e0fdf
5522,96309,Powys,Wales,Poisoning,October,2013,SO11,"Species Involved: Buzzard x1; poison bait (Pheasant Bait x1). Tested positive for: Bendiocarb, Bendiocarb",https://community.rspb.org.uk/ourwork/b/investigations/archive/2016/03/10/trouble-in-the-valleys.aspx,d426647a-9140-4431-8b8d-ecb77abe8cf7
5523,88721,Perth and Kinross,Scotland,Poisoning,August,2007,NN82,"Species involved: Red Kite x1. Tested positive for: Carbofuran, Isofenphos",https://raptorpersecutionscotland.wordpress.com/2010/03/04/third-tayside-red-kite-poisoned-2/,0694e432-29e1-4d21-85d8-97fa354fa109
5524,96310,Powys,Wales,Poisoning,October,2013,SO11,Species targeted: Birds of Prey. Species involved: Raven x1. Tested positive for: Bendiocarb,https://community.rspb.org.uk/ourwork/b/investigations/archive/2016/03/10/trouble-in-the-valleys.aspx,b50ccd57-a3ce-4388-8900-6da45d37cd0c
5525,88762,Perth and Kinross,Scotland,Poisoning,October,2007,NN82,"Species involved: Red Kite x1. Tested positive for: Carbofuran, Isofenphos",No Link,e39b96ad-01c5-4cbb-a1c0-9cfadd295bd7
5526,94060,Powys,Wales,Persecution (Other),July,2011,SO12,"Species targeted: Birds of Prey, Goshawk",No Link,1f873801-d85f-42e2-801b-29b5aa2449e5
5527,88763,Perth and Kinross,Scotland,Poisoning,September,2007,NN82,"Species involved: Red Kite x1. Tested positive for: Carbofuran, Isofenphos",No Link,855399ec-f803-4f02-a00a-a388961e50b0
5528,100051,Shropshire,England,Poisoning,April,2018,SO18,"Species targeted: Birds of Prey. Species involved: Carrion Crow x1, Raven x5; poison bait (Lamb). Tested positive for: Diazinon/Dimpylate",https://community.rspb.org.uk/ourwork/b/investigations/posts/ravens-found-poisoned-on-farmland,0c92fcde-1c1d-438b-87f6-d567dda91fda
5529,93674,Perth and Kinross,Scotland,Poisoning,December,2010,NN82,Species involved: Red Kite x1. Tested positive for: Alphachloralose,No Link,2f66bf94-c4a3-43f5-adbf-da98ae3db635
5530,102086,Powys,Wales,Poisoning,March,2020,SO18,"Species involved: Red Kite x3. Tested positive for: Diazinon/Dimpylate, Diazinon/Dimpylate, Diazinon/Dimpylate",No Link,13b0093b-db0c-4f64-9b75-1b09ab5f0061
5531,95603,Perth and Kinross,Scotland,Trapping,November,2012,NN82,Species targeted: Birds of Prey,No Link,d4435060-52ae-4935-bb7d-ce7541b80a9b
5532,105414,Powys,Wales,Shooting,September,2024,SO19,Species involved: Sparrowhawk x1,Blank,c759f7d3-0061-430a-8bb3-982b858fb8c6
5533,93322,Torfaen,Wales,Poisoning,July,2010,SO20,Species Involved: Peregrine Falcon x2; poison bait (Pigeon Bait (Species Unknown) x1). Tested positive for: Carbofuran,No Link,4d309261-f5fb-478f-9090-7115a3cb4030
5534,95644,Perth and Kinross,Scotland,Trapping,January,2012,NN82,Species involved: Buzzard x1,No Link,c1dcb003-d9af-43c5-b8fb-12f543b6167f
5535,94286,Torfaen,Wales,Trapping,June,2011,SO20,Species involved: Peregrine Falcon x1,No Link,5aef29f1-20ec-4bac-abd0-94c8b91467b5
5536,98067,Perth and Kinross,Scotland,Nest Destruction,April,2015,NN82,Species targeted: Golden Eagle nest,No Link,abe6e0c3-8849-49e3-9b80-241f7a01987b
5537,94699,Monmouthshire,Wales,Poisoning,July,2011,SO20,"Species involved: Buzzard x1, Raven x1. Tested positive for: Carbofuran, Carbofuran, Chlorpyrifos, Chlorpyrifos, Diazinon/Dimpylate, Diazinon/Dimpylate",No Link,5024a754-c96c-4e45-9a3f-aed40c597bbb
5538,101605,Perth and Kinross,Scotland,Trapping,October,2020,NN82,Species involved: Long-eared Owl x1,https://raptorpersecutionscotland.wordpress.com/2021/09/21/long-eared-owl-illegally-held-in-trap-on-same-strathbraan-grouse-moor-where-shot-peregrine-found/,26baac5f-9204-4a6b-9369-6c97716e14d1
5539,100072,Monmouthshire,Wales,Poisoning,July,2011,SO20,Species targeted: Birds of Prey. Species involved: poison bait (Pigeon Bait (Species Unknown) x2). Tested positive for: Bendiocarb,No Link,a26191fa-635b-4be2-a07d-200d3fccbc5f
5540,101670,Perth and Kinross,Scotland,Trapping,October,2020,NN82,Species involved: Red Kite x1,No Link,bf1671a9-6f44-4f1d-bdb6-280cab8556a7
5541,96536,Neath Port Talbot,Wales,Trapping,November,2013,SO20,"Species involved: Buzzard x1, Raven x1",#N/A,9c61f549-7de1-41d0-a053-351d4e56e4e9
5542,101963,Perth and Kinross,Scotland,Shooting,November,2020,NN82,Species involved: Peregrine Falcon x1,https://raptorpersecutionscotland.wordpress.com/2021/09/20/peregrine-found-shot-dead-on-grouse-moor-in-strathbraan-police-scotland-refuse-to-publicise/ ; https://www.birdguides.com/news/shot-peregrine-found-during-investigation-on-scottish-estate/,c55bf878-8d93-4409-8c96-97827ace0832
5543,99074,Blaenau Gwent,Wales,Poisoning,June,2016,SO20,"Species targeted: Peregrine Falcon. Species involved: poison bait (Pigeon Bait (Species Unknown) x1). Tested positive for: Alphachloralose, Alphachloralose, Alphachloralose, Bendiocarb, Bendiocarb, Bendiocarb",No Link,7fe04e8c-7ae1-4fb3-9337-62ada59d44be
5544,102730,Perth and Kinross,Scotland,Trapping,April,2021,NN82,Species targeted: Birds of Prey,No Link,8179e85e-832b-40ee-8662-be3759d36841
5545,104574,Monmouthshire,Wales,Shooting,February,2023,SO20,Species involved: Goshawk x1,No Link,6b899342-4fc5-4eb2-aa93-439db926bd51
5546,105435,Perth and Kinross,Scotland,Shooting,May,2024,NN82,Species involved: Buzzard x1,https://raptorpersecutionuk.org/2024/11/09/buzzard-found-shot-next-to-grouse-moor-in-strathbraan-perthshire/,a6e6f0af-ab8c-44eb-8ff2-c7a50dc305ae
5547,105991,Monmouthshire,Wales,Poisoning,July,2010,SO21,"Species Involved: Peregrine Falcon x2; poison bait (Pigeon Bait (Species Unknown) x1). Tested positive for: Carbofuran, Carbofuran, Carbofuran",#N/A,e7a6fff7-e10e-488f-b681-3536a1cd1377
5548,101884,Perth and Kinross,Scotland,Persecution (Other),February,2021,NN83,Species targeted: Birds of Prey,No Link,c778da16-385b-4697-8af3-375e41d1ae6a
5549,98766,Powys,Wales,Shooting,December,2016,SO21,Species involved: Buzzard x1,No Link,d2364ae6-c09c-4499-b0b3-720ca292202f
5550,103212,Shropshire,England,Trapping,October,2021,SO29,Species involved: Buzzard x3,No Link,304138a8-14f4-4b00-8532-090e8c91f5b9
5551,101885,Perth and Kinross,Scotland,Persecution (Other),January,2021,NN83,Species targeted: Birds of Prey,No Link,d8a3b7f1-d118-4113-8cfa-a12a99cc7659
5552,103214,Shropshire,England,Trapping,October,2021,SO29,Species involved: Buzzard x1,No Link,e8d87ea7-cd95-4c57-b89b-6c8b11afec4c
5553,98652,Perth and Kinross,Scotland,Poisoning,January,2015,NN84,Species involved: Red Kite x1. Tested positive for: Carbofuran,No Link,e12c8ec6-4515-4564-b773-11cfe57d92da
5554,103215,Shropshire,England,Trapping,October,2021,SO29,Species involved: Buzzard x1,No Link,4bccb57c-24d3-4253-b97c-29f7a3e1e3f4
5555,98861,Perth and Kinross,Scotland,Persecution (Other),May,2016,NN84,Species involved: Golden Eagle x1,https://www.rspb.org.uk/about-the-rspb/about-us/media-centre/press-releases/shocking-discovery-reveals-lengths-raptor-killers-will-go-to-to-conceal-crimes/ and https://www.youtube.com/watch?v=WQRSHK0XWTo&feature=youtu.be,93095cc9-1b21-49d5-9282-d9a820f1e38a
5556,94554,Monmouthshire,Wales,Poisoning,March,2011,SO31,Species involved: Buzzard x1. Tested positive for: Bendiocarb,No Link,b847720a-d669-468a-bb7b-b8eb015d2c13
5557,100249,Perth and Kinross,Scotland,Poisoning,November,2016,NN84,Species targeted: Birds of Prey. Species involved: Raven x1. Tested positive for: Withheld,No Link,c851ab5c-2685-4d8b-8eab-01ed53b6c832
5558,88656,Monmouthshire,Wales,Trapping,August,2007,SO32,Species targeted: Birds of Prey,No Link,4560e4d2-9a1a-481f-8aa5-b92e9a3d6f86
5559,100364,Perth and Kinross,Scotland,Trapping,November,2018,NN84,Species involved: Hen Harrier x1,https://www.rspb.org.uk/about-the-rspb/about-us/media-centre/press-releases/young-hen-harrier-killed-by-illegal-trap-on-perthshire-grouse-moor/,d79ad653-a980-4944-8346-c23898d4bc4a
5560,96168,Monmouthshire,Wales,Shooting,May,2013,SO32,Species involved: Peregrine Falcon x1,http://www.itv.com/news/wales/update/2013-05-22/peregrine-falcon-shot-abergavenny/,d3fd4b11-b72c-4194-8d65-5e4a1225751b
5561,91023,Perth and Kinross,Scotland,Poisoning,January,2009,NN85,Species involved: Tawny Owl x1. Tested positive for: Alphachloralose,No Link,b8c22d3b-8e56-4add-aa08-03d918bcb1b1
5562,100496,Herefordshire,England,Poisoning,November,2018,SO36,"Species involved: Red Kite x2. Tested positive for: Aldicarb, Aldicarb, Aldicarb",No Link,c9f3e980-fb03-4380-aa74-34db973c5b20
5563,91387,Perth and Kinross,Scotland,Poisoning,April,2009,NN85,Species involved: Buzzard x1. Tested positive for: Alphachloralose,No Link,ee61532a-e950-4dba-b57f-f6b3057c90cb
5564,100502,Herefordshire,England,Poisoning,December,2018,SO36,Species involved: Red Kite x1. Tested positive for: Aldicarb,No Link,5592eb6b-1d2d-4fa4-8c49-875ff2faaed4
5565,91388,Perth and Kinross,Scotland,Poisoning,April,2009,NN85,Species involved: Buzzard x1. Tested positive for: Alphachloralose,No Link,4f876296-0a9f-462e-90a3-6c77315f37b8
5566,104346,Herefordshire,England,Shooting,June,2022,SO36,Species involved: Peregrine Falcon x1,No Link,8aeaad62-d839-4c79-b205-b70e31c00343
5567,91389,Perth and Kinross,Scotland,Poisoning,April,2009,NN85,Species involved: Buzzard x1. Tested positive for: Alphachloralose,No Link,cadb1a92-0c73-409d-99e4-7fb224ae3806
5568,88917,Shropshire,England,Shooting,May,2007,SO38,Species involved: Peregrine Falcon x1,No Link,e8f61fa6-0a3e-4935-988c-c480b48f48bc
5569,91617,Perth and Kinross,Scotland,Poisoning,March,2009,NN85,Species involved: Buzzard x2. Tested positive for: Alphachloralose,No Link,65316f89-ebd1-4190-8959-586615ad3c5b
5570,89401,Shropshire,England,Trapping,July,2007,SO38,"Species targeted: Birds of Prey, Owls",No Link,ac6a650c-3ee0-4cca-8911-064d47162d45
5571,92668,Perth and Kinross,Scotland,Persecution (Other),April,2009,NN85,Species targeted: Birds of Prey. Possession of: Alphachloralose,No Link,29de6380-7df0-44e1-94a6-a57bd744584b
5572,89402,Shropshire,England,Trapping,May,2007,SO38,Species targeted: Birds of Prey,No Link,9e4a78bc-34ee-42fe-af4d-ab04028d17f7
5573,93274,Perth and Kinross,Scotland,Poisoning,July,2010,NN85,Species involved: Red Kite x1. Tested positive for: Carbofuran,No Link,88a9a251-c511-46c4-8543-5e81359e8f34
5574,89403,Shropshire,England,Shooting,July,2007,SO38,Species involved: Buzzard x1,No Link,d402d00c-b264-4755-84cd-da2ec6c5f2bb
5575,94064,Perth and Kinross,Scotland,Poisoning,April,2011,NN85,Species targeted: Birds of Prey. Species involved: Carrion Crow x1. Tested positive for: Alphachloralose,No Link,1c09d57a-aeaf-499a-b422-9c34500e2f36
5576,89404,Shropshire,England,Shooting,May,2007,SO38,Species involved: Osprey x1,No Link,1379679b-9647-4c93-a586-87dce4169d1d
5577,94231,Perth and Kinross,Scotland,Poisoning,March,2011,NN85,Species Involved: Buzzard x2; poison bait (Pheasant Bait x2). Tested positive for: Alphachloralose,No Link,8e58154f-1c80-4dc5-a02c-24b60be280ba
5578,89405,Shropshire,England,Shooting,May,2007,SO38,Species involved: Buzzard x1,No Link,0da67b90-d232-42a6-9899-47beb2025562
5579,94468,Perth and Kinross,Scotland,Poisoning,April,2011,NN85,Species targeted: Birds of Prey. Species involved: Carrion Crow x1. Tested positive for: Alphachloralose,No Link,041e6344-cc1e-4c72-ab40-3fb1659bb26b
5580,89406,Shropshire,England,Shooting,May,2007,SO38,Species involved: Buzzard x1,No Link,952f0121-bb02-4082-a8ee-b036d013efae
5581,98065,Perth and Kinross,Scotland,Poisoning,March,2015,NN85,Species involved: Buzzard x1. Tested positive for: Alphachloralose,No Link,f6c4e759-7f46-492d-a4ca-622525a322d6
5582,89407,Shropshire,England,Shooting,May,2007,SO38,Species involved: Buzzard x1,No Link,75fcc22e-f09d-4bbe-b2f0-2b62706f9680
5583,98066,Perth and Kinross,Scotland,Poisoning,March,2015,NN85,Species involved: Buzzard x1. Tested positive for: Alphachloralose,No Link,71874639-ddd6-4252-8bd5-62779aed8cae
5584,89408,Shropshire,England,Shooting,May,2007,SO38,Species involved: Buzzard x1,No Link,5930c165-cc74-495b-a523-162bfe96bf59
5585,98160,Perth and Kinross,Scotland,Poisoning,June,2015,NN85,Species involved: Buzzard x1. Tested positive for: Alphachloralose,No Link,45ba6f4f-bbb9-4616-a2d9-48c7043d0ba9
5586,90562,Shropshire,England,Trapping,May,2007,SO38,Species targeted: Birds of Prey,No Link,ec802a71-4531-4ee6-8e30-d5e2ff27225f
5587,100406,Perth and Kinross,Scotland,Poisoning,April,2018,NN85,"Species involved: Buzzard x2, Dog x3. Tested positive for: Withheld",https://www.independent.co.uk/news/uk/crime/poisoning-dogs-scotland-buzzards-raptors-gamekeeping-hunting-edradynate-pitnacree-estates-a8341431.html,f9b1ae87-a685-481d-a6f2-76e8b4f9cc69
5588,94685,Shropshire,England,Shooting,March,2011,SO38,Species involved: Barn Owl x1,No Link,3713d13a-eb8a-4acf-9ca1-1945d00be413
5589,99195,Perth and Kinross,Scotland,Trapping,May,2016,NN92,Species involved: Buzzard x1,No Link,18c0d1ee-c4fd-4a1d-ba3c-5a1d49235716
5590,93840,Shropshire,England,Trapping,August,2010,SO39,Species involved: Buzzard x1,No Link,31f8d8be-658b-4540-8a31-696bb48d0afc
5591,88432,Perth and Kinross,Scotland,Poisoning,June,2007,NN93,Species involved: Red Kite x1. Tested positive for: Carbofuran,No Link,42475b3e-a244-4c94-abcd-c7e864ad6594
5592,96750,Shropshire,England,Trapping,July,2014,SO39,Species targeted: Birds of Prey,No Link,1865552b-a1b9-47b4-92b7-f3aa4fb76839
5593,103294,Perth and Kinross,Scotland,Persecution (Other),April,2022,NN93,"Species targeted: Birds of Prey, Hen Harrier, Goshawk, Sparrowhawk, Buzzard, Peregrine Falcon, Carrion Crow, Raven",No Link,55e19e94-c75e-4aea-a911-dc5ebc14c6be
5594,96811,Shropshire,England,Poisoning,August,2014,SO39,Species involved: Red Kite x1. Tested positive for: Carbofuran,No Link,4be61bd9-81d5-4aea-889c-9a3bc63d2fc8
5595,96033,Perth and Kinross,Scotland,Persecution (Other),February,2012,NO03,Species targeted: Birds of Prey. Possession of: Carbofuran,No Link,21abfe69-4c59-40e3-9784-fefd54cf4240
5596,100407,Herefordshire,England,Poisoning,April,2018,SO42,Species involved: Red Kite x1. Tested positive for: Carbofuran,No Link,23b741ac-ed81-42db-88d6-6924fcd4f207
5597,90601,Perth and Kinross,Scotland,Shooting,May,2008,NO04,Species involved: Sparrowhawk x1,No Link,21c7e039-2b4a-4950-944e-ef15bd21f1a7
5598,100550,Herefordshire,England,Poisoning,December,2018,SO42,Species involved: Red Kite x1. Tested positive for: Carbofuran,No Link,3bf2fd67-7667-47b9-a89a-6ffacfe87d5f
5599,92157,Perth and Kinross,Scotland,Poisoning,October,2009,NO04,Species involved: Red Kite x1. Tested positive for: Carbofuran,No Link,3138284d-a6ab-4e96-b2b5-9094337ea776
5600,103580,Herefordshire,England,Poisoning,August,2021,SO42,"Species Involved: Buzzard x1; poison bait (Rabbit Bait x2). Tested positive for: Bendiocarb, Carbofuran",No Link,bdc194de-c2a3-468c-8ad1-1db39001038c
5601,96381,Perth and Kinross,Scotland,Poisoning,March,2013,NO04,Species involved: Buzzard x1. Tested positive for: Carbofuran,No Link,176956d3-3c95-4b0b-8c3b-e3ab17872535
5602,103617,Herefordshire,England,Persecution (Other),August,2021,SO42,"Species targeted: Birds of Prey, Goshawk",No Link,6a11281b-6549-4de3-b505-f9ff8e8cc54b
5603,96382,Perth and Kinross,Scotland,Poisoning,April,2013,NO04,Species involved: Buzzard x1. Tested positive for: Carbofuran,No Link,59a8a44c-eb25-4a9e-86dd-9d15ee53eb02
5604,103664,Herefordshire,England,Poisoning,August,2021,SO42,Species targeted: Birds of Prey. Species involved: poison bait (Pheasant Bait x1). Tested positive for: Bendiocarb,No Link,eae19fd1-1a06-45d4-82b6-b87ccc838dd9
5605,95854,Fife,Scotland,Trapping,July,2013,NO11,Species targeted: Birds of Prey,No Link,c15fa4b9-05af-4103-9abe-3e50a5895f03
5606,98758,Herefordshire,England,Shooting,July,2016,SO43,Species involved: Buzzard x1,http://www.herefordtimes.com/news/14987778.Buzzards_found_with_lead_shot_in_their_bodies/?commentSort=oldest,ed2e7b9d-81ad-4dd0-a989-d73600ef5253
5607,95855,Fife,Scotland,Trapping,July,2013,NO11,Species targeted: Birds of Prey,No Link,572b2663-ce43-48ff-a109-91d1024e05be
5608,100641,Herefordshire,England,Shooting,January,2017,SO46,Species involved: Buzzard x1,No Link,3255dd18-a084-43c4-b78a-4e92ecd05c8d
5609,96351,Renfrewshire,Scotland,Shooting,July,2013,NO11,Species involved: Buzzard x1,No Link,ca22a297-30e3-44fc-86b2-151682559d61
5610,100921,Herefordshire,England,Shooting,December,2019,SO46,Species involved: Red Kite x1,https://community.rspb.org.uk/ourwork/b/investigations/posts/red-kite-buzzard-illegally-shot-worcestershire-herefordshire,aa669d25-baf3-490b-bb01-73bc181519f5
5611,96354,Perth and Kinross,Scotland,Shooting,October,2013,NO14,Species involved: Buzzard x1,No Link,8e82088e-ddfb-45e8-9449-c50f993374cb
5612,95724,Herefordshire,England,Trapping,January,2013,SO47,"Species targeted: Birds of Prey, Owls",No Link,2175524e-34ee-41a3-9557-1036b515dca1
5613,101619,Perth and Kinross,Scotland,Trapping,October,2020,NO14,Species involved: Owls x1,No Link,29d0437f-aa0e-4097-9d40-eb61bfe81396
5614,95889,Herefordshire,England,Trapping,August,2013,SO47,"Species targeted: Birds of Prey, Goshawk, Owls",No Link,c76f0d39-757d-495c-ad3e-c76ce03d74af
5615,101805,Perth and Kinross,Scotland,Poisoning,January,2007,NO16,Species involved: Red Kite x1. Tested positive for: Carbofuran,No Link,937e8951-74c9-49d7-a27f-608f0d0dd679
5616,89505,Gloucestershire,England,Poisoning,September,2007,SO50,Species involved: Buzzard x1. Tested positive for: Alphachloralose,No Link,94554f15-e344-4d9e-9d6c-9784db7c2f58
5617,90341,Perth and Kinross,Scotland,Shooting,October,2008,NO23,Species involved: Buzzard x2,No Link,673af788-654a-4e5a-8794-d19c4e01a67d
5618,91597,Gloucestershire,England,Shooting,June,2009,SO50,Species involved: Peregrine Falcon x1,No Link,bb4b5a7b-8c9d-4fb2-8d91-48c15b2b18bb
5619,100722,Perth and Kinross,Scotland,Shooting,October,2008,NO23,Species involved: Buzzard x1,No Link,cca5db88-9d31-417d-90e5-4fc377843394
5620,93950,Gloucestershire,England,Nest Destruction,May,2010,SO50,Species targeted: Peregrine Falcon nest,No Link,d09db941-0e10-40eb-838f-d5eae00f53be
5621,91862,Perth and Kinross,Scotland,Poisoning,August,2009,NO23,"Species Involved: Buzzard x1; poison bait (Pheasant Bait x1). Tested positive for: Alphachloralose, Carbofuran",No Link,653317a9-7822-4fae-9b0c-5f9edd4ff6be
5622,98187,Gloucestershire,England,Shooting,April,2016,SO50,Species involved: Goshawk x1,https://raptorpersecutionscotland.wordpress.com/2016/04/25/goshawk-suffers-shotgun-injuries-to-head/,c064272f-dc41-4a98-a138-843e2fe1888f
5623,91863,Perth and Kinross,Scotland,Persecution (Other),September,2009,NO23,"Species targeted: Birds of Prey. Possession of: Alphachloralose, Carbofuran",No Link,ff3c05db-386f-4af4-b887-db918ae9b51e
5624,93324,Gloucestershire,England,Poisoning,June,2010,SO51,Species involved: Peregrine Falcon x1. Tested positive for: Diazinon/Dimpylate,No Link,cd22a743-7476-4fc5-b62a-1467585b17f0
5625,91865,Perth and Kinross,Scotland,Shooting,September,2009,NO23,Species involved: Buzzard x1,No Link,650145a3-950a-40e2-990e-9a4933335b07
5626,94077,Gloucestershire,England,Shooting,February,2011,SO51,Species involved: Eagle Owl x1,No Link,58762866-e4d1-4499-adce-490e4248d855
5627,93688,Angus,Scotland,Trapping,September,2010,NO25,Species involved: Goshawk x1,No Link,23f5c1bf-1cea-4b08-bdeb-76a51176b404
5628,100254,Herefordshire,England,Shooting,June,2018,SO52,Species involved: Peregrine Falcon x1,No Link,f6af04eb-d7ed-42d9-9156-bc424b08a625
5629,102222,Angus,Scotland,Shooting,May,2021,NO25,Species involved: Buzzard x1,No Link,e4dd703a-77cf-4f7d-a8cf-da1a315a5a36
5630,92143,Herefordshire,England,Poisoning,October,2009,SO53,Species Involved: Buzzard x1; poison bait (Pheasant Bait x1). Tested positive for: Bendiocarb,No Link,5aebfa5b-33c2-43de-bf93-66b27590ccac
5631,98163,Angus,Scotland,Trapping,July,2015,NO26,Species targeted: Birds of Prey,No Link,a405fa6f-adfd-40f1-83c1-a76864642562
5632,92722,Herefordshire,England,Poisoning,October,2009,SO53,Species targeted: Birds of Prey. Species involved: Raven x5; poison bait (Pheasant Bait x2). Tested positive for: Bendiocarb,No Link,9e9fa610-9a11-4ba2-b3ac-79421b80668c
5633,98164,Angus,Scotland,Trapping,July,2015,NO26,Species targeted: Birds of Prey,No Link,640e93de-54b9-4fc8-940f-df71ab70e494
5634,92723,Herefordshire,England,Poisoning,October,2009,SO53,Species Involved: Buzzard x1; poison bait (Pheasant Bait x1). Tested positive for: Bendiocarb,No Link,e8b8122a-f50c-4c4c-8e37-c9b868ec1aac
5635,98165,Angus,Scotland,Trapping,July,2015,NO26,Species targeted: Birds of Prey,No Link,df2a1533-5dcf-4c86-ac22-972e596c3cdc
5636,92726,Herefordshire,England,Poisoning,November,2009,SO53,"Species targeted: Birds of Prey, Raven. Species involved: poison bait (Pheasant Bait x1). Tested positive for: Bendiocarb",No Link,5eb56493-3712-4c2b-a62b-fa3bd01cbd8a
5637,98166,Angus,Scotland,Trapping,July,2015,NO26,Species targeted: Birds of Prey,https://raptorpersecutionscotland.wordpress.com/2017/05/12/brewlands-estate-inadmissible-pole-trapping-video-released/,73678563-38a8-4d47-91b3-73b5445b336b
5638,92727,Herefordshire,England,Poisoning,November,2009,SO53,Species targeted: Birds of Prey. Species involved: Raven x1. Tested positive for: Bendiocarb,No Link,c8e254b9-3332-4a5a-b0ea-3f90a79a0d36
5639,102070,Angus,Scotland,Trapping,March,2021,NO26,Species targeted: Birds of Prey,No Link,cade1826-ace3-4fb7-95a6-cc257e350bdf
5640,105319,Angus,Scotland,Shooting,August,2024,NO27,Species involved: Osprey x1,https://www.bbc.co.uk/news/articles/czxlpwwx0deo,366886f8-e84b-41b5-ab22-d6a52da5c227
5641,92728,Herefordshire,England,Poisoning,November,2009,SO53,"Species targeted: Birds of Prey, Raven. Species involved: poison bait (Pigeon Bait (Species Unknown) x1). Tested positive for: Bendiocarb",No Link,cabb84fc-44c7-4d4e-a54d-38ca020e719d
5642,100744,Aberdeenshire,Scotland,Trapping,August,2019,NO29,Species involved: Golden Eagle x1,https://www.birdguides.com/news/photo-of-golden-eagle-with-illegal-trap-on-its-leg-shocks-public/,0361fd42-0107-4eff-ba19-2093c03fe940
5643,92729,Herefordshire,England,Poisoning,November,2009,SO53,"Species targeted: Birds of Prey, Raven. Species involved: poison bait (Pheasant Bait x2). Tested positive for: Bendiocarb",No Link,35cf0077-8221-4c65-a108-3d29ec5a5120
5644,102071,Aberdeenshire,Scotland,Poisoning,March,2021,NO29,Species targeted: Birds of Prey. Species involved: poison bait (Rabbit Bait x1). Tested positive for: Withheld,No Link,86a2d5ee-f43d-41e6-921d-062c298a4df0
5645,92748,Herefordshire,England,Poisoning,November,2009,SO53,Species involved: Buzzard x1. Tested positive for: Bendiocarb,No Link,df50704e-62c1-4d7a-b299-520ec219e4dc
5646,102073,Aberdeenshire,Scotland,Poisoning,March,2021,NO29,Species Involved: Golden Eagle x1; poison bait (Hare Bait). Tested positive for: Withheld,https://www.scotland.police.uk/what-s-happening/news/2021/may/officers-are-continuing-enquiries-into-the-poisoning-of-a-bird-of-prey-found-dead-near-to-crathie-in-aberdeenshire/,95dd1362-329f-44fb-b281-119c402794a4
5647,92749,Herefordshire,England,Persecution (Other),November,2009,SO53,"Species targeted: Birds of Prey, Corvidae, Raven. Possession of: Bendiocarb",No Link,84da53c8-3473-4e2b-a206-4e45ebc9e693
5648,94881,Fife,Scotland,Persecution (Other),May,2011,NO30,Species targeted: Peregrine Falcon,No Link,98f577ec-41b8-48fe-9a57-85a70f65812b
5649,92751,Herefordshire,England,Poisoning,November,2009,SO53,"Species targeted: Birds of Prey, Corvidae. Species involved: poison bait (Meat x1). Tested positive for: Bendiocarb",No Link,f195d0e1-026e-4ee5-b774-8eede32b0429
5650,88747,Angus,Scotland,Trapping,August,2007,NO35,Species involved: Kestrel x3,No Link,f15204d3-9e10-4f30-b831-a2c249a5a25a
5651,92752,Herefordshire,England,Poisoning,November,2009,SO53,"Species targeted: Birds of Prey, Corvidae, Raven. Species involved: poison bait (Pheasant Bait x1). Tested positive for: Bendiocarb",No Link,10ff849a-9d15-4e13-b3b3-fe4a3d597d58
5652,94771,Angus,Scotland,Trapping,August,2010,NO35,Species involved: Tawny Owl x1,No Link,dbc01c77-5377-4f20-8bb7-91a77e05bbf8
5653,92753,Herefordshire,England,Poisoning,November,2009,SO53,"Species targeted: Birds of Prey, Corvidae, Raven. Species involved: poison bait (Pheasant Bait, Pheasant Bait, Pheasant Bait x1). Tested positive for: Bendiocarb, Bendiocarb, Bendiocarb",No Link,e3f38556-0054-4b32-ab7f-3139c2aee497
5654,94277,Angus,Scotland,Trapping,June,2011,NO36,Species involved: Kestrel x1,No Link,7e068ee8-84a4-4f91-bb7b-4d6837c2eaf4
5655,92754,Herefordshire,England,Poisoning,November,2009,SO53,"Species targeted: Birds of Prey, Corvidae, Raven. Species involved: poison bait (Pheasant Bait x1). Tested positive for: Bendiocarb",No Link,4b4eb2cb-abcb-4d14-bf09-1e3742acf13e
5656,106203,Angus,Scotland,Trapping,June,2011,NO36,Species involved: Merlin x1,#N/A,947d26b5-06e0-41b1-8ae1-445bf9a3ab9d
5657,92755,Herefordshire,England,Poisoning,November,2009,SO53,"Species targeted: Birds of Prey, Raven. Species involved: poison bait (Pheasant Bait x1). Tested positive for: Bendiocarb",No Link,eebf05f5-4b95-4d49-bfe2-d8e9a2843f3e
5658,96316,Angus,Scotland,Trapping,July,2013,NO36,Species targeted: Birds of Prey,No Link,e48115b5-4986-4b61-bfaf-874e41a566eb
5659,98759,Herefordshire,England,Shooting,November,2016,SO53,Species involved: Buzzard x1,http://www.herefordtimes.com/news/14987778.Buzzards_found_with_lead_shot_in_their_bodies/?commentSort=oldest,cc76f41c-1de1-4d98-b1a2-e19d913eb39e
5660,96211,Angus,Scotland,Nest Destruction,January,2013,NO38,Species targeted: White-tailed Eagle nest,https://www.bbc.co.uk/news/uk-scotland-tayside-central-22872502,deff414a-cbe5-48f8-b7f9-f4515eb2b71e
5661,90911,Herefordshire,England,Shooting,August,2008,SO54,Species involved: Hobby x1,No Link,30eb51a9-fc51-41de-b644-54838943d8ae
5662,93898,Aberdeenshire,Scotland,Shooting,April,2011,NO39,Species involved: Peregrine Falcon x1,No Link,278bb31e-bb27-45c0-af1e-1fffa633df38
5663,100640,Herefordshire,England,Shooting,January,2017,SO54,Species involved: Buzzard x1,No Link,27f69d9f-62fa-46a8-97c8-c9067727322a
5664,99203,Aberdeenshire,Scotland,Trapping,July,2016,NO39,Species targeted: Birds of Prey,https://www.rspb.org.uk/our-work/rspb-news/news/422521-illegal-bird-traps-discovered-on-deeside-grouse-moor-,717139b3-2d1e-4309-b022-d5ae363c8f44
5665,98760,Herefordshire,England,Shooting,November,2016,SO55,Species involved: Buzzard x1,http://www.herefordtimes.com/news/14987778.Buzzards_found_with_lead_shot_in_their_bodies/?commentSort=oldest,e782c039-9583-4759-b8ef-164318856ca2
5666,91616,Angus,Scotland,Poisoning,June,2009,NO45,Species involved: Red Kite x1. Tested positive for: Alphachloralose,No Link,ddfaa326-7124-4cfe-a4b7-0fbb58320926
5667,105051,Herefordshire,England,Shooting,April,2023,SO56,Species involved: Buzzard x1,No Link,d714dd04-bbae-4d3d-834a-35ead2b24be1
5668,93851,Angus,Scotland,Trapping,February,2011,NO45,Species involved: Buzzard x1,No Link,5f6392a6-4d98-4f48-a6aa-e2edad825563
5669,92972,Shropshire,England,Poisoning,May,2010,SO57,Species involved: Peregrine Falcon x2. Tested positive for: Diazinon/Dimpylate,No Link,0dd7ab21-6719-4f90-be23-bbc9fcffbabf
5670,94566,Perth and Kinross,Scotland,Trapping,March,2011,NO45,Species involved: Buzzard x3,No Link,7012c263-c651-4b64-8cfa-206c6a67d135
5671,94261,Shropshire,England,Poisoning,April,2011,SO57,Species involved: Peregrine Falcon x1. Tested positive for: Diazinon/Dimpylate,No Link,94df22cf-aaf7-4231-8b57-fc6a15017744
5672,105802,Angus,Scotland,Shooting,May,2024,NO45,Species involved: Red Kite x1,Blank,2452ba20-e284-4483-83dc-53dc31299c04
5673,97591,Shropshire,England,Poisoning,June,2015,SO57,Species involved: Peregrine Falcon x1. Tested positive for: Diazinon/Dimpylate,https://www.itv.com/news/central/2015-11-10/1-000-reward-offered-after-peregrine-found-poisoned-shropshire,97df3894-4f06-4020-9078-9d62c7f1432b
5674,89654,Angus,Scotland,Poisoning,May,2008,NO46,"Species involved: White-tailed Eagle x1. Tested positive for: Bendiocarb, Carbofuran, Isofenphos",https://ww2.rspb.org.uk/our-work/rspb-news/news/details.aspx?id=tcm:9-202977,9e596a9c-e39c-4db6-be0a-ff9d4a223ab6
5675,99121,Shropshire,England,Poisoning,May,2017,SO57,"Species Involved: Peregrine Falcon x2; poison bait (Pigeon Bait (Species Unknown) x1). Tested positive for: Bendiocarb, Diazinon/Dimpylate",https://www.rspb.org.uk/about-the-rspb/about-us/media-centre/press-releases/peregrine-chicks-saved-after-parents-found-illegally-killed/,779007e7-4d69-4bc5-a424-c4bfb566253e
5676,89655,Angus,Scotland,Poisoning,May,2008,NO46,Species involved: Buzzard x1. Tested positive for: Bendiocarb,No Link,f79cee51-1757-43ea-b6f2-c189497775d8
5677,101979,Shropshire,England,Poisoning,May,2021,SO57,"Species Involved: Peregrine Falcon x1, Fox x1; poison bait (Pigeon Bait (Species Unknown) x1). Tested positive for: Aldicarb",https://www.birdguides.com/news/peregrine-suspected-as-poisoned-in-shropshire/,d3abbe7a-8705-4bfe-854f-24264542d5e4
5678,89656,Angus,Scotland,Poisoning,May,2008,NO46,"Species targeted: Birds of Prey. Species involved: poison bait (Hare Bait x1, Meat x4). Tested positive for: Bendiocarb, Carbofuran, Isofenphos",No Link,a478b8d0-120a-43de-bc57-4f3e3c09a7bf
5679,104341,Gloucestershire,England,Shooting,March,2022,SO60,Species involved: Goshawk x1,https://www.nwcu.police.uk/news/wildlife-crime-press-coverage/two-birds-of-prey-found-dead-in-forest-of-dean/,4dfe3986-f72c-44df-bd46-68f132a69b44
5680,90342,Angus,Scotland,Poisoning,May,2008,NO46,"Species targeted: Birds of Prey. Species involved: poison bait (Meat x5). Tested positive for: Bendiocarb, Carbofuran, Isofenphos",No Link,f5b891c9-debe-48b9-aed2-4c33ebc2234b
5681,105658,Gloucestershire,England,Shooting,March,2024,SO62,Species involved: Goshawk x1,https://www.bbc.co.uk/news/uk-england-gloucestershire-68726655,59f598c4-b41b-4b98-aec7-7313d8ba49d8
5682,90344,Angus,Scotland,Poisoning,May,2008,NO46,"Species targeted: Birds of Prey. Species involved: poison bait (Meat x5). Tested positive for: Bendiocarb, Carbofuran, Isofenphos",No Link,abaca705-223b-4f5d-a740-13583f590570
5683,92020,Herefordshire,England,Shooting,September,2009,SO63,Species involved: Buzzard x1,No Link,fac2cd98-dad5-421c-9bef-56a18eefa50a
5684,90345,Angus,Scotland,Poisoning,May,2008,NO46,"Species targeted: Birds of Prey. Species involved: poison bait (Meat x7). Tested positive for: Bendiocarb, Carbofuran, Isofenphos",No Link,6513e60e-4d0a-4ef9-bc1a-1f4a4af6fe3b
5685,92462,Herefordshire,England,Shooting,January,2010,SO63,Species involved: Peregrine Falcon x1,No Link,6fc14ad9-d9ca-4358-b334-d81ccbbfac43
5686,90347,Angus,Scotland,Poisoning,May,2008,NO46,"Species targeted: Birds of Prey. Species involved: poison bait (Meat x8). Tested positive for: Bendiocarb, Carbofuran, Isofenphos",No Link,40738105-9bab-4155-bf39-fb752b16335b
5687,99606,Worcestershire,England,Shooting,October,2017,SO66,Species involved: Buzzard x1,No Link,25a136e2-f91e-4f95-870c-a31cf6f2e7a2
5688,90349,Angus,Scotland,Poisoning,May,2008,NO46,"Species targeted: Birds of Prey. Species involved: poison bait (Meat x3). Tested positive for: Bendiocarb, Carbofuran, Isofenphos",No Link,c28913fe-d7ea-4d19-9e83-12334a253699
5689,99607,Worcestershire,England,Shooting,October,2017,SO66,Species involved: Buzzard x1,No Link,5fc51cf8-f946-45dd-9568-b85da4d1a265
5690,90413,Angus,Scotland,Poisoning,October,2008,NO46,Species targeted: Birds of Prey. Species involved: poison bait (Meat x1). Tested positive for: Carbofuran,No Link,d5f95867-8379-4f71-8af4-577cbd2e57da
5691,101302,Worcestershire,England,Shooting,May,2019,SO66,Species involved: Red Kite x1,No Link,2d0f19b8-24f8-450a-bd67-c7688de5ebde
5692,91467,Angus,Scotland,Poisoning,March,2009,NO46,Species involved: Buzzard x1. Tested positive for: Carbofuran,No Link,df37e299-f1f4-4cee-b70f-86a3ac5396ae
5693,106022,Worcestershire,England,Shooting,August,2024,SO66,Species involved: Goshawk x1,Blank,08022ea9-5370-42c3-8dea-a5e969101791
5694,91469,Angus,Scotland,Poisoning,March,2009,NO46,Species involved: Buzzard x1. Tested positive for: Carbofuran,No Link,bbf160ba-39b6-4e0f-9b04-ac5923f1298d
5695,100348,Worcestershire,England,Poisoning,October,2018,SO67,Species Involved: Buzzard x2; poison bait (Pheasant Bait x1). Tested positive for: Bendiocarb,No Link,be5b8f4f-e031-4f03-89d9-e1dab8716eab
5696,92477,Angus,Scotland,Poisoning,June,2009,NO46,Species involved: White-tailed Eagle x1. Tested positive for: Carbofuran,No Link,7e967470-ddab-490c-a58d-db6b7362251a
5697,106200,Worcestershire,England,Poisoning,September,2018,SO67,Species Involved: Buzzard x1; poison bait (Pheasant Bait x1). Tested positive for: Bendiocarb,#N/A,699c7171-7aa9-4e97-8827-4539dc00f8dc
5698,93616,Angus,Scotland,Poisoning,October,2010,NO46,Species targeted: Birds of Prey. Species involved: poison bait (Pigeon Bait (Species Unknown) x1). Tested positive for: Carbofuran,No Link,2aa1e4a9-7c54-4573-8441-d21fae8c6f37
5699,101287,Worcestershire,England,Poisoning,August,2019,SO67,"Species Involved: Buzzard x1; poison bait (Pheasant Bait x1). Tested positive for: Bendiocarb, Carbofuran",No Link,d779910d-f1a4-471e-b485-4b9967f5d6e0
5700,93617,Angus,Scotland,Poisoning,October,2010,NO46,Species Involved: Buzzard x1; poison bait (Pigeon Bait (Species Unknown) x1). Tested positive for: Carbofuran,No Link,4feabcca-19e8-4482-9a17-4316f171d33d
5701,101309,Worcestershire,England,Poisoning,November,2019,SO67,Species targeted: Birds of Prey. Species involved: Raven x2. Tested positive for: Diazinon/Dimpylate,No Link,cc5a9278-389b-40b4-b4b6-490d465f4704
5702,93619,Angus,Scotland,Poisoning,September,2010,NO46,Species involved: Buzzard x1. Tested positive for: Alphachloralose,No Link,08c382cb-0230-4823-a770-b0a1f240b72b
5703,99096,Shropshire,England,Shooting,October,2016,SO69,Species involved: Red Kite x1,No Link,9f50feec-e807-4b46-8ab9-378c9a21a970
5704,93705,Angus,Scotland,Poisoning,May,2010,NO46,Species involved: Red Kite x1. Tested positive for: Carbofuran,No Link,06281b75-b32f-45d1-a3fd-6c7b3a51f23a
5705,100931,Gloucestershire,England,Shooting,January,2020,SO72,Species involved: Kestrel x1,https://community.rspb.org.uk/ourwork/b/investigations/posts/police-investigate-deaths-of-three-kestrels,4b9a12c2-97f7-44d1-95c7-ee67eb53afdb
5706,96217,Angus,Scotland,Shooting,June,2013,NO46,Species involved: Buzzard x1,No Link,3f3dc93a-ea6b-43c1-9f66-7505fefe11c2
5707,88794,Gloucestershire,England,Shooting,October,2007,SO73,Species involved: Buzzard x1,No Link,c0a9b4af-37d7-49a8-b24a-61e6e3beb872
5708,96223,Angus,Scotland,Trapping,September,2013,NO46,Species targeted: Birds of Prey,No Link,478b082d-4064-47f7-9200-a2d3efb438fe
5709,90082,Herefordshire,England,Shooting,July,2008,SO73,Species involved: Peregrine Falcon x1,No Link,538bbb68-f6cc-45a5-88b3-161b98ff0cec
5710,96359,Angus,Scotland,Poisoning,November,2013,NO47,Species involved: Golden Eagle x1. Tested positive for: Carbofuran,https://raptorpersecutionscotland.wordpress.com/2013/12/19/golden-eagle-found-poisoned-on-angus-grouse-moor/,17bd8364-d23a-4d37-97c1-1f7691051b8b
5711,89939,Worcestershire,England,Nest Destruction,April,2008,SO74,Species targeted: Peregrine Falcon nest,No Link,38d883ff-a5c9-4e68-b839-400870df834b
5712,105645,Angus,Scotland,Shooting,September,2024,NO47,Species involved: Peregrine Falcon x1,https://raptorpersecutionuk.org/2024/10/10/peregrine-found-shot-in-notorious-grouse-moor-area-in-angus-glens/,0ba0be32-5168-4caf-b359-034b7b822c2e
5713,100932,Worcestershire,England,Shooting,January,2020,SO76,Species involved: Buzzard x1,https://community.rspb.org.uk/ourwork/b/investigations/posts/red-kite-buzzard-illegally-shot-worcestershire-herefordshire,a61d9960-a8e9-4cc1-9d5a-03a050213acf
5714,95445,Angus,Scotland,Trapping,February,2012,NO48,Species involved: Buzzard x1,No Link,2d4bae2b-1616-496e-a53e-4cacc4c2d212
5715,97480,Shropshire,England,Poisoning,July,2015,SO77,"Species Involved: Buzzard x1; poison bait (Pheasant Bait x1). Tested positive for: Bendiocarb, Carbofuran",No Link,9b8f0b83-e7c6-4f46-9e4c-6d01a317c9d2
5716,100971,Angus,Scotland,Trapping,April,2019,NO53,Species involved: Sparrowhawk x1,https://www.scottishspca.org/news/scottish-spca-appeal-for-information-after-sparrowhawk-found-tethered-in-carnoustie,1fa4618e-c0d8-4c0a-943a-ed4a18a6783c
5717,105381,Shropshire,England,Poisoning,August,2015,SO77,"Species targeted: Birds of Prey. Species involved: poison bait (Pheasant Bait x1). Tested positive for: Bendiocarb, Carbofuran, Cabaryl",#N/A,d9afb96a-8b4d-4a95-8b26-052c6a2fb4d5
5718,96339,Angus,Scotland,Poisoning,February,2013,NO54,Species targeted: Birds of Prey. Species involved: poison bait (Pigeon Bait (Species Unknown) x1). Tested positive for: Carbofuran,No Link,e3666013-9d21-411c-905a-739e89c589ce
5719,102890,Shropshire,England,Trapping,September,2021,SO78,Species involved: Buzzard x1,https://raptorpersecutionuk.org/2021/10/04/buzzard-caught-in-primitive-illegal-trap-set-inside-pheasant-pen-in-shropshire/,f0298a2e-9219-4b43-bb8c-94ca8ad130d6
5720,96340,Angus,Scotland,Persecution (Other),April,2013,NO54,Species targeted: Birds of Prey. Possession of: Carbofuran,No Link,13f4efe2-3cbf-4513-a5de-c299456bcea9
5721,100355,Gloucestershire,England,Shooting,April,2018,SO81,Species involved: Sparrowhawk x1,No Link,04f169fd-14e9-48e5-bd0e-80660694894b
5722,92310,Angus,Scotland,Persecution (Other),July,2009,NO57,Species targeted: Birds of Prey. Possession of: Alphachloralose,No Link,e890069e-3a36-42be-b268-15f927d0f64d
5723,89980,West Midlands,England,Trapping,May,2008,SO88,Species targeted: Peregrine Falcon,No Link,b608ad4a-8fed-42d9-ae59-6dca06ce6871
5724,92400,Angus,Scotland,Poisoning,April,2009,NO57,Species involved: Buzzard x1. Tested positive for: Alphachloralose,No Link,c94f622e-bc1b-48eb-8ac5-3b3e3793efe1
5725,102035,Gloucestershire,England,Nest Destruction,June,2021,SO91,Species targeted: Goshawk nest,"https://www.nwcu.police.uk/news/nwcu-police-press-releases/restorative-justice-used-following-tree-felling-incident-which-led-to-destruction-of-bird-nest/#:~:text=A%20man%20who%20unknowingly%20destroyed,a%20successful%20restorative%20justice%20outcome.&t",9d0cf931-3420-4cd4-a30c-0de581bc4bd5
5726,94134,Angus,Scotland,Shooting,April,2011,NO57,Species involved: Buzzard x1,No Link,4ce04e8f-e5ac-4948-81a0-6ca83380e8f8
5727,101259,Worcestershire,England,Shooting,August,2019,SO94,Species involved: Sparrowhawk x1,No Link,ee4c457d-0fa9-4cc0-a83c-541697c9b560
5728,101362,Angus,Scotland,Shooting,October,2019,NO57,Species involved: Buzzard x1,No Link,b19cc91c-8788-459e-8a8b-481bf15118e9
5729,88955,West Midlands,England,Shooting,November,2007,SO99,Species involved: Sparrowhawk x1,No Link,ab2b8aa1-e79c-4703-ae1a-b7c4301f96a0
5730,101363,Angus,Scotland,Persecution (Other),October,2019,NO57,"Species targeted: Goshawk, Sparrowhawk, Buzzard, Peregrine Falcon, Tawny Owl, Long-eared Owl, Short-eared Owl, Carrion Crow, Raven, Hooded Crow",No Link,6e1839b5-4137-4eb8-99f5-35612a019fdd
5731,93784,West Midlands,England,Shooting,March,2010,SO99,Species involved: Sparrowhawk x1,No Link,fe92c2cb-b6bb-43ea-a796-18b14f3f4270
5732,101364,Angus,Scotland,Shooting,October,2019,NO57,Species involved: Buzzard x1,No Link,73fd2caf-737e-407e-8f1c-0794dda4fb22
5733,96535,West Midlands,England,Shooting,April,2013,SO99,Species involved: Buzzard x1,No Link,5c8c2369-dcfd-4e82-bd1c-2b8d4201981f
5734,101366,Angus,Scotland,Shooting,October,2019,NO57,Species involved: Buzzard x1,No Link,68e11880-f9c6-4ddc-95b5-0abdea1b77f7
5735,104431,Gloucestershire,England,Poisoning,March,2023,SP00,Species involved: Red Kite x1. Tested positive for: Bendiocarb,No Link,d8a168cd-3663-4140-9f7c-fa2e8473184a
5736,101367,Angus,Scotland,Shooting,October,2019,NO57,Species involved: Buzzard x1,No Link,cd625997-b537-4c5b-a523-e7e1b7a66f9d
5737,101953,Gloucestershire,England,Shooting,March,2021,SP01,Species involved: Red Kite x1,https://www.wiltsglosstandard.co.uk/news/19238010.protected-red-kite-bird-prey-shot-north-cirencester/,68a5b880-62f7-4604-ba20-afc42eab7145
5738,101368,Angus,Scotland,Shooting,October,2019,NO57,Species involved: Buzzard x1,No Link,77d78a0b-c237-4201-8962-81182725bf86
5739,105020,Gloucestershire,England,Shooting,February,2023,SP01,Species involved: Red Kite x1,No Link,3a5763b5-d4be-44fc-aabf-db7e85d729d7
5740,101369,Angus,Scotland,Shooting,October,2019,NO57,Species involved: Buzzard x1,No Link,ffc317dc-a56f-4f32-8f29-093963440926
5741,98735,Gloucestershire,England,Trapping,August,2016,SP02,Species targeted: Birds of Prey,No Link,9fd012ff-afb7-4caa-9b42-8379e0aa0a9d
5742,101370,Angus,Scotland,Shooting,October,2019,NO57,Species involved: Buzzard x1,No Link,d9b18051-2ec9-466e-87f8-7387a837e88e
5743,100313,West Midlands,England,Shooting,January,2019,SP06,Species involved: Buzzard x1,No Link,ab792a3d-d43b-4274-9fa2-c6439a9a6af4
5744,97118,West Midlands,England,Poisoning,April,2014,SP09,Species involved: Peregrine Falcon x1. Tested positive for: Aldicarb,No Link,c8597f51-dc7a-4f41-87bc-a8db2504cc4b
5745,101371,Angus,Scotland,Shooting,October,2019,NO57,Species involved: Buzzard x1,No Link,1759b5e6-0c94-4149-b643-a186555715d4
5746,94262,Gloucestershire,England,Poisoning,May,2011,SP11,"Species involved: Red Kite x1. Tested positive for: Brodifacoum, Bendiocarb, Bromadiolone",No Link,f7379996-ae6a-45f1-ad07-9c7d604414ef
5747,101372,Angus,Scotland,Shooting,October,2019,NO57,Species involved: Buzzard x1,No Link,1a0368c7-509d-4f73-8956-b1b419c6fd7c
5748,100200,Gloucestershire,England,Trapping,October,2018,SP11,Species involved: Buzzard x2,No Link,05488844-9581-4c77-857d-bc8fa5b902c3
5749,101797,Angus,Scotland,Trapping,October,2019,NO57,Species targeted: Birds of Prey,No Link,4c8acd07-4eee-40fe-8b8d-0207213fe1f6
5750,101393,Gloucestershire,England,Shooting,August,2020,SP11,Species involved: Peregrine Falcon x1,https://www.nwcu.police.uk/news/wildlife-crime-press-coverage/despicable-killing-of-peregrine-falcon-condemned-by-gloucestershire-police/,8943b729-d666-4beb-8160-f12f95ceb0d1
5751,101821,Angus,Scotland,Shooting,October,2019,NO57,Species involved: Buzzard x1,No Link,e6f26ab9-01a3-42dc-91aa-f973c295a9d8
5752,105029,Gloucestershire,England,Poisoning,July,2023,SP11,Species involved: Red Kite x1. Tested positive for: Bendiocarb,No Link,9a5a6007-d5a4-4ee3-befa-cb7a5d26c3be
5753,91723,Angus,Scotland,Poisoning,July,2009,NO58,Species involved: Golden Eagle x1. Tested positive for: Carbofuran,https://raptorpersecutionscotland.wordpress.com/2010/03/03/golden-eagle-alma-poisoned-on-millden-estate-angus/,a2b2b82c-7263-42fd-b9a6-c0927357f93d
5754,99274,Warwickshire,England,Trapping,July,2017,SP16,Species targeted: Birds of Prey,No Link,dd08ac19-4616-46ed-becf-887a3e1bfe8c
5755,93663,Angus,Scotland,Trapping,March,2010,NO58,Species targeted: Birds of Prey,No Link,f40d51cf-c8f6-4470-8d9f-5d71ebc0dcf5
5756,99275,Warwickshire,England,Trapping,July,2017,SP16,Species targeted: Birds of Prey,No Link,e1dfeda0-4f1a-42f0-a89f-87c2e718ebf5
5757,95450,Angus,Scotland,Trapping,April,2012,NO58,Species involved: Golden Eagle x1,https://www.walkhighlands.co.uk/news/rspb-offers-1k-reward-after-dead-eagle-found/007682/,4fefaf3b-616e-4467-9a1a-f3a36eeae1e1
5758,100607,Gloucestershire,England,Poisoning,May,2019,SP20,Species involved: Red Kite x1. Tested positive for: Bendiocarb,No Link,d8d0caac-4867-4936-9533-66048c2f8121
5759,104994,Angus,Scotland,Trapping,January,2023,NO58,Species involved: Barn Owl x1,https://www.thecourier.co.uk/fp/news/angus-mearns/4064515/dead-barn-owl-angus-glens/),2f7ac2ec-7d99-4a31-962c-1dcb188b5c04
5760,94158,Warwickshire,England,Shooting,March,2011,SP24,Species involved: Sparrowhawk x1,No Link,7fd71eb3-fb83-4791-a0f6-a39d876c109f
5761,89532,Aberdeenshire,Scotland,Trapping,August,2007,NO59,Species involved: Buzzard x2,No Link,7e80416e-4c09-48db-abae-e7d6ede95299
5762,98467,Warwickshire,England,Shooting,February,2015,SP27,Species involved: Buzzard x1,No Link,c10c5626-215b-4a68-b13b-8b905e585c95
5763,95842,Aberdeenshire,Scotland,Shooting,April,2013,NO59,Species involved: Red Kite x1,No Link,60284227-5717-4ec6-9db4-6b098e59182e
5764,101241,West Midlands,England,Shooting,May,2019,SP28,Species involved: Peregrine Falcon x1,https://raptorpersecutionscotland.wordpress.com/2019/05/17/peregrine-found-injured-at-a-west-midlands-quarry-had-been-shot/,75829772-08f4-4c35-adc4-e751c458817a
5765,99220,Angus,Scotland,Shooting,May,2016,NO65,Species involved: Buzzard x1,No Link,d8cfb30b-53ca-4027-b23a-f20ac6be924e
5766,95378,Oxfordshire,England,Nest Destruction,July,2012,SP30,Species targeted: Hobby nest,No Link,2910d2da-e154-4cd1-a3e0-5e73e27f012c
5767,95468,Aberdeenshire,Scotland,Shooting,October,2012,NO67,Species involved: Hen Harrier x1,No Link,f8fd5827-5532-4742-b7e4-c0b5195ccaf5
5768,101907,Oxfordshire,England,Trapping,October,2018,SP32,Species targeted: Birds of Prey,No Link,9172c3e0-d738-416d-8504-efb3703538f0
5769,89896,Aberdeenshire,Scotland,Poisoning,March,2008,NO69,"Species targeted: Birds of Prey. Species involved: poison bait (Pigeon Bait (Species Unknown) x1, Pheasant Bait x1, Rabbit Bait x1). Tested positive for: Carbofuran",No Link,c9ffdbc0-2a51-4e25-a33e-714e5daf578c
5770,101908,Oxfordshire,England,Trapping,October,2018,SP32,Species targeted: Birds of Prey,No Link,ec8b16df-b6df-4f4a-b6bb-e294863ccd15
5771,101810,Aberdeenshire,Scotland,Persecution (Other),June,2008,NO69,Species targeted: Birds of Prey. Possession of: Carbofuran,No Link,b27371b3-4b88-4aa5-b2ed-6d4cc318f4f1
5772,101909,Oxfordshire,England,Trapping,October,2018,SP32,Species targeted: Birds of Prey,No Link,a944df76-ee42-4157-b9ae-ffe3f1454357
5773,101770,Aberdeenshire,Scotland,Shooting,May,2007,NO76,Species involved: Buzzard x1,No Link,794b2653-e526-4046-b8f1-6aa3618492db
5774,97668,Warwickshire,England,Trapping,October,2015,SP38,Species involved: Tawny Owl x1,https://news.rspca.org.uk/2015/10/13/appeal-after-owl-is-found-hanged-from-tree-by-string/,cf271b76-90c5-4056-b72a-3f1cba370b48
5775,100046,Aberdeenshire,Scotland,Shooting,March,2018,NO76,Species involved: Goshawk x1,https://raptorpersecutionscotland.wordpress.com/2018/10/17/shot-goshawk-found-dead-in-angus/,3868b781-5988-4b8d-8b45-13daa4543ce9
5776,104478,Oxfordshire,England,Trapping,January,2022,SP50,Species involved: Barn Owl x1,No Link,d6ef2223-2c93-4aab-a1e8-147dabdfbfd9
5777,89954,Aberdeenshire,Scotland,Trapping,March,2008,NO79,Species involved: Goshawk x1,No Link,390ec030-3704-42a6-bccc-2e17215d0942
5778,90274,Buckinghamshire,England,Shooting,September,2008,SP53,Species involved: Buzzard x1,No Link,4bdd1ae2-dade-4e28-97a0-04350af72179
5779,96030,Argyll and Bute,Scotland,Shooting,June,2012,NR38,Species involved: Golden Eagle x1,No Link,2a454b10-a494-48f6-ae0e-f266ff159db6
5780,98074,Northamptonshire,England,Shooting,February,2015,SP54,Species involved: Red Kite x1,No Link,789fe304-00e8-4b40-b81c-43591340c0ca
5781,89460,South Ayrshire,Scotland,Shooting,November,2007,NS31,Species involved: Buzzard x1,No Link,5e0f6577-37f6-4a99-aaf5-df4489833de4
5782,99676,Warwickshire,England,Shooting,March,2018,SP57,Species involved: Peregrine Falcon x1,https://rugbyobserver.co.uk/news/falcon-which-nested-at-town-centre-church-found-shot/,83c676fc-cbdf-4b0a-9b38-789ae94974b0
5783,99307,South Ayrshire,Scotland,Poisoning,April,2016,NS31,Species involved: Buzzard x1. Tested positive for: Strychnine,https://www.scottishspca.org/newsroom/latest-news/appeal-after-buzzard-poisoned/,c069950b-d8e1-4764-a907-70c34eb3c88e
5784,96933,Leicestershire,England,Shooting,December,2014,SP59,Species involved: Barn Owl x1,No Link,1fdcad16-d465-4532-b23a-5cd3be55786f
5785,104202,Renfrewshire,Scotland,Shooting,April,2022,NS35,Species involved: Sparrowhawk x1,https://www.scottishspca.org/news/appeal-for-information-after-sparrowhawk-shot-in-lochwinnoch,1ed3443a-828f-4cfc-b797-376759ea052c
5786,99984,Buckinghamshire,England,Shooting,July,2018,SP61,Species involved: Red Kite x1,No Link,1292753d-5a93-4a2e-871d-4b4ca25da844
5787,92071,West Dunbartonshire,Scotland,Trapping,September,2009,NS38,Species targeted: Birds of Prey,No Link,12b8e4fd-2aee-4376-b410-f0573142101a
5788,89213,Northamptonshire,England,Shooting,March,2008,SP65,Species involved: Buzzard x1,No Link,ff20766b-0862-40fd-a346-dc84ebee1d6a
5789,89016,South Ayrshire,Scotland,Poisoning,April,2007,NS42,Species targeted: Birds of Prey. Species involved: Cat x2. Tested positive for: Carbofuran,No Link,ffa38a2e-c7a6-42a1-ae0d-6ef4b64c011b
5790,100191,Northamptonshire,England,Poisoning,September,2018,SP66,Species involved: Red Kite x1. Tested positive for: Bendiocarb,No Link,05835432-a53b-4774-8a02-f94aaa5875ce
5791,89038,South Ayrshire,Scotland,Poisoning,May,2007,NS42,Species involved: Peregrine Falcon x1. Tested positive for: Carbofuran,No Link,9437e453-4ae0-4bc5-9754-119d32207718
5792,90471,Leicestershire,England,Shooting,November,2008,SP69,Species involved: Buzzard x1,No Link,de244c2f-431d-4657-8a08-ff58942e1c01
5793,89039,South Ayrshire,Scotland,Poisoning,May,2007,NS42,Species targeted: Birds of Prey. Species involved: poison bait (Pigeon Bait (Species Unknown) x1). Tested positive for: Carbofuran,No Link,47c6c2a8-2cdb-4a84-9a76-5921386f0a32
5794,102369,Leicestershire,England,Shooting,May,2021,SP69,Species involved: Peregrine Falcon x1,https://www.bbc.co.uk/news/uk-england-leicestershire-57029705,8ee0d8bd-1269-426a-ae5b-fb7b7a129969
5795,100401,East Ayrshire,Scotland,Poisoning,November,2018,NS42,Species involved: Buzzard x1. Tested positive for: Withheld,https://www.birdguides.com/news/buzzard-found-poisoned-in-ayrshire/,ca2cae85-2adf-4b96-8e0a-a4db577f1e87
5796,102661,Buckinghamshire,England,Shooting,August,2021,SP72,Species involved: Peregrine Falcon x1,https://www.birdguides.com/news/peregrine-shot-in-buckinghamshire/,1c57264f-f8c9-42c1-83cd-88d3f11cf624
5797,90586,East Ayrshire,Scotland,Poisoning,January,2009,NS43,Species targeted: Birds of Prey. Species involved: Cat x1. Tested positive for: Carbofuran,No Link,5e22431d-362b-4b14-82f7-2e83496b78cf
5798,93146,Leicestershire,England,Trapping,August,2010,SP79,"Species targeted: Birds of Prey, Owls",No Link,1eb6c207-d239-4124-aeef-159857ab0eb3
5799,104128,East Ayrshire,Scotland,Poisoning,June,2022,NS43,"Species involved: Peregrine Falcon x2. Tested positive for: Carbofuran, Withheld",No Link,165175f1-cae2-4ac5-9a35-8d33df9b42c2
5800,94802,Buckinghamshire,England,Poisoning,November,2011,SP80,"Species involved: Red Kite x1, Magpie x1, Rook x1. Tested positive for: Bendiocarb",No Link,8c90d208-0850-4a1e-96f1-753b4ba6a6f1
5801,101613,Renfrewshire,Scotland,Shooting,August,2020,NS46,Species involved: Peregrine Falcon x1,No Link,f601da4e-4d57-4119-a25c-feb85d20c603
5802,93056,Hertfordshire,England,Shooting,June,2010,SP81,Species involved: Red Kite x1,No Link,071064c4-c703-40ae-bba6-52ed6435e09f
5803,89931,East Ayrshire,Scotland,Poisoning,April,2008,NS53,Species targeted: Birds of Prey. Species involved: poison bait (Pigeon Bait (Species Unknown) x1). Tested positive for: Carbofuran,No Link,ea543b25-af2e-4278-999b-d7207d4ccfc2
5804,100500,Buckinghamshire,England,Shooting,May,2019,SP84,Species involved: Red Kite x1,No Link,783b5045-0da4-46a8-a207-fbc5cc0c0543
5805,93977,East Ayrshire,Scotland,Poisoning,April,2008,NS53,Species targeted: Birds of Prey. Species involved: poison bait (Pigeon Bait (Species Unknown) x1). Tested positive for: Carbofuran,No Link,f61c01a5-f1f3-41cf-919a-43dc44ba3bdb
5806,100126,Northamptonshire,England,Shooting,November,2018,SP86,Species involved: Buzzard x1,https://www.northantstelegraph.co.uk/news/buzzard-hit-with-shotgun-pellet-in-sywell-country-park-was-shot-days-before-it-had-to-be-put-down-vet-report-reveals-1-8746407,817b6c7d-603a-4bca-8d09-61e5978d2cec
5807,93978,East Ayrshire,Scotland,Poisoning,April,2008,NS53,Species targeted: Birds of Prey. Species involved: poison bait (Rabbit Bait x1). Tested positive for: Carbofuran,No Link,6b221444-bbc5-4016-9063-5300eaada1d2
5808,105891,Northamptonshire,England,Shooting,April,2024,SP87,Species involved: Tawny Owl x1,https://www.bbc.co.uk/news/articles/c3gqe1plgvxo,aeb4aebe-42dd-4d8d-9a4a-4cf224ed9c07
5809,93980,East Ayrshire,Scotland,Poisoning,April,2008,NS53,Species involved: Buzzard x2. Tested positive for: Carbofuran,No Link,0b132c5e-f99a-4db6-962d-63b9195e67a0
5810,91435,Northamptonshire,England,Poisoning,August,2008,SP88,Species involved: Red Kite x1. Tested positive for: Alphachloralose,No Link,82800dae-bc90-4340-8651-71723790968c
5811,92365,East Ayrshire,Scotland,Poisoning,April,2009,NS53,Species Involved: Buzzard x1; poison bait (Pigeon Bait (Species Unknown) x1). Tested positive for: Carbofuran,No Link,4418516c-919d-47fa-9025-a042082ca3ab
5812,93376,Northamptonshire,England,Poisoning,March,2010,SP88,Species involved: Red Kite x1. Tested positive for: Bendiocarb,No Link,c49d59eb-bf7e-4111-9c09-4b0d45a5763f
5813,95673,East Ayrshire,Scotland,Poisoning,March,2012,NS53,"Species targeted: Birds of Prey. Species involved: Cat x1. Tested positive for: Carbofuran, Isofenphos",No Link,53735f10-fbaf-4704-8184-803ca952630d
5814,93377,Northamptonshire,England,Poisoning,March,2010,SP88,Species involved: Red Kite x1. Tested positive for: Bendiocarb,No Link,e9469f1a-12ac-410d-b2d9-cb313a7ff656
5815,95674,East Ayrshire,Scotland,Poisoning,July,2012,NS53,"Species targeted: Birds of Prey. Species involved: Cat x1. Tested positive for: Carbofuran, Isofenphos",No Link,6935bb08-ad3d-40f1-b98d-fcab7c56ee18
5816,91340,Northamptonshire,England,Poisoning,August,2008,SP89,"Species Involved: Red Kite x1; poison bait (Pigeon Bait (Species Unknown) x1). Tested positive for: Alphachloralose, Brodifacoum",No Link,fc4386cd-501d-4710-809d-49d09713bfbd
5817,95489,Stirling,Scotland,Trapping,April,2012,NS58,Species involved: Tawny Owl x1,No Link,a5b566e7-6ca7-4d5a-a31f-f9d4f4f823d8
5818,102098,Bedfordshire,England,Poisoning,January,2020,SP92,Species involved: Red Kite x1. Tested positive for: Alphachloralose,No Link,cd791faa-6dec-4af5-bd3e-e8b7acedc557
5819,96236,Stirling,Scotland,Trapping,March,2013,NS59,Species involved: Buzzard x1,No Link,58822d43-cffe-4de4-87b0-8f455cd4ba00
5820,103320,Bedfordshire,England,Poisoning,January,2021,SP92,Species targeted: Birds of Prey. Species involved: Dog x1. Tested positive for: Strychnine,https://www.bedfordshirelive.co.uk/news/bedfordshire-news/dog-dies-owners-arms-after-4984919,042170bd-0a11-4d30-bfcb-aabe47d9dbf2
5821,94743,East Ayrshire,Scotland,Poisoning,August,2011,NS62,Species involved: Red Kite x1. Tested positive for: Carbofuran,No Link,1ef5b0ec-0c26-473c-a920-3cd49aa733b9
5822,98899,Bedfordshire,England,Shooting,February,2017,SP93,Species involved: Red Kite x1,https://community.rspb.org.uk/ourwork/b/investigations/archive/2018/04/04/red-kite-shot-through-the-heart-bedfordshire.aspx,4bee1903-a560-4fc8-a14b-5e2a70d735bd
5823,97011,East Ayrshire,Scotland,Shooting,June,2014,NS62,Species involved: Hen Harrier x1,No Link,e5bdbed7-fe5c-4188-aacc-d1f0e4a46041
5824,99674,Bedfordshire,England,Shooting,January,2017,SP93,Species involved: Red Kite x1,https://community.rspb.org.uk/ourwork/b/investigations/archive/2018/04/04/red-kite-shot-through-the-heart-bedfordshire.aspx,5d1a35ae-92b5-4a47-88d5-6c48c5af3bd7
5825,93652,East Ayrshire,Scotland,Persecution (Other),June,2010,NS63,Species targeted: Hen Harrier,No Link,200af15c-ffe9-4c7e-b994-c5b9c5935027
5826,97253,Northamptonshire,England,Shooting,April,2014,SP96,Species involved: Red Kite x1,No Link,a4087472-a730-4426-aafd-f8741761faa8
5827,92132,Glasgow City,Scotland,Persecution (Other),July,2009,NS66,Species involved: Sparrowhawk x1,No Link,8ada1646-ece1-4654-80a1-a1fc03308642
5828,99314,Bedfordshire,England,Shooting,August,2017,SP96,Species involved: Buzzard x1,No Link,53f2a8b2-fcac-4b28-9d48-7653b4b24a00
5829,95356,Stirling,Scotland,Trapping,May,2012,NS68,Species targeted: Birds of Prey,No Link,b5001aee-37f8-48dd-8764-bf9303fbca55
5830,100922,Northamptonshire,England,Poisoning,September,2019,SP97,"Species Involved: Red Kite x5, Buzzard x2, Carrion Crow x2; poison bait (Pheasant Bait x1). Tested positive for: Bendiocarb, Carbofuran",No Link,2454d684-9e8e-4425-bb6d-230ef1dd2035
5831,97391,Stirling,Scotland,Poisoning,July,2014,NS68,Species involved: Red Kite x1. Tested positive for: Carbofuran,No Link,74c896a1-ea1c-49e1-859d-a2ee3569e6f7
5832,90582,Northamptonshire,England,Shooting,December,2008,SP98,Species involved: Red Kite x1,No Link,52a85f24-38a1-4d39-bada-74089338d92b
5833,98096,Stirling,Scotland,Trapping,May,2015,NS68,Species involved: Red Kite x1,No Link,e618c0a7-d050-48a0-b249-c055a7ae0873
5834,90998,Rutland,England,Poisoning,September,2008,SP99,"Species involved: Red Kite x1. Tested positive for: Aldicarb, Carbofuran",No Link,2dc3f212-71eb-4e3c-a1d9-60f42ad1cc10
5835,93848,North Lanarkshire,Scotland,Poisoning,February,2011,NS75,Species involved: Peregrine Falcon x1. Tested positive for: Strychnine,No Link,3c34bcc7-3c27-41ca-b051-90b1f39d4d98
5836,92426,Northamptonshire,England,Shooting,December,2009,SP99,Species involved: Red Kite x1,No Link,83c0c24e-412c-4042-b96c-b4b939c969f6
5837,95341,North Lanarkshire,Scotland,Poisoning,February,2011,NS75,Species involved: Peregrine Falcon x1. Tested positive for: Strychnine,No Link,0ad5d753-9e80-48f1-84fc-8d8b233b4501
5838,92427,Northamptonshire,England,Shooting,June,2009,SP99,Species involved: Red Kite x1,No Link,aa45097d-2233-4032-83fd-0cc01802cd52
5839,98094,North Lanarkshire,Scotland,Shooting,April,2015,NS75,Species involved: Sparrowhawk x1,No Link,e4b553af-4d4e-4c0f-b514-8238a44d8caf
5840,99966,Northamptonshire,England,Shooting,July,2018,SP99,Species involved: Red Kite x1,https://community.rspb.org.uk/ourwork/b/investigations/posts/red-kite-shot-illegally-in-corby-northamptonshire-euthanised,67982e30-dc21-4ab6-8dac-866a9d03258a
5841,88299,Stirling,Scotland,Poisoning,May,2007,NS78,Species Involved: Peregrine Falcon x1; poison bait (Pigeon Bait (Species Unknown) x1). Tested positive for: Malathion,No Link,7ba122c3-7994-4b2e-9e25-bd224eefbb6c
5842,88949,Pembrokeshire,Wales,Poisoning,April,2007,SR99,Species Involved: Peregrine Falcon x1; poison bait (Pigeon Bait (Species Unknown) x1). Tested positive for: Alphachloralose,No Link,bf4fb909-0f2a-4523-9e61-ec246db5eee4
5843,98057,Stirling,Scotland,Poisoning,January,2015,NS78,Species involved: Peregrine Falcon x1. Tested positive for: Carbofuran,No Link,fcd0ba21-73c4-4c3d-ab87-953850fc2aea
5844,90387,Cornwall,England,Shooting,October,2008,SS20,Species involved: Barn Owl x1,No Link,6549fb64-bef7-47e2-ab7b-0691db8f82c9
5845,93086,Stirling,Scotland,Trapping,May,2010,NS79,"Species targeted: Sparrowhawk, Peregrine Falcon",No Link,91de17e1-ae39-449a-8716-839d363c9d8b
5846,93904,Swansea City,Wales,Poisoning,September,2010,SS48,"Species involved: Goshawk x1. Tested positive for: Benfuracarb, Carbofuran, Carbosulfan",No Link,b574c6fc-ee3d-4076-889e-c4af3ef068de
5847,93588,Stirling,Scotland,Poisoning,July,2010,NS79,Species targeted: Birds of Prey. Species involved: poison bait (Grouse Bait x1). Tested positive for: Mevinphos/Phosdrin,No Link,e71c7ef1-632d-479c-966c-facd670346c8
5848,101838,Devon,England,Poisoning,October,2020,SS61,"Species Involved: Buzzard x1; poison bait (Pheasant Bait x2). Tested positive for: Carbofuran, Isofenphos",No Link,0684dab2-60e1-4d3c-9542-b2931dbee6d4
5849,96214,Stirling,Scotland,Poisoning,March,2013,NS79,Species involved: Red Kite x1. Tested positive for: Mevinphos/Phosdrin,No Link,f7329d82-e4fb-4415-a331-53600d080772
5850,96459,Devon,England,Poisoning,April,2013,SS62,Species involved: Buzzard x2. Tested positive for: Carbofuran,No Link,e99baad8-ccda-4ae0-b610-546a78c32c02
5851,97444,Stirling,Scotland,Shooting,April,2014,NS79,Species involved: Peregrine Falcon x1,No Link,8c5a2cff-7cf6-4bfa-9cc1-33469ccef1de
5852,94206,Devon,England,Shooting,June,2009,SS72,Species involved: Buzzard x1,No Link,55877bf4-39c9-42b1-b0af-797b424c1e80
5853,93075,Dumfries and Galloway,Scotland,Nest Destruction,May,2010,NS80,Species involved: Peregrine Falcon x2 nest,No Link,42cab69e-9140-42f3-94a8-c2fff8b202bd
5854,94097,Somerset & Avon,England,Poisoning,March,2011,SS83,"Species involved: Red Kite x1. Tested positive for: Brodifacoum, Bromadiolone, Carbofuran, Difenacoum, Methiocarb",No Link,0b100dff-8d35-460d-9243-7f9a98c12004
5855,94273,Dumfries and Galloway,Scotland,Poisoning,May,2011,NS80,Species targeted: Birds of Prey. Species involved: Raven x1. Tested positive for: Carbofuran,No Link,d552c800-37f7-4086-b4fa-bab9796bcfda
5856,100546,Bridgend,Wales,Poisoning,April,2018,SS88,Species involved: Red Kite x1. Tested positive for: Bendiocarb,No Link,8ba452dd-84f3-4b3e-a475-e19f7b4dbca7
5857,104330,Dumfries and Galloway,Scotland,Shooting,June,2023,NS80,Species involved: Red Kite x1,https://www.bbc.co.uk/news/uk-scotland-south-scotland-66000518,7feda5b2-daad-44d7-a918-ba03e10f7086
5858,90914,Neath Port Talbot,Wales,Poisoning,November,2008,SS89,Species involved: Buzzard x1. Tested positive for: Aldicarb,No Link,5f540f5c-c2d7-4fca-8510-ce7cd81dd6e0
5859,88258,South Lanarkshire,Scotland,Poisoning,March,2007,NS81,Species involved: Buzzard x1. Tested positive for: Carbofuran,No Link,7a6919ae-e3c5-4c0b-a839-d801e13273ee
5860,97116,Somerset & Avon,England,Poisoning,May,2014,SS93,Species targeted: Birds of Prey. Species involved: Raven x1. Tested positive for: Carbofuran,No Link,e86abaf9-a336-466e-9d31-87cf6e1d9590
5861,88295,South Lanarkshire,Scotland,Poisoning,April,2007,NS81,Species involved: Red Kite x1. Tested positive for: Carbofuran,No Link,19bed135-d5e7-4b06-a5d8-d977b330269b
5862,99942,Vale of Glamorgan,Wales,Poisoning,March,2018,SS97,"Species involved: Buzzard x2, Peregrine Falcon x1. Tested positive for: Carbofuran, Carbofuran, Carbofuran, Carbofuran, Carbofuran, Other",https://raptorpersecutionscotland.wordpress.com/2018/06/30/peregrine-two-buzzards-found-poisoned-police-appeal-for-info/,ebabe106-7600-493f-bd30-3f98faa67639
5863,88513,Dumfries and Galloway,Scotland,Shooting,April,2007,NS81,Species involved: Birds of Prey x1,No Link,691c3d9e-df7f-43fb-aea8-9b8ecedc828b
5864,104109,Bridgend,Wales,Poisoning,August,2022,SS98,"Species Involved: Buzzard x2; poison bait (Pigeon (Feral) Bait x1). Tested positive for: Bendiocarb, Bendiocarb, Bendiocarb, Carbofuran",https://raptorpersecutionuk.org/2023/03/09/two-poisoned-buzzards-found-dead-next-to-poisoned-bait-in-wales-appeal-for-information-comes-7-months-later/,2ef40046-a116-4b5c-b826-049e496b6c3a
5865,88514,Dumfries and Galloway,Scotland,Shooting,May,2007,NS81,Species involved: Short-eared Owl x1,No Link,33d3c867-6c64-4a16-9262-138d55fbdd3a
5866,93810,Somerset & Avon,England,Poisoning,October,2010,ST02,Species involved: Buzzard x1. Tested positive for: Carbofuran,No Link,cc7d4995-e177-4f46-b214-468f0398ac84
5867,90597,South Lanarkshire,Scotland,Poisoning,November,2008,NS81,Species targeted: Birds of Prey. Species involved: Raven x3. Tested positive for: Carbofuran,No Link,bc4c8059-df8b-4dca-a491-b5c75c0ff90f
5868,90406,Vale of Glamorgan,Wales,Shooting,November,2008,ST06,Species involved: Buzzard x1,No Link,ef2fa06d-1f63-4cff-bc29-d4279ea47001
5869,92338,South Lanarkshire,Scotland,Poisoning,March,2009,NS81,Species targeted: Birds of Prey. Species involved: Raven x1. Tested positive for: Carbofuran,No Link,cb52623b-88a3-41df-a796-69c715e0d08d
5870,98767,Vale of Glamorgan,Wales,Shooting,December,2016,ST06,Species involved: Buzzard x1,No Link,2c38c728-78e4-411c-b853-4def56f2ec21
5871,92384,South Lanarkshire,Scotland,Poisoning,April,2009,NS81,Species targeted: Birds of Prey. Species involved: Raven x1. Tested positive for: Carbofuran,No Link,196f2698-7ea5-473a-b0f4-b8c5172fe378
5872,103274,Merthyr Tydfil,Wales,Trapping,March,2022,ST09,Species targeted: Birds of Prey,No Link,cba4fb27-640d-4b75-aae9-ed7250b48ac4
5873,93037,Dumfries and Galloway,Scotland,Poisoning,March,2010,NS81,"Species involved: Buzzard x1. Tested positive for: Carbofuran, Carbosulfan",No Link,3ee96f32-44c6-4d91-bf3e-14f0fa079faf
5874,98674,Devon,England,Trapping,August,2016,ST10,Species targeted: Birds of Prey,No Link,90ffbe49-07da-458c-ae57-4b156bba0bed
5875,93393,Dumfries and Galloway,Scotland,Poisoning,April,2010,NS81,"Species targeted: Birds of Prey. Species involved: Carrion Crow x1. Tested positive for: Carbofuran, Carbosulfan",No Link,4e6b70d0-13fa-4b52-b00b-4780c1437e17
5876,96949,Somerset & Avon,England,Shooting,December,2014,ST11,Species involved: Buzzard x1,No Link,1a51c1e4-9995-4ab7-9f47-fe1ac838141d
5877,93608,South Lanarkshire,Scotland,Shooting,October,2010,NS81,Species involved: Short-eared Owl x1,No Link,c5b23ed9-f1c0-4969-aa09-ec51504e9f3e
5878,96060,Somerset & Avon,England,Shooting,May,2013,ST12,Species involved: Buzzard x1,No Link,11ccd323-b850-4b42-9c6d-640cfc8d937b
5879,95414,Dumfries and Galloway,Scotland,Shooting,October,2012,NS81,Species involved: Golden Eagle x1,https://www.bbc.co.uk/news/uk-scotland-south-scotland-19886345,2c8f867a-02bb-48d2-901c-83a401a3531c
5880,91277,Somerset & Avon,England,Poisoning,September,2008,ST23,Species Involved: Buzzard x1; poison bait (Pheasant Bait x1). Tested positive for: Carbofuran,No Link,f273deb7-e57d-4d9e-83ac-ede51febc6ab
5881,95946,South Lanarkshire,Scotland,Shooting,August,2013,NS81,Species involved: Red Kite x1,https://raptorpersecutionscotland.wordpress.com/2013/08/22/red-kite-found-shot-at-leadhills/,e0161b6c-fe3c-4e10-8715-b20ed6fe8449
5882,98843,Somerset & Avon,England,Shooting,December,2016,ST33,Species involved: Buzzard x1,http://www.bridgwatermercury.co.uk/news/15010779.Buzzard_shooting_leads_to_RSPCA_appeal/,c773cf3e-4146-4bd2-9835-e8871a275618
5883,96213,South Lanarkshire,Scotland,Poisoning,March,2013,NS81,Species targeted: Birds of Prey. Species involved: poison bait (Rabbit Bait). Tested positive for: Carbofuran,No Link,fd15880f-3737-4c7e-9544-6fd5de03f872
5884,97562,Somerset & Avon,England,Shooting,March,2015,ST52,Species involved: Peregrine Falcon x1,No Link,ea35996c-6406-4389-b04a-4fc3b349576f
5885,99523,South Lanarkshire,Scotland,Shooting,May,2017,NS81,Species involved: Hen Harrier x1,https://www.rspb.org.uk/about-the-rspb/about-us/media-centre/press-releases/rspb-scotland-echoes-police-scotland-appeal-for-information-after-rare-hen-harrier-is-shot-in-south-lanarkshire/,ed20ebed-1411-4d29-91b9-6d5a015745d8
5886,96481,Monmouthshire,Wales,Shooting,May,2013,ST59,Species involved: Peregrine Falcon x1,No Link,73f1b3b8-cd8f-4e8a-aae0-b07aa2d826d6
5887,99690,South Lanarkshire,Scotland,Shooting,February,2018,NS81,Species involved: Buzzard x1,https://www.carlukegazette.co.uk/news/crime/police-need-info-on-buzzard-that-was-shot-1-4723237,47fee643-45af-4cfe-aaee-db4d1e86684e
5888,96495,Somerset & Avon,England,Shooting,August,2013,ST66,Species involved: Peregrine Falcon x1,https://www.bbc.co.uk/news/av/uk-england-gloucestershire-23775216/whitchurch-peregrine-falcon-recovering-after-being-shot,a76ed016-5929-49e0-966f-285755f7ec1f
5889,100404,South Lanarkshire,Scotland,Shooting,January,2018,NS81,Species involved: Buzzard x1,https://www.carlukegazette.co.uk/news/crime/police-need-info-on-buzzard-that-was-shot-1-4723237,d9948122-b0d4-4cc6-bc52-b9e12d44391f
5890,99774,Somerset & Avon,England,Shooting,September,2017,ST67,Species involved: Sparrowhawk x1,No Link,8e47be46-f9d1-4bee-bd98-55f27d37156a
5891,100506,South Lanarkshire,Scotland,Persecution (Other),May,2019,NS81,Species targeted: Birds of Prey. Possession of: Carbosulfan,No Link,c3714d8e-8f84-4e23-8bc1-7ca818da4d18
5892,101811,Somerset & Avon,England,Trapping,January,2021,ST67,Species targeted: Birds of Prey,No Link,0d9d577c-de22-4e92-9249-1893a7c839c6
5893,100597,Dumfries and Galloway,Scotland,Shooting,June,2019,NS81,Species involved: Hen Harrier x1,https://www.bbc.co.uk/news/uk-scotland-south-scotland-50712476,23667fbe-d14d-4f40-b4f0-199b9ca3ea58
5894,100142,Somerset & Avon,England,Trapping,November,2018,ST68,Species involved: Sparrowhawk x1,No Link,4a1e23e8-96da-4a2d-a061-7a352c8e22e9
5895,101647,South Lanarkshire,Scotland,Shooting,May,2020,NS81,Species involved: Hen Harrier x1,https://theferret.scot/police-bird-of-prey-incidents-sporting-estate/,3f21d83f-d5b4-4d66-b55f-5ff8e20bf184
5896,92915,Dorset,England,Shooting,February,2008,ST70,Species involved: Buzzard x1,No Link,ea16791f-6eaa-4478-a08c-3ae4384cf6e4
5897,101889,South Lanarkshire,Scotland,Shooting,July,2020,NS81,Species involved: Short-eared Owl x1,https://theferret.scot/police-bird-of-prey-incidents-sporting-estate/,c628a31b-73aa-4179-b675-88d8fbb1be85
5898,95200,Somerset & Avon,England,Persecution (Other),February,2012,ST72,Species targeted: Birds of Prey. Possession of: Fenthion,No Link,034873ca-9462-4845-817f-5020cb802dc7
5899,101892,South Lanarkshire,Scotland,Persecution (Other),July,2020,NS81,Species targeted: Birds of Prey. Possession of: Carbofuran,https://www.dailyrecord.co.uk/news/scottish-news/illegal-toxic-poison-discovered-scots-23523011,807f5fc6-24f0-4ba2-a5f5-b31704f90671
5900,102518,Somerset & Avon,England,Nest Destruction,April,2021,ST75,Species targeted: Kestrel nest,No Link,4b374779-7259-447d-8f42-086490ba4bcf
5901,91724,South Lanarkshire,Scotland,Poisoning,April,2009,NS82,Species targeted: Birds of Prey. Species involved: poison bait (Rabbit Bait x1). Tested positive for: Carbofuran,No Link,9b1370d4-a847-4257-b7c8-760db7a0bf9b
5902,92335,South Lanarkshire,Scotland,Poisoning,March,2009,NS82,Species targeted: Birds of Prey. Species involved: poison bait (Rabbit Bait x1). Tested positive for: Carbofuran,No Link,e1b6c8ae-6a8e-4854-a314-efc335729686
5903,102172,Gloucestershire,England,Poisoning,January,2021,ST79,"Species involved: Buzzard x4, Raven x11. Tested positive for: Bendiocarb",No Link,c07f9738-0dee-46e5-9a09-a4d992dbff15
5904,88517,Wiltshire,England,Shooting,March,2007,ST86,Species involved: Buzzard x1,No Link,9bca243d-a9ba-49a2-8f43-ecadecbeabfd
5905,94839,South Lanarkshire,Scotland,Trapping,March,2011,NS82,Species targeted: Birds of Prey,No Link,c24acec1-066c-4397-a85d-982c79eb7dbc
5906,95125,South Lanarkshire,Scotland,Shooting,December,2011,NS82,Species involved: Buzzard x1,No Link,9a664d3e-1722-4bf6-b364-7afade376385
5907,88518,Wiltshire,England,Shooting,April,2007,ST86,Species involved: Kestrel x1,No Link,bb1e6548-94fe-4ded-adb4-a61f45169d07
5908,100397,South Lanarkshire,Scotland,Trapping,January,2019,NS82,Species involved: Buzzard x1,https://community.rspb.org.uk/ourwork/b/investigations/posts/buzzard-crow-cage-trap-grouse-moor-scotland,22c75564-8b54-414c-8932-c8f65ba24aa7
5909,101843,Dorset,England,Shooting,September,2020,ST91,Species involved: Buzzard x1,No Link,8a137e84-d5d6-4b83-9e2b-d7537cca4953
5910,98111,South Lanarkshire,Scotland,Trapping,September,2015,NS84,Species targeted: Birds of Prey,No Link,35ece71e-8320-4b23-8a2e-38c1df0fa66c
5911,94294,Wiltshire,England,Trapping,July,2008,ST92,"Species targeted: Birds of Prey, Owls",No Link,c22e7039-e3c2-42d0-90b9-5ca404e72cae
5912,93817,Dorset,England,Trapping,May,2011,SU01,Species targeted: Birds of Prey. Species involved: Rat x1,No Link,b8edcb85-5ea3-4b87-b7cf-b223dd7b3e5e
5913,101802,Dorset,England,Poisoning,November,2020,SU01,Species Involved: Red Kite x1; poison bait (Rat x1). Tested positive for: Bendiocarb,No Link,161dd77d-4448-4fba-bbd6-d3b046f8ea58
5914,100359,Stirling,Scotland,Shooting,April,2019,NS88,Species involved: Sparrowhawk x1,https://www.birdguides.com/news/pigeon-fancier-fined-after-killing-sparrowhawk/,481b2b54-8ca4-47e2-ab4d-ab737d5c520e
5915,101844,Dorset,England,Shooting,August,2020,SU01,Species involved: Buzzard x1,No Link,a79d63a3-ca7a-432e-b9ed-53e20026a3ce
5916,89984,Dumfries and Galloway,Scotland,Poisoning,June,2008,NS90,"Species involved: Buzzard x1. Tested positive for: Carbofuran, Isofenphos",No Link,0e32c9c0-f038-4618-8c25-e0071aab6810
5917,101846,Dorset,England,Shooting,September,2020,SU01,Species involved: Buzzard x1,No Link,f24016fc-e362-42c1-a4a0-4703a847700c
5918,94738,Dumfries and Galloway,Scotland,Poisoning,July,2011,NS90,Species involved: Red Kite x1. Tested positive for: Carbofuran,No Link,823d50df-7884-4127-8416-2e0d7ee6216e
5919,97982,Dumfries and Galloway,Scotland,Shooting,March,2015,NS90,Species involved: Hen Harrier x1,https://raptorpersecutionscotland.wordpress.com/2015/08/11/langholm-hen-harrier-annie-found-shot-dead-on-scottish-grouse-moor/,d234a7cd-156c-4e43-8d4a-6925074394ec
5920,89539,South Lanarkshire,Scotland,Poisoning,May,2007,NS91,Species involved: Buzzard x1. Tested positive for: Carbofuran,No Link,cdde2457-5123-4f27-931d-b4935d26c212
5921,90310,South Lanarkshire,Scotland,Poisoning,October,2008,NS91,Species Involved: Buzzard x1; poison bait (Rabbit Bait x1). Tested positive for: Carbofuran,No Link,3c45a13b-b531-489b-90ea-6f4379e9d0b9
5922,95630,South Lanarkshire,Scotland,Nest Destruction,June,2012,NS91,Species targeted: Goshawk nest,No Link,d7f5f755-c700-403c-af8c-c3a72cdf0278
5923,95678,South Lanarkshire,Scotland,Shooting,March,2013,NS91,Species involved: Buzzard x1,No Link,9ef806a0-0022-42bf-929c-7eb71588b178
5924,95788,South Lanarkshire,Scotland,Shooting,June,2013,NS91,Species involved: Red Kite x1,No Link,492075d3-4302-424a-b628-24cedad0db71
5925,99522,South Lanarkshire,Scotland,Shooting,May,2017,NS91,Species involved: Short-eared Owl x1,https://www.carlukegazette.co.uk/news/crime/police-appeal-on-shooting-of-owl-at-leadhills-estate-1-4486693,15cc6fe6-8020-46ec-888e-20fae937fd11
5926,100569,South Lanarkshire,Scotland,Trapping,May,2019,NS91,Species involved: Hen Harrier x1,https://www.birdguides.com/news/hen-harrier-dies-after-being-caught-in-illegal-spring-trap/,520411cc-aa98-400f-baf2-4d1fbe47768d
5927,92386,South Lanarkshire,Scotland,Persecution (Other),April,2009,NS92,Species targeted: Birds of Prey. Possession of: Carbofuran,No Link,b19e199f-c561-46a0-b90f-1568c66acd15
5928,95786,South Lanarkshire,Scotland,Shooting,June,2012,NS92,Species involved: Buzzard x1,No Link,aa09e5ec-b918-4b39-9a67-ba5829dcb69f
5929,96822,South Lanarkshire,Scotland,Poisoning,February,2014,NS92,Species involved: Peregrine Falcon x1. Tested positive for: Carbofuran,No Link,e9a4fc8b-ce97-4eb9-9ced-b84504d42395
5930,100567,South Lanarkshire,Scotland,Trapping,July,2019,NS92,Species targeted: Birds of Prey,No Link,3843ee66-6ac9-47ad-b395-da21db89a79c
5931,93733,South Lanarkshire,Scotland,Poisoning,November,2010,NS93,Species Involved: Buzzard x1; poison bait (Pheasant Bait x1). Tested positive for: Carbofuran,No Link,344ac479-f1e7-42f3-9427-5c86dd68dc43
5932,94565,South Lanarkshire,Scotland,Persecution (Other),January,2011,NS93,Species targeted: Birds of Prey. Possession of: Carbofuran,No Link,19e02dc6-c8fc-4399-b52b-3514c4a5c3f6
5933,97029,South Lanarkshire,Scotland,Poisoning,January,2014,NS93,"Species targeted: Birds of Prey. Species involved: Rook x1; poison bait (Rabbit Bait x1, Hare Bait x1). Tested positive for: Alphachloralose, Carbofuran",No Link,128a5363-eabf-4660-b3ad-92e4ecc4fba6
5934,96259,South Lanarkshire,Scotland,Trapping,February,2013,NS94,Species involved: Buzzard x1,No Link,c7c9aefd-da93-41c6-a1e2-061ce37be900
5935,100909,South Lanarkshire,Scotland,Trapping,February,2013,NS94,Species involved: Buzzard x1,No Link,394efa16-9bd1-4967-bd83-0def9930ddb2
5936,100910,Inverclyde,Scotland,Trapping,February,2013,NS94,Species involved: Sparrowhawk x1,No Link,58bcac2c-c64c-4060-a7fe-4c1c4941228a
5937,100911,South Lanarkshire,Scotland,Trapping,February,2013,NS94,Species involved: Short-eared Owl x1,No Link,fc45cb04-ff27-4700-bff3-8e106f5bebac
5938,92745,Falkirk,Scotland,Shooting,January,2009,NS97,Species involved: Buzzard x1,No Link,bf6dde0c-9ad2-43e3-9635-7c1dc0aceefc
5939,97387,Falkirk,Scotland,Shooting,June,2014,NS97,Species involved: Buzzard x1,No Link,32ac3cc9-e8ca-4685-be33-05f0fec5b0cd
5940,89890,South Lanarkshire,Scotland,Trapping,March,2008,NT03,Species involved: Buzzard x1,No Link,4d06cbd1-5bce-43f4-adcc-2f0945141a93
5941,92159,South Lanarkshire,Scotland,Poisoning,October,2009,NT03,Species Involved: Buzzard x1; poison bait (Rabbit Bait x1). Tested positive for: Alphachloralose,No Link,060736a4-b419-465d-988d-6c52a6bcbba4
5942,92308,South Lanarkshire,Scotland,Persecution (Other),November,2009,NT03,Species targeted: Birds of Prey. Possession of: Alphachloralose,No Link,96337d7f-d233-4484-8cd9-cc222d2eb574
5943,92309,South Lanarkshire,Scotland,Persecution (Other),November,2009,NT03,Species targeted: Birds of Prey. Possession of: Alphachloralose,No Link,3082a6eb-b95a-4355-a573-ff8b57f8c53c
5944,92318,South Lanarkshire,Scotland,Poisoning,November,2009,NT03,Species targeted: Birds of Prey. Species involved: poison bait (Rabbit Bait x1). Tested positive for: Alphachloralose,No Link,07a54d02-c11a-4da3-b77e-4405f005688d
5945,92319,South Lanarkshire,Scotland,Poisoning,November,2009,NT03,Species involved: Buzzard x1. Tested positive for: Alphachloralose,No Link,226acf24-877d-402a-8132-46d4b7037668
5946,92320,South Lanarkshire,Scotland,Poisoning,November,2009,NT03,Species involved: Buzzard x2. Tested positive for: Alphachloralose,No Link,7b2538a0-8560-433d-9bb9-26374b11de1b
5947,98978,Scottish Borders,Scotland,Trapping,May,2016,NT03,Species targeted: Birds of Prey,No Link,be93b43a-8a2b-454e-8fff-0d9e3be5b097
5948,98979,Scottish Borders,Scotland,Trapping,February,2016,NT03,Species targeted: Birds of Prey,No Link,ad8c839a-c5b0-4915-8caa-64983a156667
5949,98980,Scottish Borders,Scotland,Trapping,May,2016,NT03,Species targeted: Birds of Prey,No Link,eb48db8f-3355-4892-96d7-60ea4aba83b5
5950,94795,Fife,Scotland,Shooting,April,2011,NT08,Species involved: Birds of Prey x1,No Link,9ce3aff7-5e5b-45c8-9206-26b27f749b44
5951,93452,Perth and Kinross,Scotland,Poisoning,October,2010,NT09,"Species involved: Buzzard x2. Tested positive for: Carbofuran, Isofenphos",No Link,654f8eaf-34ec-4fb0-ab93-0c7b1c0c4f3c
5952,97065,Scottish Borders,Scotland,Trapping,March,2014,NT12,Species targeted: Birds of Prey,No Link,8120e142-f606-4c81-bcf7-ed0be3ee3bf6
5953,88722,Scottish Borders,Scotland,Poisoning,August,2007,NT13,Species involved: Golden Eagle x1. Tested positive for: Carbofuran,No Link,6aa56f44-e4ee-4100-9436-db523580f5d7
5954,97388,Scottish Borders,Scotland,Shooting,November,2014,NT14,Species involved: Buzzard x1,No Link,2d5de346-c7b6-4688-9fbb-5b1173f9e2f9
5955,88397,Edinburgh City,Scotland,Nest Destruction,June,2007,NT16,Species involved: Peregrine Falcon x3 nest,No Link,ebb25108-921d-4c9c-b0d0-1afaa423dd88
5956,94054,West Lothian,Scotland,Poisoning,May,2010,NT16,Species involved: Peregrine Falcon x1. Tested positive for: Aldicarb,No Link,739c3971-92b8-4fe1-b7b4-3751feb9c8a1
5957,94055,West Lothian,Scotland,Poisoning,April,2010,NT16,Species involved: Peregrine Falcon x1. Tested positive for: Aldicarb,No Link,8218838d-73fd-4998-b582-690c3598309a
5958,99414,Midlothian,Scotland,Nest Destruction,June,2017,NT16,Species targeted: Merlin nest,No Link,228cbb90-68c2-4e96-bb55-3a1b1147ceb2
5959,100232,Midlothian,Scotland,Poisoning,May,2018,NT16,Species involved: Peregrine Falcon x1. Tested positive for: Bendiocarb,https://www.bbc.co.uk/news/uk-scotland-edinburgh-east-fife-45810829,e3d7678f-6b13-4a5e-9497-0a2ce3d9d064
5960,104778,Edinburgh City,Scotland,Trapping,November,2023,NT16,Species involved: Peregrine Falcon x1,https://raptorpersecutionuk.org/2023/11/28/peregrine-found-dead-in-illegal-pole-trap-in-pentland-hills-police-scotland-appeals-for-information/,144fec99-a589-4140-b2ce-07faa5b60f92
5961,101899,Dorset,England,Persecution (Other),March,2021,SU01,Species targeted: Birds of Prey. Possession of: Bendiocarb,No Link,bd2855b3-679b-468b-a2a0-f54c163af47f
5962,103030,Edinburgh City,Scotland,Shooting,December,2021,NT17,Species involved: Buzzard x1,No Link,72e2565c-0f86-4f5f-a9c0-47cee030440d
5963,102038,Dorset,England,Shooting,March,2021,SU01,Species involved: Buzzard x1,No Link,cce2d3e0-a581-4323-a308-d43c161b988d
5964,97390,Fife,Scotland,Poisoning,April,2014,NT19,Species involved: Buzzard x1. Tested positive for: Carbofuran,No Link,0acbabb7-4a43-4ffc-82b9-d5b82b810353
5965,95680,Scottish Borders,Scotland,Shooting,March,2013,NT22,Species involved: Buzzard x1,No Link,fdd4d604-9025-483f-80e7-74107ad87f61
5966,101111,Scottish Borders,Scotland,Nest Destruction,April,2020,NT22,Species targeted: Hen Harrier nest,No Link,dcdb5102-39a7-490c-8854-76f80717397f
5967,94794,Midlothian,Scotland,Shooting,July,2011,NT23,Species involved: Goshawk x2,No Link,ca4ed241-91ad-45bc-b3a8-8444881b0672
5968,88231,Midlothian,Scotland,Shooting,March,2007,NT25,Species involved: Buzzard x1,No Link,bfa8fb4d-4d12-47e6-87ae-997cbabeaef8
5969,102039,Dorset,England,Shooting,February,2021,SU01,Species involved: Buzzard x1,No Link,4c979b58-7fb5-4a93-a849-2008350b7912
5970,102040,Dorset,England,Shooting,February,2021,SU01,Species involved: Buzzard x1,No Link,73d44fb5-fc1e-491e-9818-37685c58fc8c
5971,102041,Dorset,England,Shooting,February,2021,SU01,Species involved: Buzzard x1,No Link,0345d7a9-b98a-438b-8737-a0ae5dfa41ee
5972,102042,Dorset,England,Shooting,March,2021,SU01,Species involved: Buzzard x1,No Link,9a937129-3de7-4ad4-8040-0f0c3a5f636f
5973,102043,Dorset,England,Shooting,February,2021,SU01,Species involved: Buzzard x1,No Link,d00a5e83-7a73-41c4-b407-39ce14295296
5974,102044,Dorset,England,Shooting,March,2021,SU01,Species involved: Buzzard x1,No Link,e260c8e6-966c-41ce-bfc7-2480f624c8c5
5975,102045,Dorset,England,Shooting,March,2021,SU01,Species involved: Buzzard x1,No Link,1a8c4a7c-931e-4de9-b65b-87ac22950df4
5976,103759,Dorset,England,Persecution (Other),March,2021,SU01,Species involved: Buzzard x1,No Link,198502a8-94c8-43f4-8007-02803e989168
5977,103761,Dorset,England,Persecution (Other),March,2021,SU01,Species involved: Buzzard x1,No Link,3d001f5f-06aa-4d21-beac-466b3ad0d0d5
5978,103762,Dorset,England,Persecution (Other),Withheld,2021,SU01,Species involved: Buzzard x1,No Link,48d723c3-54eb-4894-aaef-ce3b9ca8ba89
5979,103189,Dorset,England,Poisoning,January,2022,SU01,Species involved: White-tailed Eagle x1. Tested positive for: Brodifacoum,#N/A,6d69c30f-9330-4870-b479-a5a868825925
5980,101705,Wiltshire,England,Persecution (Other),August,2020,SU06,Species involved: Red Kite x1,https://community.rspb.org.uk/ourwork/b/investigations/posts/community-order-for-gamekeeper-after-birds-of-prey-found-down-wiltshire-well,7a91a269-bd65-49d1-8a63-41f20e345649
5981,101706,Wiltshire,England,Persecution (Other),August,2020,SU06,Species involved: Buzzard x1,https://community.rspb.org.uk/ourwork/b/investigations/posts/community-order-for-gamekeeper-after-birds-of-prey-found-down-wiltshire-well,77204053-1cbd-4f6e-84df-2103f8de0e44
5982,101708,Wiltshire,England,Persecution (Other),August,2020,SU06,Species involved: Buzzard x1,https://community.rspb.org.uk/ourwork/b/investigations/posts/community-order-for-gamekeeper-after-birds-of-prey-found-down-wiltshire-well,addba4b5-b834-4517-94aa-63a147a0e42a
5983,101709,Wiltshire,England,Persecution (Other),August,2020,SU06,Species involved: Buzzard x1,https://community.rspb.org.uk/ourwork/b/investigations/posts/community-order-for-gamekeeper-after-birds-of-prey-found-down-wiltshire-well,63851169-3422-4ab8-b863-0e4bc398ed18
5984,101710,Wiltshire,England,Persecution (Other),August,2020,SU06,Species involved: Buzzard x1,https://community.rspb.org.uk/ourwork/b/investigations/posts/community-order-for-gamekeeper-after-birds-of-prey-found-down-wiltshire-well,50f2b836-594c-4a17-8c32-14d397b72e75
5985,101711,Wiltshire,England,Persecution (Other),August,2020,SU06,Species involved: Buzzard x1,https://community.rspb.org.uk/ourwork/b/investigations/posts/community-order-for-gamekeeper-after-birds-of-prey-found-down-wiltshire-well,b871120c-21e4-4d5b-b5fa-43f2c998e377
5986,101712,Wiltshire,England,Persecution (Other),August,2020,SU06,Species involved: Buzzard x1,https://community.rspb.org.uk/ourwork/b/investigations/posts/community-order-for-gamekeeper-after-birds-of-prey-found-down-wiltshire-well,08555963-660c-44f5-9aa0-7aa88535c77f
5987,101713,Wiltshire,England,Persecution (Other),August,2020,SU06,Species involved: Buzzard x1,https://community.rspb.org.uk/ourwork/b/investigations/posts/community-order-for-gamekeeper-after-birds-of-prey-found-down-wiltshire-well,37eb4f70-b85b-4d9e-9067-08ebd2bdfcbd
5988,101714,Wiltshire,England,Persecution (Other),August,2020,SU06,Species involved: Red Kite x1,https://community.rspb.org.uk/ourwork/b/investigations/posts/community-order-for-gamekeeper-after-birds-of-prey-found-down-wiltshire-well,b177e0c7-6e45-4225-a368-530d7ac99074
5989,101715,Wiltshire,England,Persecution (Other),August,2020,SU06,Species involved: Buzzard x1,https://community.rspb.org.uk/ourwork/b/investigations/posts/community-order-for-gamekeeper-after-birds-of-prey-found-down-wiltshire-well,1ebcb84e-f8ce-4af2-8e20-8e5792f9b5ba
5990,101716,Wiltshire,England,Persecution (Other),August,2020,SU06,Species involved: Buzzard x1,https://community.rspb.org.uk/ourwork/b/investigations/posts/community-order-for-gamekeeper-after-birds-of-prey-found-down-wiltshire-well,11f500ba-4f5e-4df2-a547-f22a0884ecd1
5991,101717,Wiltshire,England,Persecution (Other),August,2020,SU06,Species involved: Buzzard x1,https://community.rspb.org.uk/ourwork/b/investigations/posts/community-order-for-gamekeeper-after-birds-of-prey-found-down-wiltshire-well,b09171e8-9e90-41bc-9649-ab38cde30b94
5992,101718,Wiltshire,England,Persecution (Other),August,2020,SU06,Species involved: Buzzard x1,https://community.rspb.org.uk/ourwork/b/investigations/posts/community-order-for-gamekeeper-after-birds-of-prey-found-down-wiltshire-well,016bcca4-83c4-4833-b23e-2ce46171e814
5993,101946,Wiltshire,England,Persecution (Other),September,2020,SU06,Species targeted: Birds of Prey. Possession of: Bendiocarb,https://community.rspb.org.uk/ourwork/b/investigations/posts/community-order-for-gamekeeper-after-birds-of-prey-found-down-wiltshire-well,c56ebca6-67b2-42bc-ab78-71f80b677716
5994,101947,Wiltshire,England,Persecution (Other),September,2020,SU06,Species involved: Red Kite x1,https://community.rspb.org.uk/ourwork/b/investigations/posts/community-order-for-gamekeeper-after-birds-of-prey-found-down-wiltshire-well,9838eda2-5e86-48df-a88c-6ea4482473b3
5995,101948,Wiltshire,England,Persecution (Other),September,2020,SU06,Species involved: Red Kite x1,https://community.rspb.org.uk/ourwork/b/investigations/posts/community-order-for-gamekeeper-after-birds-of-prey-found-down-wiltshire-well,24e1796f-b872-4fe9-8cfa-84a6d247cdc4
5996,103129,Wiltshire,England,Shooting,July,2021,SU08,Species involved: Peregrine Falcon x1,No Link,f28d407e-76ad-45fd-8b31-cdbda037acda
5997,105014,Wiltshire,England,Shooting,February,2024,SU08,Species involved: Red Kite x1,https://www.nwcu.police.uk/news/wildlife-crime-press-coverage/shot-red-kite-found-in-wiltshire/,2c6a0a06-fc53-4c02-bd66-57d057fa5fe4
5998,100957,Wiltshire,England,Poisoning,January,2019,SU13,"Species involved: Red Kite x1, Raven x3, Fox x1. Tested positive for: Bendiocarb",No Link,09fc54d0-2878-4245-995b-80aca26adafb
5999,101512,Wiltshire,England,Shooting,October,2020,SU16,Species involved: Red Kite x1,No Link,723d916f-49de-487d-a501-95cfd5a4ddc5
